1.216095 0.056314 -0.411258
1.216095 0.046314 -0.411258
1.220284 0.056314 -0.429496
1.220284 0.046314 -0.429496
1.223930 0.056314 -0.447913
1.223930 0.046314 -0.447913
1.227023 0.056314 -0.466484
1.227023 0.046314 -0.466484
1.229555 0.056314 -0.485184
1.229555 0.046314 -0.485184
1.231517 0.056314 -0.503988
1.231517 0.046314 -0.503988
1.232905 0.056314 -0.522870
1.232905 0.046314 -0.522870
1.233715 0.056314 -0.541804
1.233715 0.046314 -0.541804
1.233944 0.056314 -0.560762
1.233944 0.046314 -0.560762
1.233591 0.056314 -0.579718
1.233591 0.046314 -0.579718
1.232657 0.056314 -0.598646
1.232657 0.046314 -0.598646
1.231146 0.056314 -0.617518
1.231146 0.046314 -0.617518
1.229060 0.056314 -0.636309
1.229060 0.046314 -0.636309
1.226407 0.056314 -0.654993
1.226407 0.046314 -0.654993
1.223192 0.056314 -0.673543
1.223192 0.046314 -0.673543
1.219425 0.056314 -0.691935
1.219425 0.046314 -0.691935
1.215117 0.056314 -0.710146
1.215117 0.046314 -0.710146
1.215117 0.056314 -0.710146
1.215117 0.046314 -0.710146
1.740171 0.056314 -0.709751
1.740171 0.046314 -0.709751
1.740171 0.056314 -0.709751
1.740171 0.046314 -0.709751
1.739946 0.056314 -0.410864
1.739946 0.046314 -0.410864
1.739946 0.056314 -0.410864
1.739946 0.046314 -0.410864
1.216095 0.056314 -0.411258
1.216095 0.046314 -0.411258
1.215117 0.056314 -0.710146
1.216095 0.056314 -0.411258
1.220284 0.056314 -0.429496
1.223930 0.056314 -0.447913
1.227023 0.056314 -0.466484
1.229555 0.056314 -0.485184
1.231517 0.056314 -0.503988
1.232905 0.056314 -0.522870
1.233715 0.056314 -0.541804
1.233944 0.056314 -0.560762
1.233591 0.056314 -0.579718
1.232657 0.056314 -0.598646
1.231146 0.056314 -0.617518
1.229060 0.056314 -0.636309
1.226407 0.056314 -0.654993
1.223192 0.056314 -0.673543
1.219425 0.056314 -0.691935
1.740171 0.056314 -0.709751
1.739946 0.056314 -0.410864
1.215117 0.046314 -0.710146
1.216095 0.046314 -0.411258
1.220284 0.046314 -0.429496
1.223930 0.046314 -0.447913
1.227023 0.046314 -0.466484
1.229555 0.046314 -0.485184
1.231517 0.046314 -0.503988
1.232905 0.046314 -0.522870
1.233715 0.046314 -0.541804
1.233944 0.046314 -0.560762
1.233591 0.046314 -0.579718
1.232657 0.046314 -0.598646
1.231146 0.046314 -0.617518
1.229060 0.046314 -0.636309
1.226407 0.046314 -0.654993
1.223192 0.046314 -0.673543
1.219425 0.046314 -0.691935
1.740171 0.046314 -0.709751
1.739946 0.046314 -0.410864
1.216095 0.060386 -0.411258
1.216095 0.050386 -0.411258
1.215804 0.060386 -0.411258
1.215804 0.050386 -0.411258
1.215804 0.060386 -0.411258
1.215804 0.050386 -0.411258
1.073574 0.060386 -0.439114
1.073574 0.050386 -0.439114
1.073574 0.060386 -0.439114
1.073574 0.050386 -0.439114
1.077209 0.060386 -0.454007
1.077209 0.050386 -0.454007
1.080371 0.060386 -0.469067
1.080371 0.050386 -0.469067
1.083049 0.060386 -0.484270
1.083049 0.050386 -0.484270
1.085235 0.060386 -0.499594
1.085235 0.050386 -0.499594
1.086922 0.060386 -0.515015
1.086922 0.050386 -0.515015
1.088104 0.060386 -0.530507
1.088104 0.050386 -0.530507
1.088777 0.060386 -0.546047
1.088777 0.050386 -0.546047
1.088938 0.060386 -0.561609
1.088938 0.050386 -0.561609
1.088588 0.060386 -0.577168
1.088588 0.050386 -0.577168
1.087727 0.060386 -0.592699
1.087727 0.050386 -0.592699
1.086357 0.060386 -0.608176
1.086357 0.050386 -0.608176
1.084483 0.060386 -0.623575
1.084483 0.050386 -0.623575
1.082112 0.060386 -0.638871
1.082112 0.050386 -0.638871
1.079249 0.060386 -0.654041
1.079249 0.050386 -0.654041
1.075905 0.060386 -0.669061
1.075905 0.050386 -0.669061
1.072089 0.060386 -0.683909
1.072089 0.050386 -0.683909
1.072089 0.060386 -0.683909
1.072089 0.050386 -0.683909
1.203132 0.060386 -0.710155
1.203132 0.050386 -0.710155
1.203132 0.060386 -0.710155
1.203132 0.050386 -0.710155
1.215117 0.060386 -0.710146
1.215117 0.050386 -0.710146
1.215117 0.060386 -0.710146
1.215117 0.050386 -0.710146
1.219425 0.060386 -0.691935
1.219425 0.050386 -0.691935
1.223192 0.060386 -0.673543
1.223192 0.050386 -0.673543
1.226407 0.060386 -0.654993
1.226407 0.050386 -0.654993
1.229060 0.060386 -0.636309
1.229060 0.050386 -0.636309
1.231146 0.060386 -0.617518
1.231146 0.050386 -0.617518
1.232657 0.060386 -0.598646
1.232657 0.050386 -0.598646
1.233591 0.060386 -0.579718
1.233591 0.050386 -0.579718
1.233944 0.060386 -0.560762
1.233944 0.050386 -0.560762
1.233715 0.060386 -0.541804
1.233715 0.050386 -0.541804
1.232905 0.060386 -0.522870
1.232905 0.050386 -0.522870
1.231517 0.060386 -0.503988
1.231517 0.050386 -0.503988
1.229555 0.060386 -0.485184
1.229555 0.050386 -0.485184
1.227023 0.060386 -0.466484
1.227023 0.050386 -0.466484
1.223930 0.060386 -0.447913
1.223930 0.050386 -0.447913
1.220284 0.060386 -0.429496
1.220284 0.050386 -0.429496
1.216095 0.060386 -0.411258
1.216095 0.050386 -0.411258
1.216095 0.060386 -0.411258
1.215804 0.060386 -0.411258
1.073574 0.060386 -0.439114
1.077209 0.060386 -0.454007
1.080371 0.060386 -0.469067
1.083049 0.060386 -0.484270
1.085235 0.060386 -0.499594
1.086922 0.060386 -0.515015
1.088104 0.060386 -0.530507
1.088777 0.060386 -0.546047
1.088938 0.060386 -0.561609
1.088588 0.060386 -0.577168
1.087727 0.060386 -0.592699
1.086357 0.060386 -0.608176
1.084483 0.060386 -0.623575
1.082112 0.060386 -0.638871
1.079249 0.060386 -0.654041
1.075905 0.060386 -0.669061
1.072089 0.060386 -0.683909
1.203132 0.060386 -0.710155
1.215117 0.060386 -0.710146
1.219425 0.060386 -0.691935
1.223192 0.060386 -0.673543
1.226407 0.060386 -0.654993
1.229060 0.060386 -0.636309
1.231146 0.060386 -0.617518
1.232657 0.060386 -0.598646
1.233591 0.060386 -0.579718
1.233944 0.060386 -0.560762
1.233715 0.060386 -0.541804
1.232905 0.060386 -0.522870
1.231517 0.060386 -0.503988
1.229555 0.060386 -0.485184
1.227023 0.060386 -0.466484
1.223930 0.060386 -0.447913
1.220284 0.060386 -0.429496
1.216095 0.050386 -0.411258
1.215804 0.050386 -0.411258
1.073574 0.050386 -0.439114
1.077209 0.050386 -0.454007
1.080371 0.050386 -0.469067
1.083049 0.050386 -0.484270
1.085235 0.050386 -0.499594
1.086922 0.050386 -0.515015
1.088104 0.050386 -0.530507
1.088777 0.050386 -0.546047
1.088938 0.050386 -0.561609
1.088588 0.050386 -0.577168
1.087727 0.050386 -0.592699
1.086357 0.050386 -0.608176
1.084483 0.050386 -0.623575
1.082112 0.050386 -0.638871
1.079249 0.050386 -0.654041
1.075905 0.050386 -0.669061
1.072089 0.050386 -0.683909
1.203132 0.050386 -0.710155
1.215117 0.050386 -0.710146
1.219425 0.050386 -0.691935
1.223192 0.050386 -0.673543
1.226407 0.050386 -0.654993
1.229060 0.050386 -0.636309
1.231146 0.050386 -0.617518
1.232657 0.050386 -0.598646
1.233591 0.050386 -0.579718
1.233944 0.050386 -0.560762
1.233715 0.050386 -0.541804
1.232905 0.050386 -0.522870
1.231517 0.050386 -0.503988
1.229555 0.050386 -0.485184
1.227023 0.050386 -0.466484
1.223930 0.050386 -0.447913
1.220284 0.050386 -0.429496
1.075598 0.000000 -0.670334
1.075598 0.035040 -0.670334
1.204129 0.000000 -0.696076
1.204129 0.035040 -0.696076
1.075598 0.026280 -0.670334
1.075598 0.017520 -0.670334
1.075598 0.008760 -0.670334
1.204129 0.000000 -0.696076
1.204129 0.035040 -0.696076
1.206042 0.000000 -0.687610
1.206042 0.035040 -0.687610
1.207834 0.000000 -0.679110
1.207834 0.035040 -0.679110
1.209504 0.000000 -0.670581
1.209504 0.035040 -0.670581
1.211052 0.000000 -0.662023
1.211052 0.035040 -0.662023
1.212478 0.000000 -0.653441
1.212478 0.035040 -0.653441
1.213780 0.000000 -0.644837
1.213780 0.035040 -0.644837
1.214959 0.000000 -0.636212
1.214959 0.035040 -0.636212
1.216013 0.000000 -0.627571
1.216013 0.035040 -0.627571
1.216942 0.000000 -0.618916
1.216942 0.035040 -0.618916
1.217747 0.000000 -0.610249
1.217747 0.035040 -0.610249
1.218426 0.000000 -0.601573
1.218426 0.035040 -0.601573
1.218981 0.000000 -0.592891
1.218981 0.035040 -0.592891
1.219410 0.000000 -0.584205
1.219410 0.035040 -0.584205
1.219714 0.000000 -0.575519
1.219714 0.035040 -0.575519
1.219893 0.000000 -0.566834
1.219893 0.035040 -0.566834
1.219947 0.000000 -0.558155
1.219947 0.035040 -0.558155
1.219947 0.000000 -0.558155
1.219947 0.035040 -0.558155
1.233947 0.000000 -0.558141
1.233947 0.035040 -0.558141
1.203132 0.000000 -0.710155
1.203132 0.035040 -0.710155
1.072089 0.000000 -0.683909
1.072089 0.035040 -0.683909
1.072089 0.008760 -0.683909
1.072089 0.017520 -0.683909
1.072089 0.026280 -0.683909
1.075598 0.035040 -0.670334
1.074758 0.035040 -0.673738
1.073893 0.035040 -0.677137
1.073003 0.035040 -0.680528
1.072089 0.035040 -0.683909
1.075598 0.026280 -0.670334
1.074758 0.026280 -0.673738
1.073893 0.026280 -0.677137
1.073003 0.026280 -0.680528
1.072089 0.026280 -0.683909
1.075598 0.017520 -0.670334
1.074758 0.017520 -0.673738
1.073893 0.017520 -0.677137
1.073003 0.017520 -0.680528
1.072089 0.017520 -0.683909
1.075598 0.008760 -0.670334
1.074758 0.008760 -0.673738
1.073893 0.008760 -0.677137
1.073003 0.008760 -0.680528
1.072089 0.008760 -0.683909
1.075598 0.000000 -0.670334
1.074758 0.000000 -0.673738
1.073893 0.000000 -0.677137
1.073003 0.000000 -0.680528
1.072089 0.000000 -0.683909
1.233947 0.035040 -0.558141
1.233894 0.035040 -0.566818
1.233720 0.035040 -0.575500
1.233423 0.035040 -0.584184
1.233004 0.035040 -0.592869
1.232463 0.035040 -0.601551
1.231799 0.035040 -0.610227
1.231013 0.035040 -0.618896
1.230104 0.035040 -0.627555
1.229074 0.035040 -0.636201
1.227922 0.035040 -0.644831
1.226649 0.035040 -0.653443
1.225255 0.035040 -0.662034
1.223740 0.035040 -0.670603
1.222106 0.035040 -0.679145
1.220353 0.035040 -0.687659
1.218481 0.035040 -0.696143
1.233947 0.000000 -0.558141
1.233894 0.000000 -0.566818
1.233720 0.000000 -0.575500
1.233423 0.000000 -0.584184
1.233004 -0.000000 -0.592869
1.232463 -0.000000 -0.601551
1.231799 -0.000000 -0.610227
1.231013 -0.000000 -0.618896
1.230104 -0.000000 -0.627555
1.229074 -0.000000 -0.636201
1.227922 -0.000000 -0.644831
1.226649 -0.000000 -0.653443
1.225255 -0.000000 -0.662034
1.223740 -0.000000 -0.670603
1.222106 0.000000 -0.679145
1.220353 0.000000 -0.687659
1.218481 0.000000 -0.696143
1.218481 0.005840 -0.696143
1.218481 0.011680 -0.696143
1.218481 0.017520 -0.696143
1.218481 0.023360 -0.696143
1.218481 0.029200 -0.696143
1.215117 0.000000 -0.710146
1.215117 0.035040 -0.710146
1.203132 0.000000 -0.710155
1.203132 0.035040 -0.710155
1.215117 0.026280 -0.710146
1.215117 0.017520 -0.710146
1.215117 0.008760 -0.710146
1.075598 0.000000 -0.670334
1.204129 0.000000 -0.696076
1.206042 0.000000 -0.687610
1.207834 0.000000 -0.679110
1.209504 0.000000 -0.670581
1.211052 0.000000 -0.662023
1.212478 0.000000 -0.653441
1.213780 0.000000 -0.644837
1.214959 0.000000 -0.636212
1.216013 0.000000 -0.627571
1.216942 0.000000 -0.618916
1.217747 0.000000 -0.610249
1.218426 0.000000 -0.601573
1.218981 0.000000 -0.592891
1.219410 0.000000 -0.584205
1.219714 0.000000 -0.575519
1.219893 0.000000 -0.566834
1.219947 0.000000 -0.558155
1.233947 0.000000 -0.558141
1.233894 0.000000 -0.566818
1.233720 0.000000 -0.575500
1.233423 0.000000 -0.584184
1.233004 -0.000000 -0.592869
1.232463 -0.000000 -0.601551
1.231799 -0.000000 -0.610227
1.231013 -0.000000 -0.618896
1.230104 -0.000000 -0.627555
1.229074 -0.000000 -0.636201
1.227922 -0.000000 -0.644831
1.226649 -0.000000 -0.653443
1.225255 -0.000000 -0.662034
1.223740 -0.000000 -0.670603
1.222106 0.000000 -0.679145
1.220353 0.000000 -0.687659
1.218481 0.000000 -0.696143
1.203132 0.000000 -0.710155
1.072089 0.000000 -0.683909
1.073003 0.000000 -0.680528
1.073893 0.000000 -0.677137
1.074758 0.000000 -0.673738
1.217671 0.000000 -0.699651
1.216840 0.000000 -0.703155
1.215988 0.000000 -0.706653
1.215117 0.000000 -0.710146
1.075598 0.035040 -0.670334
1.204129 0.035040 -0.696076
1.206042 0.035040 -0.687610
1.207834 0.035040 -0.679110
1.209504 0.035040 -0.670581
1.211052 0.035040 -0.662023
1.212478 0.035040 -0.653441
1.213780 0.035040 -0.644837
1.214959 0.035040 -0.636212
1.216013 0.035040 -0.627571
1.216942 0.035040 -0.618916
1.217747 0.035040 -0.610249
1.218426 0.035040 -0.601573
1.218981 0.035040 -0.592891
1.219410 0.035040 -0.584205
1.219714 0.035040 -0.575519
1.219893 0.035040 -0.566834
1.219947 0.035040 -0.558155
1.233947 0.035040 -0.558141
1.233894 0.035040 -0.566818
1.233720 0.035040 -0.575500
1.233423 0.035040 -0.584184
1.233004 0.035040 -0.592869
1.232463 0.035040 -0.601551
1.231799 0.035040 -0.610227
1.231013 0.035040 -0.618896
1.230104 0.035040 -0.627555
1.229074 0.035040 -0.636201
1.227922 0.035040 -0.644831
1.226649 0.035040 -0.653443
1.225255 0.035040 -0.662034
1.223740 0.035040 -0.670603
1.222106 0.035040 -0.679145
1.220353 0.035040 -0.687659
1.218481 0.035040 -0.696143
1.203132 0.035040 -0.710155
1.072089 0.035040 -0.683909
1.073003 0.035040 -0.680528
1.073893 0.035040 -0.677137
1.074758 0.035040 -0.673738
1.217671 0.035040 -0.699651
1.216840 0.035040 -0.703155
1.215988 0.035040 -0.706653
1.215117 0.035040 -0.710146
1.218481 0.035040 -0.696143
1.217671 0.035040 -0.699651
1.216840 0.035040 -0.703155
1.215988 0.035040 -0.706653
1.215117 0.035040 -0.710146
1.217671 0.026280 -0.699651
1.216840 0.026280 -0.703155
1.215988 0.026280 -0.706653
1.215117 0.026280 -0.710146
1.217671 0.017520 -0.699651
1.216840 0.017520 -0.703155
1.215988 0.017520 -0.706653
1.215117 0.017520 -0.710146
1.217671 0.008760 -0.699651
1.216840 0.008760 -0.703155
1.215988 0.008760 -0.706653
1.215117 0.008760 -0.710146
1.218481 0.000000 -0.696143
1.217671 0.000000 -0.699651
1.216840 0.000000 -0.703155
1.215988 0.000000 -0.706653
1.215117 0.000000 -0.710146
1.218481 0.029200 -0.696143
1.218481 0.023360 -0.696143
1.218481 0.017520 -0.696143
1.218481 0.011680 -0.696143
1.218481 0.005840 -0.696143
1.075598 0.035040 -0.670334
1.075598 0.045980 -0.670334
1.204129 0.035040 -0.696076
1.204129 0.045980 -0.696076
1.075598 0.040510 -0.670334
1.075598 0.037775 -0.670334
1.204129 0.035040 -0.696076
1.204129 0.045980 -0.696076
1.206042 0.035040 -0.687610
1.206042 0.045980 -0.687610
1.207834 0.035040 -0.679110
1.207834 0.045980 -0.679110
1.209504 0.035040 -0.670581
1.209504 0.045980 -0.670581
1.211052 0.035040 -0.662023
1.211052 0.045980 -0.662023
1.212478 0.035040 -0.653441
1.212478 0.045980 -0.653441
1.213780 0.035040 -0.644837
1.213780 0.045980 -0.644837
1.214959 0.035040 -0.636212
1.214959 0.045980 -0.636212
1.216013 0.035040 -0.627571
1.216013 0.045980 -0.627571
1.216942 0.035040 -0.618916
1.216942 0.045980 -0.618916
1.217747 0.035040 -0.610249
1.217747 0.045980 -0.610249
1.218426 0.035040 -0.601573
1.218426 0.045980 -0.601573
1.218981 0.035040 -0.592891
1.218981 0.045980 -0.592891
1.219410 0.035040 -0.584205
1.219410 0.045980 -0.584205
1.219714 0.035040 -0.575519
1.219714 0.045980 -0.575519
1.219893 0.035040 -0.566834
1.219893 0.045980 -0.566834
1.219947 0.035040 -0.558155
1.219947 0.045980 -0.558155
1.219947 0.035040 -0.558155
1.219947 0.045980 -0.558155
1.233947 0.035040 -0.558141
1.233947 0.045980 -0.558141
1.203132 0.035040 -0.710155
1.203132 0.045980 -0.710155
1.072089 0.035040 -0.683909
1.072089 0.045980 -0.683909
1.072089 0.037775 -0.683909
1.072089 0.040510 -0.683909
1.072089 0.043245 -0.683909
1.075598 0.045980 -0.670334
1.074758 0.045980 -0.673738
1.073893 0.045980 -0.677137
1.073003 0.045980 -0.680528
1.072089 0.045980 -0.683909
1.074758 0.043245 -0.673738
1.073893 0.043245 -0.677137
1.073003 0.043245 -0.680528
1.072089 0.043245 -0.683909
1.075598 0.040510 -0.670334
1.074758 0.040510 -0.673738
1.073893 0.040510 -0.677137
1.073003 0.040510 -0.680528
1.072089 0.040510 -0.683909
1.075598 0.037775 -0.670334
1.074758 0.037775 -0.673738
1.073893 0.037775 -0.677137
1.073003 0.037775 -0.680528
1.072089 0.037775 -0.683909
1.075598 0.035040 -0.670334
1.074758 0.035040 -0.673738
1.073893 0.035040 -0.677137
1.073003 0.035040 -0.680528
1.072089 0.035040 -0.683909
1.233947 0.045980 -0.558141
1.233894 0.045980 -0.566818
1.233720 0.045980 -0.575500
1.233423 0.045980 -0.584184
1.233004 0.045980 -0.592869
1.232463 0.045980 -0.601551
1.231799 0.045980 -0.610227
1.231013 0.045980 -0.618896
1.230104 0.045980 -0.627555
1.229074 0.045980 -0.636201
1.227922 0.045980 -0.644831
1.226649 0.045980 -0.653443
1.225255 0.045980 -0.662034
1.223740 0.045980 -0.670603
1.222106 0.045980 -0.679145
1.220353 0.045980 -0.687659
1.218481 0.045980 -0.696143
1.233947 0.035040 -0.558141
1.233894 0.035040 -0.566818
1.233720 0.035040 -0.575500
1.233423 0.035040 -0.584184
1.233004 0.035040 -0.592869
1.232463 0.035040 -0.601551
1.231799 0.035040 -0.610227
1.231013 0.035040 -0.618896
1.230104 0.035040 -0.627555
1.229074 0.035040 -0.636201
1.227922 0.035040 -0.644831
1.226649 0.035040 -0.653443
1.225255 0.035040 -0.662034
1.223740 0.035040 -0.670603
1.222106 0.035040 -0.679145
1.220353 0.035040 -0.687659
1.218481 0.035040 -0.696143
1.218481 0.037228 -0.696143
1.218481 0.039416 -0.696143
1.218481 0.041604 -0.696143
1.218481 0.043792 -0.696143
1.215117 0.035040 -0.710146
1.215117 0.045980 -0.710146
1.203132 0.035040 -0.710155
1.203132 0.045980 -0.710155
1.215117 0.043245 -0.710146
1.215117 0.040510 -0.710146
1.075598 0.035040 -0.670334
1.204129 0.035040 -0.696076
1.206042 0.035040 -0.687610
1.207834 0.035040 -0.679110
1.209504 0.035040 -0.670581
1.211052 0.035040 -0.662023
1.212478 0.035040 -0.653441
1.213780 0.035040 -0.644837
1.214959 0.035040 -0.636212
1.216013 0.035040 -0.627571
1.216942 0.035040 -0.618916
1.217747 0.035040 -0.610249
1.218426 0.035040 -0.601573
1.218981 0.035040 -0.592891
1.219410 0.035040 -0.584205
1.219714 0.035040 -0.575519
1.219893 0.035040 -0.566834
1.219947 0.035040 -0.558155
1.233947 0.035040 -0.558141
1.233894 0.035040 -0.566818
1.233720 0.035040 -0.575500
1.233423 0.035040 -0.584184
1.233004 0.035040 -0.592869
1.232463 0.035040 -0.601551
1.231799 0.035040 -0.610227
1.231013 0.035040 -0.618896
1.230104 0.035040 -0.627555
1.229074 0.035040 -0.636201
1.227922 0.035040 -0.644831
1.226649 0.035040 -0.653443
1.225255 0.035040 -0.662034
1.223740 0.035040 -0.670603
1.222106 0.035040 -0.679145
1.220353 0.035040 -0.687659
1.218481 0.035040 -0.696143
1.203132 0.035040 -0.710155
1.072089 0.035040 -0.683909
1.073003 0.035040 -0.680528
1.073893 0.035040 -0.677137
1.074758 0.035040 -0.673738
1.217671 0.035040 -0.699651
1.216840 0.035040 -0.703155
1.215988 0.035040 -0.706653
1.215117 0.035040 -0.710146
1.075598 0.045980 -0.670334
1.204129 0.045980 -0.696076
1.206042 0.045980 -0.687610
1.207834 0.045980 -0.679110
1.209504 0.045980 -0.670581
1.211052 0.045980 -0.662023
1.212478 0.045980 -0.653441
1.213780 0.045980 -0.644837
1.214959 0.045980 -0.636212
1.216013 0.045980 -0.627571
1.216942 0.045980 -0.618916
1.217747 0.045980 -0.610249
1.218426 0.045980 -0.601573
1.218981 0.045980 -0.592891
1.219410 0.045980 -0.584205
1.219714 0.045980 -0.575519
1.219893 0.045980 -0.566834
1.219947 0.045980 -0.558155
1.233947 0.045980 -0.558141
1.233894 0.045980 -0.566818
1.233720 0.045980 -0.575500
1.233423 0.045980 -0.584184
1.233004 0.045980 -0.592869
1.232463 0.045980 -0.601551
1.231799 0.045980 -0.610227
1.231013 0.045980 -0.618896
1.230104 0.045980 -0.627555
1.229074 0.045980 -0.636201
1.227922 0.045980 -0.644831
1.226649 0.045980 -0.653443
1.225255 0.045980 -0.662034
1.223740 0.045980 -0.670603
1.222106 0.045980 -0.679145
1.220353 0.045980 -0.687659
1.218481 0.045980 -0.696143
1.203132 0.045980 -0.710155
1.072089 0.045980 -0.683909
1.073003 0.045980 -0.680528
1.073893 0.045980 -0.677137
1.074758 0.045980 -0.673738
1.217671 0.045980 -0.699651
1.216840 0.045980 -0.703155
1.215988 0.045980 -0.706653
1.215117 0.045980 -0.710146
1.218481 0.045980 -0.696143
1.217671 0.045980 -0.699651
1.216840 0.045980 -0.703155
1.215988 0.045980 -0.706653
1.215117 0.045980 -0.710146
1.217671 0.043245 -0.699651
1.216840 0.043245 -0.703155
1.215988 0.043245 -0.706653
1.215117 0.043245 -0.710146
1.217671 0.040510 -0.699651
1.216840 0.040510 -0.703155
1.215988 0.040510 -0.706653
1.215117 0.040510 -0.710146
1.217671 0.037775 -0.699651
1.216840 0.037775 -0.703155
1.215988 0.037775 -0.706653
1.218481 0.035040 -0.696143
1.217671 0.035040 -0.699651
1.216840 0.035040 -0.703155
1.215988 0.035040 -0.706653
1.215117 0.035040 -0.710146
1.218481 0.043792 -0.696143
1.218481 0.041604 -0.696143
1.218481 0.039416 -0.696143
1.218481 0.037228 -0.696143
1.075598 0.045980 -0.670334
1.075598 0.368938 -0.670334
1.204129 0.045980 -0.696076
1.204129 0.368938 -0.696076
1.075598 0.288369 -0.670334
1.075598 0.207710 -0.670334
1.075598 0.126919 -0.670334
1.204129 0.207459 -0.696076
1.204129 0.045980 -0.696076
1.204129 0.207459 -0.696076
1.204129 0.368938 -0.696076
1.207834 0.045980 -0.679110
1.207834 0.368938 -0.679110
1.211052 0.045980 -0.662023
1.211052 0.368938 -0.662023
1.213780 0.045980 -0.644837
1.213780 0.368938 -0.644837
1.216013 0.045980 -0.627571
1.216013 0.368938 -0.627571
1.217747 0.045980 -0.610249
1.217747 0.368938 -0.610249
1.218981 0.045980 -0.592891
1.218981 0.368938 -0.592891
1.219714 0.045980 -0.575519
1.219714 0.368938 -0.575519
1.219947 0.045980 -0.558155
1.219947 0.207459 -0.558155
1.219947 0.368938 -0.558155
1.211052 0.207459 -0.662023
1.213780 0.207459 -0.644837
1.216013 0.207459 -0.627571
1.217747 0.207459 -0.610249
1.218981 0.207459 -0.592891
1.219714 0.207459 -0.575519
1.219947 0.045980 -0.558155
1.219947 0.368938 -0.558155
1.233947 0.045980 -0.558141
1.233947 0.368938 -0.558141
1.219947 0.207459 -0.558155
1.233947 0.207426 -0.558141
1.203132 0.045980 -0.710155
1.203132 0.368938 -0.710155
1.072089 0.045980 -0.683909
1.072089 0.368938 -0.683909
1.072089 0.207413 -0.683909
1.072089 0.288146 -0.683909
1.075598 0.368938 -0.670334
1.074759 0.368938 -0.673733
1.073894 0.368938 -0.677132
1.073003 0.368938 -0.680527
1.072089 0.368938 -0.683909
1.075598 0.288369 -0.670334
1.074759 0.288271 -0.673734
1.073894 0.288202 -0.677134
1.073003 0.288160 -0.680527
1.072089 0.288146 -0.683909
1.075598 0.207710 -0.670334
1.074759 0.207580 -0.673736
1.073893 0.207487 -0.677136
1.073003 0.207432 -0.680528
1.072089 0.207413 -0.683909
1.075598 0.126919 -0.670334
1.074758 0.126822 -0.673738
1.073893 0.126752 -0.677137
1.073003 0.126711 -0.680528
1.075598 0.045980 -0.670334
1.073893 0.045980 -0.677139
1.073003 0.045980 -0.680529
1.072089 0.045980 -0.683909
1.233947 0.368938 -0.558141
1.233719 0.368938 -0.575510
1.233003 0.368938 -0.592886
1.231797 0.368938 -0.610249
1.230102 0.368938 -0.627578
1.227919 0.368938 -0.644852
1.225252 0.368938 -0.662051
1.222104 0.368938 -0.679155
1.218481 0.368938 -0.696143
1.233947 0.207426 -0.558141
1.233947 0.045980 -0.558141
1.233720 0.045980 -0.575500
1.233004 0.045980 -0.592869
1.231799 0.045980 -0.610227
1.230104 0.045980 -0.627555
1.227922 0.045980 -0.644831
1.225255 0.045980 -0.662034
1.222106 0.045980 -0.679145
1.218481 0.045980 -0.696143
1.218481 0.099806 -0.696143
1.218481 0.153633 -0.696143
1.218481 0.207459 -0.696143
1.218481 0.261285 -0.696143
1.218481 0.315111 -0.696143
1.233003 0.207453 -0.592877
1.231798 0.207466 -0.610238
1.230103 0.207479 -0.627566
1.227921 0.207492 -0.644841
1.222105 0.207519 -0.679150
1.225253 0.207506 -0.662043
1.215117 0.045980 -0.710146
1.215117 0.368938 -0.710146
1.203132 0.045980 -0.710155
1.203132 0.368938 -0.710155
1.215117 0.288180 -0.710146
1.215117 0.207443 -0.710146
1.075598 0.045980 -0.670334
1.204129 0.045980 -0.696076
1.207834 0.045980 -0.679110
1.211052 0.045980 -0.662023
1.213780 0.045980 -0.644837
1.216013 0.045980 -0.627571
1.217747 0.045980 -0.610249
1.218981 0.045980 -0.592891
1.219714 0.045980 -0.575519
1.219947 0.045980 -0.558155
1.233947 0.045980 -0.558141
1.233720 0.045980 -0.575500
1.233004 0.045980 -0.592869
1.231799 0.045980 -0.610227
1.230104 0.045980 -0.627555
1.227922 0.045980 -0.644831
1.225255 0.045980 -0.662034
1.222106 0.045980 -0.679145
1.218481 0.045980 -0.696143
1.203132 0.045980 -0.710155
1.072089 0.045980 -0.683909
1.073003 0.045980 -0.680529
1.073893 0.045980 -0.677139
1.217671 0.045980 -0.699652
1.216839 0.045980 -0.703156
1.215988 0.045980 -0.706654
1.215117 0.045980 -0.710146
1.075598 0.368938 -0.670334
1.204129 0.368938 -0.696076
1.207834 0.368938 -0.679110
1.211052 0.368938 -0.662023
1.213780 0.368938 -0.644837
1.216013 0.368938 -0.627571
1.217747 0.368938 -0.610249
1.218981 0.368938 -0.592891
1.219714 0.368938 -0.575519
1.219947 0.368938 -0.558155
1.233947 0.368938 -0.558141
1.233719 0.368938 -0.575510
1.233003 0.368938 -0.592886
1.231797 0.368938 -0.610249
1.230102 0.368938 -0.627578
1.227919 0.368938 -0.644852
1.225252 0.368938 -0.662051
1.222104 0.368938 -0.679155
1.218481 0.368938 -0.696143
1.203132 0.368938 -0.710155
1.072089 0.368938 -0.683909
1.073003 0.368938 -0.680527
1.073894 0.368938 -0.677132
1.074759 0.368938 -0.673733
1.217671 0.368938 -0.699650
1.216840 0.368938 -0.703154
1.215988 0.368938 -0.706653
1.215117 0.368938 -0.710146
1.218481 0.368938 -0.696143
1.217671 0.368938 -0.699650
1.216840 0.368938 -0.703154
1.215988 0.368938 -0.706653
1.215117 0.368938 -0.710146
1.217671 0.288224 -0.699650
1.216840 0.288200 -0.703154
1.215988 0.288185 -0.706653
1.215117 0.288180 -0.710146
1.217671 0.207502 -0.699651
1.216840 0.207469 -0.703155
1.215988 0.207449 -0.706653
1.215117 0.207443 -0.710146
1.217671 0.126756 -0.699651
1.216840 0.126731 -0.703155
1.215988 0.126716 -0.706654
1.218481 0.045980 -0.696143
1.217671 0.045980 -0.699652
1.216839 0.045980 -0.703156
1.215988 0.045980 -0.706654
1.215117 0.045980 -0.710146
1.218481 0.315111 -0.696143
1.218481 0.261285 -0.696143
1.218481 0.207459 -0.696143
1.218481 0.153633 -0.696143
1.218481 0.099806 -0.696143
0.970656 0.000000 -0.510299
0.970656 0.602450 -0.510299
0.984527 0.000000 -0.508405
0.984527 0.602450 -0.508405
0.970656 0.300287 -0.510299
0.984527 0.301225 -0.508405
0.976461 0.602450 -0.650479
0.980440 0.602450 -0.633105
0.983593 0.602450 -0.615499
0.985899 0.602450 -0.597721
0.987349 0.602450 -0.579831
0.987934 0.602450 -0.561893
0.987654 0.602450 -0.543967
0.986514 0.602450 -0.526118
0.984527 0.602450 -0.508405
0.976461 0.301225 -0.650479
0.984527 0.301225 -0.508405
0.976461 0.000000 -0.650479
0.980440 0.000000 -0.633105
0.983593 0.000000 -0.615499
0.985899 0.000000 -0.597721
0.987349 0.000000 -0.579831
0.987934 0.000000 -0.561893
0.987654 0.000000 -0.543967
0.986514 0.000000 -0.526118
0.984527 0.000000 -0.508405
0.976461 0.502042 -0.650479
0.976461 0.401633 -0.650479
0.976461 0.200817 -0.650479
0.976461 0.100408 -0.650479
0.983593 0.301225 -0.615499
0.985899 0.301225 -0.597721
0.987349 0.301225 -0.579831
0.987934 0.301225 -0.561893
0.987654 0.301225 -0.543967
0.986514 0.301225 -0.526118
0.972745 0.602450 -0.664013
0.973702 0.602450 -0.660683
0.974654 0.602450 -0.657261
0.975574 0.602450 -0.653866
0.976461 0.602450 -0.650479
0.972745 0.451838 -0.664013
0.973702 0.451838 -0.660683
0.974654 0.451838 -0.657261
0.975574 0.451838 -0.653866
0.972745 0.301225 -0.664013
0.973702 0.301225 -0.660683
0.974654 0.301225 -0.657261
0.975574 0.301225 -0.653866
0.976461 0.301225 -0.650479
0.972745 0.150613 -0.664013
0.973702 0.150613 -0.660683
0.974654 0.150613 -0.657261
0.975574 0.150613 -0.653866
0.972745 0.000000 -0.664013
0.973702 0.000000 -0.660683
0.974654 0.000000 -0.657261
0.975574 0.000000 -0.653866
0.976461 0.000000 -0.650479
0.976461 0.100408 -0.650479
0.976461 0.200817 -0.650479
0.976461 0.401633 -0.650479
0.976461 0.502042 -0.650479
0.972745 0.602450 -0.664013
0.958961 0.602450 -0.661252
0.972745 0.000000 -0.664013
0.958961 0.000000 -0.661252
0.972745 0.451838 -0.664013
0.972745 0.301225 -0.664013
0.972745 0.150613 -0.664013
0.958961 0.306268 -0.661252
0.958961 0.000000 -0.661252
0.958961 0.306268 -0.661252
0.958961 0.602450 -0.661252
0.963987 0.000000 -0.642612
0.963836 0.602450 -0.643173
0.967998 0.000000 -0.623742
0.967797 0.602450 -0.624577
0.970982 0.000000 -0.604724
0.970796 0.602450 -0.605601
0.972935 0.000000 -0.585643
0.972796 0.602450 -0.586394
0.973861 0.000000 -0.566580
0.973778 0.602450 -0.567109
0.973774 0.000000 -0.547617
0.973737 0.602450 -0.547898
0.972696 0.000000 -0.528832
0.972687 0.602450 -0.528913
0.970656 0.000000 -0.510299
0.970656 0.300287 -0.510299
0.970656 0.602450 -0.510299
0.967897 0.303676 -0.624163
0.970889 0.302642 -0.605165
0.972865 0.301792 -0.586019
0.973819 0.301131 -0.566844
0.973756 0.300660 -0.547757
0.972692 0.300380 -0.528872
0.970656 0.000000 -0.510299
0.984527 0.000000 -0.508405
0.986514 0.000000 -0.526118
0.987654 0.000000 -0.543967
0.987934 0.000000 -0.561893
0.987349 0.000000 -0.579831
0.985899 0.000000 -0.597721
0.983593 0.000000 -0.615499
0.980440 0.000000 -0.633105
0.976461 0.000000 -0.650479
0.975574 0.000000 -0.653866
0.974654 0.000000 -0.657261
0.973702 0.000000 -0.660683
0.972745 0.000000 -0.664013
0.958961 0.000000 -0.661252
0.963987 0.000000 -0.642612
0.967998 0.000000 -0.623742
0.970982 0.000000 -0.604724
0.972935 0.000000 -0.585643
0.973861 0.000000 -0.566580
0.973774 0.000000 -0.547617
0.972696 0.000000 -0.528832
0.970656 0.602450 -0.510299
0.984527 0.602450 -0.508405
0.986514 0.602450 -0.526118
0.987654 0.602450 -0.543967
0.987934 0.602450 -0.561893
0.987349 0.602450 -0.579831
0.985899 0.602450 -0.597721
0.983593 0.602450 -0.615499
0.980440 0.602450 -0.633105
0.976461 0.602450 -0.650479
0.975574 0.602450 -0.653866
0.974654 0.602450 -0.657261
0.973702 0.602450 -0.660683
0.972745 0.602450 -0.664013
0.958961 0.602450 -0.661252
0.963836 0.602450 -0.643173
0.967797 0.602450 -0.624577
0.970796 0.602450 -0.605601
0.972796 0.602450 -0.586394
0.973778 0.602450 -0.567109
0.973737 0.602450 -0.547898
0.972687 0.602450 -0.528913
1.072466 0.064623 -0.511076
1.072466 0.121653 -0.511076
1.086390 0.064623 -0.509623
1.086390 0.121653 -0.509623
0.972745 0.064623 -0.664013
0.972745 0.121653 -0.664013
0.970201 0.064623 -0.672285
0.970201 0.121653 -0.672285
0.967459 0.064623 -0.680511
0.967459 0.121653 -0.680511
0.964521 0.064623 -0.688685
0.964521 0.121653 -0.688685
0.961389 0.064623 -0.696799
0.961389 0.121653 -0.696799
0.958064 0.064623 -0.704846
0.958064 0.121653 -0.704846
0.954549 0.064623 -0.712820
0.954549 0.121653 -0.712820
0.950846 0.064623 -0.720713
0.950846 0.121653 -0.720713
0.946958 0.064623 -0.728520
0.946958 0.121653 -0.728520
0.942888 0.064623 -0.736233
0.942888 0.121653 -0.736233
0.938640 0.064623 -0.743847
0.938640 0.121653 -0.743847
0.934217 0.064623 -0.751356
0.934217 0.121653 -0.751356
0.929623 0.064623 -0.758752
0.929623 0.121653 -0.758752
0.924863 0.064623 -0.766031
0.924863 0.121653 -0.766031
0.919941 0.064623 -0.773187
0.919941 0.121653 -0.773187
0.914861 0.064623 -0.780215
0.914861 0.121653 -0.780215
0.909630 0.064623 -0.787110
0.909630 0.121653 -0.787110
0.909630 0.064623 -0.787110
0.909630 0.121653 -0.787110
0.898576 0.064623 -0.778518
0.898576 0.121653 -0.778518
0.898576 0.064623 -0.778518
0.898576 0.121653 -0.778518
0.903832 0.064623 -0.771585
0.903832 0.121653 -0.771585
0.908940 0.064623 -0.764493
0.908940 0.121653 -0.764493
0.913895 0.064623 -0.757247
0.913895 0.121653 -0.757247
0.918689 0.064623 -0.749852
0.918689 0.121653 -0.749852
0.923317 0.064623 -0.742314
0.923317 0.121653 -0.742314
0.927773 0.064623 -0.734636
0.927773 0.121653 -0.734636
0.932050 0.064623 -0.726826
0.932050 0.121653 -0.726826
0.936142 0.064623 -0.718889
0.936142 0.121653 -0.718889
0.940045 0.064623 -0.710833
0.940045 0.121653 -0.710833
0.943754 0.064623 -0.702663
0.943754 0.121653 -0.702663
0.947263 0.064623 -0.694387
0.947263 0.121653 -0.694387
0.950568 0.064623 -0.686013
0.950568 0.121653 -0.686013
0.953665 0.064623 -0.677547
0.953665 0.121653 -0.677547
0.956551 0.064623 -0.668998
0.956551 0.121653 -0.668998
0.959223 0.064623 -0.660373
0.959223 0.121653 -0.660373
0.961676 0.064623 -0.651681
0.961676 0.121653 -0.651681
0.963910 0.064623 -0.642929
0.963910 0.121653 -0.642929
0.965922 0.064623 -0.634127
0.965922 0.121653 -0.634127
0.967710 0.064623 -0.625283
0.967710 0.121653 -0.625283
0.969274 0.064623 -0.616405
0.969274 0.121653 -0.616405
0.970612 0.064623 -0.607502
0.970612 0.121653 -0.607502
0.971724 0.064623 -0.598582
0.971724 0.121653 -0.598582
0.972610 0.064623 -0.589654
0.972610 0.121653 -0.589654
0.973271 0.064623 -0.580726
0.973271 0.121653 -0.580726
0.973708 0.064623 -0.571807
0.973708 0.121653 -0.571807
0.973923 0.064623 -0.562905
0.973923 0.121653 -0.562905
0.973916 0.064623 -0.554029
0.973916 0.121653 -0.554029
0.973690 0.064623 -0.545185
0.973690 0.121653 -0.545185
0.973248 0.064623 -0.536383
0.973248 0.121653 -0.536383
0.972593 0.064623 -0.527630
0.972593 0.121653 -0.527630
0.971728 0.064623 -0.518933
0.971728 0.121653 -0.518933
0.970656 0.064623 -0.510299
0.970656 0.121653 -0.510299
0.970656 0.064623 -0.510299
0.970656 0.121653 -0.510299
0.984527 0.064623 -0.508405
0.984527 0.121653 -0.508405
0.984527 0.064623 -0.508405
0.984527 0.121653 -0.508405
0.985626 0.064623 -0.517241
0.985626 0.121653 -0.517241
0.986514 0.064623 -0.526118
0.986514 0.121653 -0.526118
0.987191 0.064623 -0.535029
0.987191 0.121653 -0.535029
0.987654 0.064623 -0.543967
0.987654 0.121653 -0.543967
0.987901 0.064623 -0.552924
0.987901 0.121653 -0.552924
0.987934 0.064623 -0.561893
0.987934 0.121653 -0.561893
0.987749 0.064623 -0.570864
0.987749 0.121653 -0.570864
0.987349 0.064623 -0.579831
0.987349 0.121653 -0.579831
0.986732 0.064623 -0.588786
0.986732 0.121653 -0.588786
0.985899 0.064623 -0.597721
0.985899 0.121653 -0.597721
0.984853 0.064623 -0.606628
0.984853 0.121653 -0.606628
0.983593 0.064623 -0.615499
0.983593 0.121653 -0.615499
0.982121 0.064623 -0.624327
0.982121 0.121653 -0.624327
0.980440 0.064623 -0.633105
0.980440 0.121653 -0.633105
0.978553 0.064623 -0.641825
0.978553 0.121653 -0.641825
0.976461 0.064623 -0.650479
0.976461 0.121653 -0.650479
0.976461 0.064623 -0.650479
0.976461 0.121653 -0.650479
1.061859 0.064623 -0.667582
1.061859 0.121653 -0.667582
1.061859 0.064623 -0.667582
1.061859 0.121653 -0.667582
1.064083 0.064623 -0.658025
1.064083 0.121653 -0.658025
1.066105 0.064623 -0.648407
1.066105 0.121653 -0.648407
1.067924 0.064623 -0.638735
1.067924 0.121653 -0.638735
1.069537 0.064623 -0.629014
1.069537 0.121653 -0.629014
1.070942 0.064623 -0.619253
1.070942 0.121653 -0.619253
1.072137 0.064623 -0.609456
1.072137 0.121653 -0.609456
1.073122 0.064623 -0.599631
1.073122 0.121653 -0.599631
1.073896 0.064623 -0.589786
1.073896 0.121653 -0.589786
1.074458 0.064623 -0.579926
1.074458 0.121653 -0.579926
1.074807 0.064623 -0.570058
1.074807 0.121653 -0.570058
1.074945 0.064623 -0.560190
1.074945 0.121653 -0.560190
1.074870 0.064623 -0.550328
1.074870 0.121653 -0.550328
1.074584 0.064623 -0.540479
1.074584 0.121653 -0.540479
1.074087 0.064623 -0.530649
1.074087 0.121653 -0.530649
1.073380 0.064623 -0.520846
1.073380 0.121653 -0.520846
1.072466 0.064623 -0.511076
1.072466 0.121653 -0.511076
1.075598 0.121653 -0.670334
1.074759 0.121653 -0.673735
1.073894 0.121653 -0.677133
1.073004 0.121653 -0.680524
1.072089 0.121653 -0.683909
1.074758 0.107407 -0.673736
1.073894 0.107397 -0.677134
1.073004 0.107387 -0.680526
1.072089 0.107377 -0.683909
1.074758 0.093161 -0.673738
1.073893 0.093148 -0.677136
1.073003 0.093135 -0.680527
1.072089 0.093122 -0.683909
1.074758 0.078902 -0.673739
1.073893 0.078892 -0.677137
1.073003 0.078882 -0.680528
1.072089 0.078873 -0.683909
1.075598 0.064623 -0.670334
1.074758 0.064623 -0.673740
1.073892 0.064623 -0.677139
1.073003 0.064623 -0.680529
1.072089 0.064623 -0.683909
1.075598 0.112148 -0.670334
1.075598 0.102643 -0.670334
1.075598 0.093138 -0.670334
1.075598 0.083633 -0.670334
1.075598 0.074128 -0.670334
1.072089 0.064623 -0.683909
1.072089 0.121653 -0.683909
0.972745 0.064623 -0.664013
0.972745 0.121653 -0.664013
1.072089 0.107377 -0.683909
1.072089 0.093122 -0.683909
1.072089 0.078873 -0.683909
1.072466 0.064623 -0.511076
1.086390 0.064623 -0.509623
1.087334 0.064623 -0.519704
1.088062 0.064623 -0.529813
1.088573 0.064623 -0.539942
1.088868 0.064623 -0.550085
1.088944 0.064623 -0.560235
1.088804 0.064623 -0.570384
1.088445 0.064623 -0.580526
1.087869 0.064623 -0.590653
1.087077 0.064623 -0.600759
1.086070 0.064623 -0.610837
1.084848 0.064623 -0.620880
1.083415 0.064623 -0.630880
1.081770 0.064623 -0.640833
1.079918 0.064623 -0.650730
1.077859 0.064623 -0.660566
1.075598 0.064623 -0.670334
0.972745 0.064623 -0.664013
0.970201 0.064623 -0.672285
0.967459 0.064623 -0.680511
0.964521 0.064623 -0.688685
0.961389 0.064623 -0.696799
0.958064 0.064623 -0.704846
0.954549 0.064623 -0.712820
0.950846 0.064623 -0.720713
0.946958 0.064623 -0.728520
0.942888 0.064623 -0.736233
0.938640 0.064623 -0.743847
0.934217 0.064623 -0.751356
0.929623 0.064623 -0.758752
0.924863 0.064623 -0.766031
0.919941 0.064623 -0.773187
0.914861 0.064623 -0.780215
0.909630 0.064623 -0.787110
0.898576 0.064623 -0.778518
0.903832 0.064623 -0.771585
0.908940 0.064623 -0.764493
0.913895 0.064623 -0.757247
0.918689 0.064623 -0.749852
0.923317 0.064623 -0.742314
0.927773 0.064623 -0.734636
0.932050 0.064623 -0.726826
0.936142 0.064623 -0.718889
0.940045 0.064623 -0.710833
0.943754 0.064623 -0.702663
0.947263 0.064623 -0.694387
0.950568 0.064623 -0.686013
0.953665 0.064623 -0.677547
0.956551 0.064623 -0.668998
0.959223 0.064623 -0.660373
0.961676 0.064623 -0.651681
0.963910 0.064623 -0.642929
0.965922 0.064623 -0.634127
0.967710 0.064623 -0.625283
0.969274 0.064623 -0.616405
0.970612 0.064623 -0.607502
0.971724 0.064623 -0.598582
0.972610 0.064623 -0.589654
0.973271 0.064623 -0.580726
0.973708 0.064623 -0.571807
0.973923 0.064623 -0.562905
0.973916 0.064623 -0.554029
0.973690 0.064623 -0.545185
0.973248 0.064623 -0.536383
0.972593 0.064623 -0.527630
0.971728 0.064623 -0.518933
0.970656 0.064623 -0.510299
0.984527 0.064623 -0.508405
0.985626 0.064623 -0.517241
0.986514 0.064623 -0.526118
0.987191 0.064623 -0.535029
0.987654 0.064623 -0.543967
0.987901 0.064623 -0.552924
0.987934 0.064623 -0.561893
0.987749 0.064623 -0.570864
0.987349 0.064623 -0.579831
0.986732 0.064623 -0.588786
0.985899 0.064623 -0.597721
0.984853 0.064623 -0.606628
0.983593 0.064623 -0.615499
0.982121 0.064623 -0.624327
0.980440 0.064623 -0.633105
0.978553 0.064623 -0.641825
0.976461 0.064623 -0.650479
1.061859 0.064623 -0.667582
1.064083 0.064623 -0.658025
1.066105 0.064623 -0.648407
1.067924 0.064623 -0.638735
1.069537 0.064623 -0.629014
1.070942 0.064623 -0.619253
1.072137 0.064623 -0.609456
1.073122 0.064623 -0.599631
1.073896 0.064623 -0.589786
1.074458 0.064623 -0.579926
1.074807 0.064623 -0.570058
1.074945 0.064623 -0.560190
1.074870 0.064623 -0.550328
1.074584 0.064623 -0.540479
1.074087 0.064623 -0.530649
1.073380 0.064623 -0.520846
1.074758 0.064623 -0.673740
1.073892 0.064623 -0.677139
1.073003 0.064623 -0.680529
1.072089 0.064623 -0.683909
1.072466 0.121653 -0.511076
1.086390 0.121653 -0.509623
1.087330 0.121653 -0.519655
1.088056 0.121653 -0.529720
1.088568 0.121653 -0.539813
1.088865 0.121653 -0.549926
1.088945 0.121653 -0.560052
1.088808 0.121653 -0.570185
1.088455 0.121653 -0.580317
1.087884 0.121653 -0.590441
1.087096 0.121653 -0.600551
1.086092 0.121653 -0.610639
1.084872 0.121653 -0.620699
1.083439 0.121653 -0.630724
1.081792 0.121653 -0.640706
1.079936 0.121653 -0.650640
1.077870 0.121653 -0.660518
1.075598 0.121653 -0.670334
0.972745 0.121653 -0.664013
0.970201 0.121653 -0.672285
0.967459 0.121653 -0.680511
0.964521 0.121653 -0.688685
0.961389 0.121653 -0.696799
0.958064 0.121653 -0.704846
0.954549 0.121653 -0.712820
0.950846 0.121653 -0.720713
0.946958 0.121653 -0.728520
0.942888 0.121653 -0.736233
0.938640 0.121653 -0.743847
0.934217 0.121653 -0.751356
0.929623 0.121653 -0.758752
0.924863 0.121653 -0.766031
0.919941 0.121653 -0.773187
0.914861 0.121653 -0.780215
0.909630 0.121653 -0.787110
0.898576 0.121653 -0.778518
0.903832 0.121653 -0.771585
0.908940 0.121653 -0.764493
0.913895 0.121653 -0.757247
0.918689 0.121653 -0.749852
0.923317 0.121653 -0.742314
0.927773 0.121653 -0.734636
0.932050 0.121653 -0.726826
0.936142 0.121653 -0.718889
0.940045 0.121653 -0.710833
0.943754 0.121653 -0.702663
0.947263 0.121653 -0.694387
0.950568 0.121653 -0.686013
0.953665 0.121653 -0.677547
0.956551 0.121653 -0.668998
0.959223 0.121653 -0.660373
0.961676 0.121653 -0.651681
0.963910 0.121653 -0.642929
0.965922 0.121653 -0.634127
0.967710 0.121653 -0.625283
0.969274 0.121653 -0.616405
0.970612 0.121653 -0.607502
0.971724 0.121653 -0.598582
0.972610 0.121653 -0.589654
0.973271 0.121653 -0.580726
0.973708 0.121653 -0.571807
0.973923 0.121653 -0.562905
0.973916 0.121653 -0.554029
0.973690 0.121653 -0.545185
0.973248 0.121653 -0.536383
0.972593 0.121653 -0.527630
0.971728 0.121653 -0.518933
0.970656 0.121653 -0.510299
0.984527 0.121653 -0.508405
0.985626 0.121653 -0.517241
0.986514 0.121653 -0.526118
0.987191 0.121653 -0.535029
0.987654 0.121653 -0.543967
0.987901 0.121653 -0.552924
0.987934 0.121653 -0.561893
0.987749 0.121653 -0.570864
0.987349 0.121653 -0.579831
0.986732 0.121653 -0.588786
0.985899 0.121653 -0.597721
0.984853 0.121653 -0.606628
0.983593 0.121653 -0.615499
0.982121 0.121653 -0.624327
0.980440 0.121653 -0.633105
0.978553 0.121653 -0.641825
0.976461 0.121653 -0.650479
1.061859 0.121653 -0.667582
1.064083 0.121653 -0.658025
1.066105 0.121653 -0.648407
1.067924 0.121653 -0.638735
1.069537 0.121653 -0.629014
1.070942 0.121653 -0.619253
1.072137 0.121653 -0.609456
1.073122 0.121653 -0.599631
1.073896 0.121653 -0.589786
1.074458 0.121653 -0.579926
1.074807 0.121653 -0.570058
1.074945 0.121653 -0.560190
1.074870 0.121653 -0.550328
1.074584 0.121653 -0.540479
1.074087 0.121653 -0.530649
1.073380 0.121653 -0.520846
1.074759 0.121653 -0.673735
1.073894 0.121653 -0.677133
1.073004 0.121653 -0.680524
1.072089 0.121653 -0.683909
1.086390 0.121653 -0.509623
1.087330 0.121653 -0.519655
1.088056 0.121653 -0.529720
1.088568 0.121653 -0.539813
1.088865 0.121653 -0.549926
1.088945 0.121653 -0.560052
1.088808 0.121653 -0.570185
1.088455 0.121653 -0.580317
1.087884 0.121653 -0.590441
1.087096 0.121653 -0.600551
1.086092 0.121653 -0.610639
1.084872 0.121653 -0.620699
1.083439 0.121653 -0.630724
1.081792 0.121653 -0.640706
1.079936 0.121653 -0.650640
1.077870 0.121653 -0.660518
1.075598 0.121653 -0.670334
1.086390 0.064623 -0.509623
1.087334 0.064623 -0.519704
1.088062 0.064623 -0.529813
1.088573 0.064623 -0.539942
1.088868 0.064623 -0.550085
1.088944 0.064623 -0.560235
1.088804 0.064623 -0.570384
1.088445 0.064623 -0.580526
1.087869 0.064623 -0.590653
1.087077 0.064623 -0.600759
1.086070 0.064623 -0.610837
1.084848 0.064623 -0.620880
1.083415 0.064623 -0.630880
1.081770 0.064623 -0.640833
1.079918 0.064623 -0.650730
1.077859 0.064623 -0.660566
1.075598 0.064623 -0.670334
1.075598 0.074128 -0.670334
1.075598 0.083633 -0.670334
1.075598 0.093138 -0.670334
1.075598 0.102643 -0.670334
1.075598 0.112148 -0.670334
0.976461 0.045980 -0.650479
0.976461 0.602450 -0.650479
1.061859 0.045980 -0.667582
1.061859 0.602450 -0.667582
0.976461 0.463333 -0.650479
0.976461 0.324215 -0.650479
0.976461 0.185098 -0.650479
1.061859 0.324215 -0.667582
1.061859 0.045980 -0.667582
1.061859 0.324215 -0.667582
1.061859 0.602450 -0.667582
1.066105 0.045980 -0.648407
1.066105 0.602450 -0.648407
1.069537 0.045980 -0.629014
1.069537 0.602450 -0.629014
1.072137 0.045980 -0.609456
1.072137 0.602450 -0.609456
1.073896 0.045980 -0.589786
1.073896 0.602450 -0.589786
1.074807 0.045980 -0.570058
1.074807 0.602450 -0.570058
1.074870 0.045980 -0.550328
1.074870 0.602450 -0.550328
1.074087 0.045980 -0.530649
1.074087 0.602450 -0.530649
1.072466 0.045980 -0.511076
1.072466 0.324215 -0.511076
1.072466 0.602450 -0.511076
1.069537 0.324215 -0.629014
1.072137 0.324215 -0.609456
1.073896 0.324215 -0.589786
1.074807 0.324215 -0.570058
1.074870 0.324215 -0.550328
1.074087 0.324215 -0.530649
1.072466 0.045980 -0.511076
1.072466 0.602450 -0.511076
1.086390 0.045980 -0.509623
1.086390 0.602450 -0.509623
1.072466 0.324215 -0.511076
1.086390 0.325418 -0.509623
0.972745 0.602450 -0.664013
0.973702 0.602450 -0.660683
0.974654 0.602450 -0.657261
0.975574 0.602450 -0.653866
0.976461 0.602450 -0.650479
0.972745 0.463333 -0.664013
0.973702 0.463333 -0.660683
0.974654 0.463333 -0.657261
0.975574 0.463333 -0.653866
0.976461 0.463333 -0.650479
0.972745 0.324215 -0.664013
0.973702 0.324215 -0.660683
0.974654 0.324215 -0.657261
0.975574 0.324215 -0.653866
0.976461 0.324215 -0.650479
0.972745 0.185098 -0.664013
0.973702 0.185098 -0.660683
0.974654 0.185098 -0.657261
0.975574 0.185098 -0.653866
0.976461 0.185098 -0.650479
0.972745 0.045980 -0.664013
0.973702 0.045980 -0.660683
0.974654 0.045980 -0.657261
0.975574 0.045980 -0.653866
0.976461 0.045980 -0.650479
1.072089 0.045980 -0.683909
1.072089 0.602450 -0.683909
0.972745 0.045980 -0.664013
0.972745 0.602450 -0.664013
0.972745 0.185098 -0.664013
0.972745 0.324215 -0.664013
0.972745 0.463333 -0.664013
1.072089 0.463243 -0.683909
1.072089 0.324136 -0.683909
0.976461 0.045980 -0.650479
1.061859 0.045980 -0.667582
1.066105 0.045980 -0.648407
1.069537 0.045980 -0.629014
1.072137 0.045980 -0.609456
1.073896 0.045980 -0.589786
1.074807 0.045980 -0.570058
1.074870 0.045980 -0.550328
1.074087 0.045980 -0.530649
1.072466 0.045980 -0.511076
1.086390 0.045980 -0.509623
1.088868 0.045980 -0.550085
1.088804 0.045980 -0.570384
1.087869 0.045980 -0.590653
1.086070 0.045980 -0.610837
1.083415 0.045980 -0.630880
1.079918 0.045980 -0.650730
1.075598 0.045980 -0.670334
0.972745 0.045980 -0.664013
0.973702 0.045980 -0.660683
0.974654 0.045980 -0.657261
0.975574 0.045980 -0.653866
1.073893 0.045980 -0.677137
1.073003 0.045980 -0.680528
1.072089 0.045980 -0.683909
0.976461 0.602450 -0.650479
1.061859 0.602450 -0.667582
1.066105 0.602450 -0.648407
1.069537 0.602450 -0.629014
1.072137 0.602450 -0.609456
1.073896 0.602450 -0.589786
1.074807 0.602450 -0.570058
1.074870 0.602450 -0.550328
1.074087 0.602450 -0.530649
1.072466 0.602450 -0.511076
1.086390 0.602450 -0.509623
1.088056 0.602450 -0.529720
1.088865 0.602450 -0.549926
1.088808 0.602450 -0.570185
1.087884 0.602450 -0.590441
1.086092 0.602450 -0.610639
1.083439 0.602450 -0.630724
1.075598 0.602450 -0.670334
0.972745 0.602450 -0.664013
0.973702 0.602450 -0.660683
0.974654 0.602450 -0.657261
0.975574 0.602450 -0.653866
1.074760 0.602450 -0.673730
1.073895 0.602450 -0.677130
1.073004 0.602450 -0.680526
1.072089 0.602450 -0.683909
1.075598 0.602450 -0.670334
1.074760 0.602450 -0.673730
1.073895 0.602450 -0.677130
1.073004 0.602450 -0.680526
1.072089 0.602450 -0.683909
1.074759 0.463459 -0.673732
1.073894 0.463339 -0.677132
1.073004 0.463267 -0.680526
1.072089 0.463243 -0.683909
1.074759 0.324424 -0.673734
1.073894 0.324264 -0.677133
1.073003 0.324168 -0.680527
1.072089 0.324136 -0.683909
1.074759 0.185274 -0.673735
1.073893 0.185154 -0.677135
1.073003 0.185082 -0.680527
1.075598 0.045980 -0.670334
1.073893 0.045980 -0.677137
1.073003 0.045980 -0.680528
1.072089 0.045980 -0.683909
1.075598 0.509705 -0.670334
1.075598 0.416960 -0.670334
1.075598 0.324215 -0.670334
1.075598 0.231470 -0.670334
1.075598 0.138725 -0.670334
1.086390 0.602450 -0.509623
1.088056 0.602450 -0.529720
1.088865 0.602450 -0.549926
1.088808 0.602450 -0.570185
1.087884 0.602450 -0.590441
1.086092 0.602450 -0.610639
1.083439 0.602450 -0.630724
1.075598 0.602450 -0.670334
1.086390 0.325418 -0.509623
1.086390 0.045980 -0.509623
1.088868 0.045980 -0.550085
1.088804 0.045980 -0.570384
1.087869 0.045980 -0.590653
1.086070 0.045980 -0.610837
1.083415 0.045980 -0.630880
1.079918 0.045980 -0.650730
1.075598 0.045980 -0.670334
1.075598 0.138725 -0.670334
1.075598 0.231470 -0.670334
1.075598 0.324215 -0.670334
1.075598 0.416960 -0.670334
1.075598 0.509705 -0.670334
1.088059 0.325237 -0.529767
1.088866 0.325055 -0.550005
1.088806 0.324872 -0.570284
1.087876 0.324689 -0.590547
1.086081 0.324506 -0.610738
1.079927 0.324142 -0.650685
1.083427 0.324324 -0.630802
0.976461 0.000000 -0.650479
0.976461 0.035040 -0.650479
1.061859 0.000000 -0.667582
1.061859 0.035040 -0.667582
0.976461 0.026280 -0.650479
0.976461 0.017520 -0.650479
1.061859 0.000000 -0.667582
1.061859 0.035040 -0.667582
1.064083 0.000000 -0.658025
1.064083 0.035040 -0.658025
1.066105 0.000000 -0.648407
1.066105 0.035040 -0.648407
1.067924 0.000000 -0.638735
1.067924 0.035040 -0.638735
1.069537 0.000000 -0.629014
1.069537 0.035040 -0.629014
1.070942 0.000000 -0.619253
1.070942 0.035040 -0.619253
1.072137 0.000000 -0.609456
1.072137 0.035040 -0.609456
1.073122 0.000000 -0.599631
1.073122 0.035040 -0.599631
1.073896 0.000000 -0.589786
1.073896 0.035040 -0.589786
1.074458 0.000000 -0.579926
1.074458 0.035040 -0.579926
1.074807 0.000000 -0.570058
1.074807 0.035040 -0.570058
1.074945 0.000000 -0.560190
1.074945 0.035040 -0.560190
1.074870 0.000000 -0.550328
1.074870 0.035040 -0.550328
1.074584 0.000000 -0.540479
1.074584 0.035040 -0.540479
1.074087 0.000000 -0.530649
1.074087 0.035040 -0.530649
1.073380 0.000000 -0.520846
1.073380 0.035040 -0.520846
1.072466 0.000000 -0.511076
1.072466 0.035040 -0.511076
1.072466 0.000000 -0.511076
1.072466 0.035040 -0.511076
1.086390 0.000000 -0.509623
1.086390 0.035040 -0.509623
0.972745 0.035040 -0.664013
0.973702 0.035040 -0.660683
0.974654 0.035040 -0.657261
0.975574 0.035040 -0.653866
0.976461 0.035040 -0.650479
0.972745 0.026280 -0.664013
0.973702 0.026280 -0.660683
0.974654 0.026280 -0.657261
0.975574 0.026280 -0.653866
0.976461 0.026280 -0.650479
0.972745 0.017520 -0.664013
0.973702 0.017520 -0.660683
0.974654 0.017520 -0.657261
0.975574 0.017520 -0.653866
0.976461 0.017520 -0.650479
0.972745 0.008760 -0.664013
0.973702 0.008760 -0.660683
0.974654 0.008760 -0.657261
0.975574 0.008760 -0.653866
0.972745 -0.000000 -0.664013
0.973702 -0.000000 -0.660683
0.974654 -0.000000 -0.657261
0.975574 -0.000000 -0.653866
0.976461 0.000000 -0.650479
1.075598 0.035040 -0.670334
1.074758 0.035040 -0.673738
1.073893 0.035040 -0.677137
1.073003 0.035040 -0.680528
1.072089 0.035040 -0.683909
1.074758 0.026280 -0.673738
1.073893 0.026280 -0.677137
1.073003 0.026280 -0.680528
1.072089 0.026280 -0.683909
1.075598 0.017520 -0.670334
1.074758 0.017520 -0.673738
1.073893 0.017520 -0.677137
1.073003 0.017520 -0.680528
1.072089 0.017520 -0.683909
1.074758 0.008760 -0.673738
1.073893 0.008760 -0.677137
1.073003 0.008760 -0.680528
1.072089 0.008760 -0.683909
1.075598 0.000000 -0.670334
1.074758 0.000000 -0.673738
1.073893 0.000000 -0.677137
1.073003 0.000000 -0.680528
1.072089 0.000000 -0.683909
1.075598 0.029200 -0.670334
1.075598 0.023360 -0.670334
1.075598 0.011680 -0.670334
1.075598 0.005840 -0.670334
1.072089 -0.000000 -0.683909
1.072089 0.035040 -0.683909
0.972745 0.000000 -0.664013
0.972745 0.035040 -0.664013
0.972745 0.008760 -0.664013
0.972745 0.017520 -0.664013
0.972745 0.026280 -0.664013
1.072089 0.026280 -0.683909
1.072089 0.017520 -0.683909
1.072089 0.008760 -0.683909
0.976461 0.000000 -0.650479
1.061859 0.000000 -0.667582
1.064083 0.000000 -0.658025
1.066105 0.000000 -0.648407
1.067924 0.000000 -0.638735
1.069537 0.000000 -0.629014
1.070942 0.000000 -0.619253
1.072137 0.000000 -0.609456
1.073122 0.000000 -0.599631
1.073896 0.000000 -0.589786
1.074458 0.000000 -0.579926
1.074807 0.000000 -0.570058
1.074945 0.000000 -0.560190
1.074870 0.000000 -0.550328
1.074584 0.000000 -0.540479
1.074087 0.000000 -0.530649
1.073380 0.000000 -0.520846
1.072466 0.000000 -0.511076
1.086390 0.000000 -0.509623
1.087334 0.000000 -0.519704
1.088062 0.000000 -0.529813
1.088573 0.000000 -0.539942
1.088868 0.000000 -0.550085
1.088944 0.000000 -0.560235
1.088804 0.000000 -0.570384
1.088445 0.000000 -0.580526
1.087869 0.000000 -0.590653
1.087077 0.000000 -0.600759
1.086070 0.000000 -0.610837
1.084848 0.000000 -0.620880
1.083415 0.000000 -0.630880
1.081770 0.000000 -0.640833
1.079918 0.000000 -0.650730
1.077859 0.000000 -0.660566
1.075598 0.000000 -0.670334
0.972745 0.000000 -0.664013
0.973702 -0.000000 -0.660683
0.974654 -0.000000 -0.657261
0.975574 -0.000000 -0.653866
1.074758 0.000000 -0.673738
1.073893 0.000000 -0.677137
1.073003 0.000000 -0.680528
1.072089 -0.000000 -0.683909
0.976461 0.035040 -0.650479
1.061859 0.035040 -0.667582
1.064083 0.035040 -0.658025
1.066105 0.035040 -0.648407
1.067924 0.035040 -0.638735
1.069537 0.035040 -0.629014
1.070942 0.035040 -0.619253
1.072137 0.035040 -0.609456
1.073122 0.035040 -0.599631
1.073896 0.035040 -0.589786
1.074458 0.035040 -0.579926
1.074807 0.035040 -0.570058
1.074945 0.035040 -0.560190
1.074870 0.035040 -0.550328
1.074584 0.035040 -0.540479
1.074087 0.035040 -0.530649
1.073380 0.035040 -0.520846
1.072466 0.035040 -0.511076
1.086390 0.035040 -0.509623
1.087334 0.035040 -0.519704
1.088062 0.035040 -0.529813
1.088573 0.035040 -0.539942
1.088868 0.035040 -0.550085
1.088944 0.035040 -0.560235
1.088804 0.035040 -0.570384
1.088445 0.035040 -0.580526
1.087869 0.035040 -0.590653
1.087077 0.035040 -0.600759
1.086070 0.035040 -0.610837
1.084848 0.035040 -0.620880
1.083415 0.035040 -0.630880
1.081770 0.035040 -0.640833
1.079918 0.035040 -0.650730
1.077859 0.035040 -0.660566
1.075598 0.035040 -0.670334
0.972745 0.035040 -0.664013
0.973702 0.035040 -0.660683
0.974654 0.035040 -0.657261
0.975574 0.035040 -0.653866
1.074758 0.035040 -0.673738
1.073893 0.035040 -0.677137
1.073003 0.035040 -0.680528
1.072089 0.035040 -0.683909
1.086390 0.035040 -0.509623
1.087334 0.035040 -0.519704
1.088062 0.035040 -0.529813
1.088573 0.035040 -0.539942
1.088868 0.035040 -0.550085
1.088944 0.035040 -0.560235
1.088804 0.035040 -0.570384
1.088445 0.035040 -0.580526
1.087869 0.035040 -0.590653
1.087077 0.035040 -0.600759
1.086070 0.035040 -0.610837
1.084848 0.035040 -0.620880
1.083415 0.035040 -0.630880
1.081770 0.035040 -0.640833
1.079918 0.035040 -0.650730
1.077859 0.035040 -0.660566
1.075598 0.035040 -0.670334
1.086390 0.000000 -0.509623
1.087334 0.000000 -0.519704
1.088062 0.000000 -0.529813
1.088573 0.000000 -0.539942
1.088868 0.000000 -0.550085
1.088944 0.000000 -0.560235
1.088804 0.000000 -0.570384
1.088445 0.000000 -0.580526
1.087869 0.000000 -0.590653
1.087077 0.000000 -0.600759
1.086070 0.000000 -0.610837
1.084848 0.000000 -0.620880
1.083415 0.000000 -0.630880
1.081770 0.000000 -0.640833
1.079918 0.000000 -0.650730
1.077859 0.000000 -0.660566
1.075598 0.000000 -0.670334
1.075598 0.005840 -0.670334
1.075598 0.011680 -0.670334
1.075598 0.017520 -0.670334
1.075598 0.023360 -0.670334
1.075598 0.029200 -0.670334
0.255242 0.532982 -0.466806
0.255242 0.522982 -0.466806
0.258642 0.532982 -0.454376
0.258642 0.522982 -0.454376
0.262487 0.532982 -0.442018
0.262487 0.522982 -0.442018
0.266776 0.532982 -0.429757
0.266776 0.522982 -0.429757
0.271506 0.532982 -0.417616
0.271506 0.522982 -0.417616
0.276671 0.532982 -0.405618
0.276671 0.522982 -0.405618
0.282265 0.532982 -0.393788
0.282265 0.522982 -0.393788
0.288278 0.532982 -0.382147
0.288278 0.522982 -0.382147
0.294703 0.532982 -0.370718
0.294703 0.522982 -0.370718
0.301526 0.532982 -0.359522
0.301526 0.522982 -0.359522
0.308734 0.532982 -0.348580
0.308734 0.522982 -0.348580
0.316313 0.532982 -0.337912
0.316313 0.522982 -0.337912
0.324248 0.532982 -0.327536
0.324248 0.522982 -0.327536
0.332521 0.532982 -0.317470
0.332521 0.522982 -0.317470
0.341115 0.532982 -0.307729
0.341115 0.522982 -0.307729
0.350010 0.532982 -0.298328
0.350010 0.522982 -0.298328
0.359186 0.532982 -0.289280
0.359186 0.522982 -0.289280
0.359186 0.532982 -0.289280
0.359186 0.522982 -0.289280
0.289529 0.532982 -0.216144
0.289529 0.522982 -0.216144
0.289529 0.532982 -0.216144
0.289529 0.522982 -0.216144
0.277862 0.532982 -0.227647
0.277862 0.522982 -0.227647
0.266553 0.532982 -0.239600
0.266553 0.522982 -0.239600
0.255627 0.532982 -0.251985
0.255627 0.522982 -0.251985
0.245108 0.532982 -0.264784
0.245108 0.522982 -0.264784
0.235020 0.532982 -0.277976
0.235020 0.522982 -0.277976
0.225383 0.532982 -0.291539
0.225383 0.522982 -0.291539
0.216218 0.532982 -0.305451
0.216218 0.522982 -0.305451
0.207544 0.532982 -0.319685
0.207544 0.522982 -0.319685
0.199376 0.532982 -0.334216
0.199376 0.522982 -0.334216
0.191730 0.532982 -0.349017
0.191730 0.522982 -0.349017
0.184618 0.532982 -0.364058
0.184618 0.522982 -0.364058
0.178051 0.532982 -0.379312
0.178051 0.522982 -0.379312
0.172037 0.532982 -0.394749
0.172037 0.522982 -0.394749
0.166584 0.532982 -0.410338
0.166584 0.522982 -0.410338
0.161695 0.532982 -0.426050
0.161695 0.522982 -0.426050
0.157373 0.532982 -0.441854
0.157373 0.522982 -0.441854
0.157373 0.532982 -0.441854
0.157373 0.522982 -0.441854
0.255242 0.532982 -0.466806
0.255242 0.522982 -0.466806
0.255242 0.532982 -0.466806
0.258642 0.532982 -0.454376
0.262487 0.532982 -0.442018
0.266776 0.532982 -0.429757
0.271506 0.532982 -0.417616
0.276671 0.532982 -0.405618
0.282265 0.532982 -0.393788
0.288278 0.532982 -0.382147
0.294703 0.532982 -0.370718
0.301526 0.532982 -0.359522
0.308734 0.532982 -0.348580
0.316313 0.532982 -0.337912
0.324248 0.532982 -0.327536
0.332521 0.532982 -0.317470
0.341115 0.532982 -0.307729
0.350010 0.532982 -0.298328
0.359186 0.532982 -0.289280
0.289529 0.532982 -0.216144
0.277862 0.532982 -0.227647
0.266553 0.532982 -0.239600
0.255627 0.532982 -0.251985
0.245108 0.532982 -0.264784
0.235020 0.532982 -0.277976
0.225383 0.532982 -0.291539
0.216218 0.532982 -0.305451
0.207544 0.532982 -0.319685
0.199376 0.532982 -0.334216
0.191730 0.532982 -0.349017
0.184618 0.532982 -0.364058
0.178051 0.532982 -0.379312
0.172037 0.532982 -0.394749
0.166584 0.532982 -0.410338
0.161695 0.532982 -0.426050
0.157373 0.532982 -0.441854
0.255242 0.522982 -0.466806
0.258642 0.522982 -0.454376
0.262487 0.522982 -0.442018
0.266776 0.522982 -0.429757
0.271506 0.522982 -0.417616
0.276671 0.522982 -0.405618
0.282265 0.522982 -0.393788
0.288278 0.522982 -0.382147
0.294703 0.522982 -0.370718
0.301526 0.522982 -0.359522
0.308734 0.522982 -0.348580
0.316313 0.522982 -0.337912
0.324248 0.522982 -0.327536
0.332521 0.522982 -0.317470
0.341115 0.522982 -0.307729
0.350010 0.522982 -0.298328
0.359186 0.522982 -0.289280
0.289529 0.522982 -0.216144
0.277862 0.522982 -0.227647
0.266553 0.522982 -0.239600
0.255627 0.522982 -0.251985
0.245108 0.522982 -0.264784
0.235020 0.522982 -0.277976
0.225383 0.522982 -0.291539
0.216218 0.522982 -0.305451
0.207544 0.522982 -0.319685
0.199376 0.522982 -0.334216
0.191730 0.522982 -0.349017
0.184618 0.522982 -0.364058
0.178051 0.522982 -0.379312
0.172037 0.522982 -0.394749
0.166584 0.522982 -0.410338
0.161695 0.522982 -0.426050
0.157373 0.522982 -0.441854
0.255242 0.412559 -0.466806
0.255242 0.402559 -0.466806
0.258642 0.412559 -0.454376
0.258642 0.402559 -0.454376
0.262487 0.412559 -0.442018
0.262487 0.402559 -0.442018
0.266776 0.412559 -0.429757
0.266776 0.402559 -0.429757
0.271506 0.412559 -0.417616
0.271506 0.402559 -0.417616
0.276671 0.412559 -0.405618
0.276671 0.402559 -0.405618
0.282265 0.412559 -0.393788
0.282265 0.402559 -0.393788
0.288278 0.412559 -0.382147
0.288278 0.402559 -0.382147
0.294703 0.412559 -0.370718
0.294703 0.402559 -0.370718
0.301526 0.412559 -0.359522
0.301526 0.402559 -0.359522
0.308734 0.412559 -0.348580
0.308734 0.402559 -0.348580
0.316313 0.412559 -0.337912
0.316313 0.402559 -0.337912
0.324248 0.412559 -0.327536
0.324248 0.402559 -0.327536
0.332521 0.412559 -0.317470
0.332521 0.402559 -0.317470
0.341115 0.412559 -0.307729
0.341115 0.402559 -0.307729
0.350010 0.412559 -0.298328
0.350010 0.402559 -0.298328
0.359186 0.412559 -0.289280
0.359186 0.402559 -0.289280
0.359186 0.412559 -0.289280
0.359186 0.402559 -0.289280
0.289529 0.412559 -0.216144
0.289529 0.402559 -0.216144
0.289529 0.412559 -0.216144
0.289529 0.402559 -0.216144
0.277862 0.412559 -0.227647
0.277862 0.402559 -0.227647
0.266553 0.412559 -0.239600
0.266553 0.402559 -0.239600
0.255627 0.412559 -0.251985
0.255627 0.402559 -0.251985
0.245108 0.412559 -0.264784
0.245108 0.402559 -0.264784
0.235020 0.412559 -0.277976
0.235020 0.402559 -0.277976
0.225383 0.412559 -0.291539
0.225383 0.402559 -0.291539
0.216218 0.412559 -0.305451
0.216218 0.402559 -0.305451
0.207544 0.412559 -0.319685
0.207544 0.402559 -0.319685
0.199376 0.412559 -0.334216
0.199376 0.402559 -0.334216
0.191730 0.412559 -0.349017
0.191730 0.402559 -0.349017
0.184618 0.412559 -0.364058
0.184618 0.402559 -0.364058
0.178051 0.412559 -0.379312
0.178051 0.402559 -0.379312
0.172037 0.412559 -0.394749
0.172037 0.402559 -0.394749
0.166584 0.412559 -0.410338
0.166584 0.402559 -0.410338
0.161695 0.412559 -0.426050
0.161695 0.402559 -0.426050
0.157373 0.412559 -0.441854
0.157373 0.402559 -0.441854
0.157373 0.412559 -0.441854
0.157373 0.402559 -0.441854
0.255242 0.412559 -0.466806
0.255242 0.402559 -0.466806
0.255242 0.412559 -0.466806
0.258642 0.412559 -0.454376
0.262487 0.412559 -0.442018
0.266776 0.412559 -0.429757
0.271506 0.412559 -0.417616
0.276671 0.412559 -0.405618
0.282265 0.412559 -0.393788
0.288278 0.412559 -0.382147
0.294703 0.412559 -0.370718
0.301526 0.412559 -0.359522
0.308734 0.412559 -0.348580
0.316313 0.412559 -0.337912
0.324248 0.412559 -0.327536
0.332521 0.412559 -0.317470
0.341115 0.412559 -0.307729
0.350010 0.412559 -0.298328
0.359186 0.412559 -0.289280
0.289529 0.412559 -0.216144
0.277862 0.412559 -0.227647
0.266553 0.412559 -0.239600
0.255627 0.412559 -0.251985
0.245108 0.412559 -0.264784
0.235020 0.412559 -0.277976
0.225383 0.412559 -0.291539
0.216218 0.412559 -0.305451
0.207544 0.412559 -0.319685
0.199376 0.412559 -0.334216
0.191730 0.412559 -0.349017
0.184618 0.412559 -0.364058
0.178051 0.412559 -0.379312
0.172037 0.412559 -0.394749
0.166584 0.412559 -0.410338
0.161695 0.412559 -0.426050
0.157373 0.412559 -0.441854
0.255242 0.402559 -0.466806
0.258642 0.402559 -0.454376
0.262487 0.402559 -0.442018
0.266776 0.402559 -0.429757
0.271506 0.402559 -0.417616
0.276671 0.402559 -0.405618
0.282265 0.402559 -0.393788
0.288278 0.402559 -0.382147
0.294703 0.402559 -0.370718
0.301526 0.402559 -0.359522
0.308734 0.402559 -0.348580
0.316313 0.402559 -0.337912
0.324248 0.402559 -0.327536
0.332521 0.402559 -0.317470
0.341115 0.402559 -0.307729
0.350010 0.402559 -0.298328
0.359186 0.402559 -0.289280
0.289529 0.402559 -0.216144
0.277862 0.402559 -0.227647
0.266553 0.402559 -0.239600
0.255627 0.402559 -0.251985
0.245108 0.402559 -0.264784
0.235020 0.402559 -0.277976
0.225383 0.402559 -0.291539
0.216218 0.402559 -0.305451
0.207544 0.402559 -0.319685
0.199376 0.402559 -0.334216
0.191730 0.402559 -0.349017
0.184618 0.402559 -0.364058
0.178051 0.402559 -0.379312
0.172037 0.402559 -0.394749
0.166584 0.402559 -0.410338
0.161695 0.402559 -0.426050
0.157373 0.402559 -0.441854
0.255242 0.293654 -0.466806
0.255242 0.283654 -0.466806
0.258642 0.293654 -0.454376
0.258642 0.283654 -0.454376
0.262487 0.293654 -0.442018
0.262487 0.283654 -0.442018
0.266776 0.293654 -0.429757
0.266776 0.283654 -0.429757
0.271506 0.293654 -0.417616
0.271506 0.283654 -0.417616
0.276671 0.293654 -0.405618
0.276671 0.283654 -0.405618
0.282265 0.293654 -0.393788
0.282265 0.283654 -0.393788
0.288278 0.293654 -0.382147
0.288278 0.283654 -0.382147
0.294703 0.293654 -0.370718
0.294703 0.283654 -0.370718
0.301526 0.293654 -0.359522
0.301526 0.283654 -0.359522
0.308734 0.293654 -0.348580
0.308734 0.283654 -0.348580
0.316313 0.293654 -0.337912
0.316313 0.283654 -0.337912
0.324248 0.293654 -0.327536
0.324248 0.283654 -0.327536
0.332521 0.293654 -0.317470
0.332521 0.283654 -0.317470
0.341115 0.293654 -0.307729
0.341115 0.283654 -0.307729
0.350010 0.293654 -0.298328
0.350010 0.283654 -0.298328
0.359186 0.293654 -0.289280
0.359186 0.283654 -0.289280
0.359186 0.293654 -0.289280
0.359186 0.283654 -0.289280
0.289529 0.293654 -0.216144
0.289529 0.283654 -0.216144
0.289529 0.293654 -0.216144
0.289529 0.283654 -0.216144
0.277862 0.293654 -0.227647
0.277862 0.283654 -0.227647
0.266553 0.293654 -0.239600
0.266553 0.283654 -0.239600
0.255627 0.293654 -0.251985
0.255627 0.283654 -0.251985
0.245108 0.293654 -0.264784
0.245108 0.283654 -0.264784
0.235020 0.293654 -0.277976
0.235020 0.283654 -0.277976
0.225383 0.293654 -0.291539
0.225383 0.283654 -0.291539
0.216218 0.293654 -0.305451
0.216218 0.283654 -0.305451
0.207544 0.293654 -0.319685
0.207544 0.283654 -0.319685
0.199376 0.293654 -0.334216
0.199376 0.283654 -0.334216
0.191730 0.293654 -0.349017
0.191730 0.283654 -0.349017
0.184618 0.293654 -0.364058
0.184618 0.283654 -0.364058
0.178051 0.293654 -0.379312
0.178051 0.283654 -0.379312
0.172037 0.293654 -0.394749
0.172037 0.283654 -0.394749
0.166584 0.293654 -0.410338
0.166584 0.283654 -0.410338
0.161695 0.293654 -0.426050
0.161695 0.283654 -0.426050
0.157373 0.293654 -0.441854
0.157373 0.283654 -0.441854
0.157373 0.293654 -0.441854
0.157373 0.283654 -0.441854
0.255242 0.293654 -0.466806
0.255242 0.283654 -0.466806
0.255242 0.293654 -0.466806
0.258642 0.293654 -0.454376
0.262487 0.293654 -0.442018
0.266776 0.293654 -0.429757
0.271506 0.293654 -0.417616
0.276671 0.293654 -0.405618
0.282265 0.293654 -0.393788
0.288278 0.293654 -0.382147
0.294703 0.293654 -0.370718
0.301526 0.293654 -0.359522
0.308734 0.293654 -0.348580
0.316313 0.293654 -0.337912
0.324248 0.293654 -0.327536
0.332521 0.293654 -0.317470
0.341115 0.293654 -0.307729
0.350010 0.293654 -0.298328
0.359186 0.293654 -0.289280
0.289529 0.293654 -0.216144
0.277862 0.293654 -0.227647
0.266553 0.293654 -0.239600
0.255627 0.293654 -0.251985
0.245108 0.293654 -0.264784
0.235020 0.293654 -0.277976
0.225383 0.293654 -0.291539
0.216218 0.293654 -0.305451
0.207544 0.293654 -0.319685
0.199376 0.293654 -0.334216
0.191730 0.293654 -0.349017
0.184618 0.293654 -0.364058
0.178051 0.293654 -0.379312
0.172037 0.293654 -0.394749
0.166584 0.293654 -0.410338
0.161695 0.293654 -0.426050
0.157373 0.293654 -0.441854
0.255242 0.283654 -0.466806
0.258642 0.283654 -0.454376
0.262487 0.283654 -0.442018
0.266776 0.283654 -0.429757
0.271506 0.283654 -0.417616
0.276671 0.283654 -0.405618
0.282265 0.283654 -0.393788
0.288278 0.283654 -0.382147
0.294703 0.283654 -0.370718
0.301526 0.283654 -0.359522
0.308734 0.283654 -0.348580
0.316313 0.283654 -0.337912
0.324248 0.283654 -0.327536
0.332521 0.283654 -0.317470
0.341115 0.283654 -0.307729
0.350010 0.283654 -0.298328
0.359186 0.283654 -0.289280
0.289529 0.283654 -0.216144
0.277862 0.283654 -0.227647
0.266553 0.283654 -0.239600
0.255627 0.283654 -0.251985
0.245108 0.283654 -0.264784
0.235020 0.283654 -0.277976
0.225383 0.283654 -0.291539
0.216218 0.283654 -0.305451
0.207544 0.283654 -0.319685
0.199376 0.283654 -0.334216
0.191730 0.283654 -0.349017
0.184618 0.283654 -0.364058
0.178051 0.283654 -0.379312
0.172037 0.283654 -0.394749
0.166584 0.283654 -0.410338
0.161695 0.283654 -0.426050
0.157373 0.283654 -0.441854
0.255242 0.153497 -0.466806
0.255242 0.143497 -0.466806
0.258642 0.153497 -0.454376
0.258642 0.143497 -0.454376
0.262487 0.153497 -0.442018
0.262487 0.143497 -0.442018
0.266776 0.153497 -0.429757
0.266776 0.143497 -0.429757
0.271506 0.153497 -0.417616
0.271506 0.143497 -0.417616
0.276671 0.153497 -0.405618
0.276671 0.143497 -0.405618
0.282265 0.153497 -0.393788
0.282265 0.143497 -0.393788
0.288278 0.153497 -0.382147
0.288278 0.143497 -0.382147
0.294703 0.153497 -0.370718
0.294703 0.143497 -0.370718
0.301526 0.153497 -0.359522
0.301526 0.143497 -0.359522
0.308734 0.153497 -0.348580
0.308734 0.143497 -0.348580
0.316313 0.153497 -0.337912
0.316313 0.143497 -0.337912
0.324248 0.153497 -0.327536
0.324248 0.143497 -0.327536
0.332521 0.153497 -0.317470
0.332521 0.143497 -0.317470
0.341115 0.153497 -0.307729
0.341115 0.143497 -0.307729
0.350010 0.153497 -0.298328
0.350010 0.143497 -0.298328
0.359186 0.153497 -0.289280
0.359186 0.143497 -0.289280
0.359186 0.153497 -0.289280
0.359186 0.143497 -0.289280
0.289529 0.153497 -0.216144
0.289529 0.143497 -0.216144
0.289529 0.153497 -0.216144
0.289529 0.143497 -0.216144
0.277862 0.153497 -0.227647
0.277862 0.143497 -0.227647
0.266553 0.153497 -0.239600
0.266553 0.143497 -0.239600
0.255627 0.153497 -0.251985
0.255627 0.143497 -0.251985
0.245108 0.153497 -0.264784
0.245108 0.143497 -0.264784
0.235020 0.153497 -0.277976
0.235020 0.143497 -0.277976
0.225383 0.153497 -0.291539
0.225383 0.143497 -0.291539
0.216218 0.153497 -0.305451
0.216218 0.143497 -0.305451
0.207544 0.153497 -0.319685
0.207544 0.143497 -0.319685
0.199376 0.153497 -0.334216
0.199376 0.143497 -0.334216
0.191730 0.153497 -0.349017
0.191730 0.143497 -0.349017
0.184618 0.153497 -0.364058
0.184618 0.143497 -0.364058
0.178051 0.153497 -0.379312
0.178051 0.143497 -0.379312
0.172037 0.153497 -0.394749
0.172037 0.143497 -0.394749
0.166584 0.153497 -0.410338
0.166584 0.143497 -0.410338
0.161695 0.153497 -0.426050
0.161695 0.143497 -0.426050
0.157373 0.153497 -0.441854
0.157373 0.143497 -0.441854
0.157373 0.153497 -0.441854
0.157373 0.143497 -0.441854
0.255242 0.153497 -0.466806
0.255242 0.143497 -0.466806
0.255242 0.153497 -0.466806
0.258642 0.153497 -0.454376
0.262487 0.153497 -0.442018
0.266776 0.153497 -0.429757
0.271506 0.153497 -0.417616
0.276671 0.153497 -0.405618
0.282265 0.153497 -0.393788
0.288278 0.153497 -0.382147
0.294703 0.153497 -0.370718
0.301526 0.153497 -0.359522
0.308734 0.153497 -0.348580
0.316313 0.153497 -0.337912
0.324248 0.153497 -0.327536
0.332521 0.153497 -0.317470
0.341115 0.153497 -0.307729
0.350010 0.153497 -0.298328
0.359186 0.153497 -0.289280
0.289529 0.153497 -0.216144
0.277862 0.153497 -0.227647
0.266553 0.153497 -0.239600
0.255627 0.153497 -0.251985
0.245108 0.153497 -0.264784
0.235020 0.153497 -0.277976
0.225383 0.153497 -0.291539
0.216218 0.153497 -0.305451
0.207544 0.153497 -0.319685
0.199376 0.153497 -0.334216
0.191730 0.153497 -0.349017
0.184618 0.153497 -0.364058
0.178051 0.153497 -0.379312
0.172037 0.153497 -0.394749
0.166584 0.153497 -0.410338
0.161695 0.153497 -0.426050
0.157373 0.153497 -0.441854
0.255242 0.143497 -0.466806
0.258642 0.143497 -0.454376
0.262487 0.143497 -0.442018
0.266776 0.143497 -0.429757
0.271506 0.143497 -0.417616
0.276671 0.143497 -0.405618
0.282265 0.143497 -0.393788
0.288278 0.143497 -0.382147
0.294703 0.143497 -0.370718
0.301526 0.143497 -0.359522
0.308734 0.143497 -0.348580
0.316313 0.143497 -0.337912
0.324248 0.143497 -0.327536
0.332521 0.143497 -0.317470
0.341115 0.143497 -0.307729
0.350010 0.143497 -0.298328
0.359186 0.143497 -0.289280
0.289529 0.143497 -0.216144
0.277862 0.143497 -0.227647
0.266553 0.143497 -0.239600
0.255627 0.143497 -0.251985
0.245108 0.143497 -0.264784
0.235020 0.143497 -0.277976
0.225383 0.143497 -0.291539
0.216218 0.143497 -0.305451
0.207544 0.143497 -0.319685
0.199376 0.143497 -0.334216
0.191730 0.143497 -0.349017
0.184618 0.143497 -0.364058
0.178051 0.143497 -0.379312
0.172037 0.143497 -0.394749
0.166584 0.143497 -0.410338
0.161695 0.143497 -0.426050
0.157373 0.143497 -0.441854
0.255242 0.037122 -0.466806
0.255242 0.027122 -0.466806
0.258642 0.037122 -0.454376
0.258642 0.027122 -0.454376
0.262487 0.037122 -0.442018
0.262487 0.027122 -0.442018
0.266776 0.037122 -0.429757
0.266776 0.027122 -0.429757
0.271506 0.037122 -0.417616
0.271506 0.027122 -0.417616
0.276671 0.037122 -0.405618
0.276671 0.027122 -0.405618
0.282265 0.037122 -0.393788
0.282265 0.027122 -0.393788
0.288278 0.037122 -0.382147
0.288278 0.027122 -0.382147
0.294703 0.037122 -0.370718
0.294703 0.027122 -0.370718
0.301526 0.037122 -0.359522
0.301526 0.027122 -0.359522
0.308734 0.037122 -0.348580
0.308734 0.027122 -0.348580
0.316313 0.037122 -0.337912
0.316313 0.027122 -0.337912
0.324248 0.037122 -0.327536
0.324248 0.027122 -0.327536
0.332521 0.037122 -0.317470
0.332521 0.027122 -0.317470
0.341115 0.037122 -0.307729
0.341115 0.027122 -0.307729
0.350010 0.037122 -0.298328
0.350010 0.027122 -0.298328
0.359186 0.037122 -0.289280
0.359186 0.027122 -0.289280
0.359186 0.037122 -0.289280
0.359186 0.027122 -0.289280
0.289529 0.037122 -0.216144
0.289529 0.027122 -0.216144
0.289529 0.037122 -0.216144
0.289529 0.027122 -0.216144
0.277862 0.037122 -0.227647
0.277862 0.027122 -0.227647
0.266553 0.037122 -0.239600
0.266553 0.027122 -0.239600
0.255627 0.037122 -0.251985
0.255627 0.027122 -0.251985
0.245108 0.037122 -0.264784
0.245108 0.027122 -0.264784
0.235020 0.037122 -0.277976
0.235020 0.027122 -0.277976
0.225383 0.037122 -0.291539
0.225383 0.027122 -0.291539
0.216218 0.037122 -0.305451
0.216218 0.027122 -0.305451
0.207544 0.037122 -0.319685
0.207544 0.027122 -0.319685
0.199376 0.037122 -0.334216
0.199376 0.027122 -0.334216
0.191730 0.037122 -0.349017
0.191730 0.027122 -0.349017
0.184618 0.037122 -0.364058
0.184618 0.027122 -0.364058
0.178051 0.037122 -0.379312
0.178051 0.027122 -0.379312
0.172037 0.037122 -0.394749
0.172037 0.027122 -0.394749
0.166584 0.037122 -0.410338
0.166584 0.027122 -0.410338
0.161695 0.037122 -0.426050
0.161695 0.027122 -0.426050
0.157373 0.037122 -0.441854
0.157373 0.027122 -0.441854
0.157373 0.037122 -0.441854
0.157373 0.027122 -0.441854
0.255242 0.037122 -0.466806
0.255242 0.027122 -0.466806
0.255242 0.037122 -0.466806
0.258642 0.037122 -0.454376
0.262487 0.037122 -0.442018
0.266776 0.037122 -0.429757
0.271506 0.037122 -0.417616
0.276671 0.037122 -0.405618
0.282265 0.037122 -0.393788
0.288278 0.037122 -0.382147
0.294703 0.037122 -0.370718
0.301526 0.037122 -0.359522
0.308734 0.037122 -0.348580
0.316313 0.037122 -0.337912
0.324248 0.037122 -0.327536
0.332521 0.037122 -0.317470
0.341115 0.037122 -0.307729
0.350010 0.037122 -0.298328
0.359186 0.037122 -0.289280
0.289529 0.037122 -0.216144
0.277862 0.037122 -0.227647
0.266553 0.037122 -0.239600
0.255627 0.037122 -0.251985
0.245108 0.037122 -0.264784
0.235020 0.037122 -0.277976
0.225383 0.037122 -0.291539
0.216218 0.037122 -0.305451
0.207544 0.037122 -0.319685
0.199376 0.037122 -0.334216
0.191730 0.037122 -0.349017
0.184618 0.037122 -0.364058
0.178051 0.037122 -0.379312
0.172037 0.037122 -0.394749
0.166584 0.037122 -0.410338
0.161695 0.037122 -0.426050
0.157373 0.037122 -0.441854
0.255242 0.027122 -0.466806
0.258642 0.027122 -0.454376
0.262487 0.027122 -0.442018
0.266776 0.027122 -0.429757
0.271506 0.027122 -0.417616
0.276671 0.027122 -0.405618
0.282265 0.027122 -0.393788
0.288278 0.027122 -0.382147
0.294703 0.027122 -0.370718
0.301526 0.027122 -0.359522
0.308734 0.027122 -0.348580
0.316313 0.027122 -0.337912
0.324248 0.027122 -0.327536
0.332521 0.027122 -0.317470
0.341115 0.027122 -0.307729
0.350010 0.027122 -0.298328
0.359186 0.027122 -0.289280
0.289529 0.027122 -0.216144
0.277862 0.027122 -0.227647
0.266553 0.027122 -0.239600
0.255627 0.027122 -0.251985
0.245108 0.027122 -0.264784
0.235020 0.027122 -0.277976
0.225383 0.027122 -0.291539
0.216218 0.027122 -0.305451
0.207544 0.027122 -0.319685
0.199376 0.027122 -0.334216
0.191730 0.027122 -0.349017
0.184618 0.027122 -0.364058
0.178051 0.027122 -0.379312
0.172037 0.027122 -0.394749
0.166584 0.027122 -0.410338
0.161695 0.027122 -0.426050
0.157373 0.027122 -0.441854
1.216095 0.254930 -0.411258
1.216095 0.248290 -0.411258
1.215804 0.254930 -0.411258
1.215804 0.248290 -0.411258
1.215804 0.254930 -0.411258
1.215804 0.248290 -0.411258
1.073574 0.254930 -0.439114
1.073574 0.248290 -0.439114
1.073574 0.254930 -0.439114
1.073574 0.248290 -0.439114
1.077209 0.254930 -0.454007
1.077209 0.248290 -0.454007
1.080371 0.254930 -0.469067
1.080371 0.248290 -0.469067
1.083049 0.254930 -0.484270
1.083049 0.248290 -0.484270
1.085235 0.254930 -0.499594
1.085235 0.248290 -0.499594
1.086922 0.254930 -0.515015
1.086922 0.248290 -0.515015
1.088104 0.254930 -0.530507
1.088104 0.248290 -0.530507
1.088777 0.254930 -0.546047
1.088777 0.248290 -0.546047
1.088938 0.254930 -0.561609
1.088938 0.248290 -0.561609
1.088588 0.254930 -0.577168
1.088588 0.248290 -0.577168
1.087727 0.254930 -0.592699
1.087727 0.248290 -0.592699
1.086357 0.254930 -0.608176
1.086357 0.248290 -0.608176
1.084483 0.254930 -0.623575
1.084483 0.248290 -0.623575
1.082112 0.254930 -0.638871
1.082112 0.248290 -0.638871
1.079249 0.254930 -0.654041
1.079249 0.248290 -0.654041
1.075905 0.254930 -0.669061
1.075905 0.248290 -0.669061
1.072089 0.254930 -0.683909
1.072089 0.248290 -0.683909
1.072089 0.254930 -0.683909
1.072089 0.248290 -0.683909
1.203132 0.254930 -0.710155
1.203132 0.248290 -0.710155
1.203132 0.254930 -0.710155
1.203132 0.248290 -0.710155
1.215117 0.254930 -0.710146
1.215117 0.248290 -0.710146
1.215117 0.254930 -0.710146
1.215117 0.248290 -0.710146
1.219425 0.254930 -0.691935
1.219425 0.248290 -0.691935
1.223192 0.254930 -0.673543
1.223192 0.248290 -0.673543
1.226407 0.254930 -0.654993
1.226407 0.248290 -0.654993
1.229060 0.254930 -0.636309
1.229060 0.248290 -0.636309
1.231146 0.254930 -0.617518
1.231146 0.248290 -0.617518
1.232657 0.254930 -0.598646
1.232657 0.248290 -0.598646
1.233591 0.254930 -0.579718
1.233591 0.248290 -0.579718
1.233944 0.254930 -0.560762
1.233944 0.248290 -0.560762
1.233715 0.254930 -0.541804
1.233715 0.248290 -0.541804
1.232905 0.254930 -0.522870
1.232905 0.248290 -0.522870
1.231517 0.254930 -0.503988
1.231517 0.248290 -0.503988
1.229555 0.254930 -0.485184
1.229555 0.248290 -0.485184
1.227023 0.254930 -0.466484
1.227023 0.248290 -0.466484
1.223930 0.254930 -0.447913
1.223930 0.248290 -0.447913
1.220284 0.254930 -0.429496
1.220284 0.248290 -0.429496
1.216095 0.254930 -0.411258
1.216095 0.248290 -0.411258
1.216095 0.254930 -0.411258
1.215804 0.254930 -0.411258
1.073574 0.254930 -0.439114
1.077209 0.254930 -0.454007
1.080371 0.254930 -0.469067
1.083049 0.254930 -0.484270
1.085235 0.254930 -0.499594
1.086922 0.254930 -0.515015
1.088104 0.254930 -0.530507
1.088777 0.254930 -0.546047
1.088938 0.254930 -0.561609
1.088588 0.254930 -0.577168
1.087727 0.254930 -0.592699
1.086357 0.254930 -0.608176
1.084483 0.254930 -0.623575
1.082112 0.254930 -0.638871
1.079249 0.254930 -0.654041
1.075905 0.254930 -0.669061
1.072089 0.254930 -0.683909
1.203132 0.254930 -0.710155
1.215117 0.254930 -0.710146
1.219425 0.254930 -0.691935
1.223192 0.254930 -0.673543
1.226407 0.254930 -0.654993
1.229060 0.254930 -0.636309
1.231146 0.254930 -0.617518
1.232657 0.254930 -0.598646
1.233591 0.254930 -0.579718
1.233944 0.254930 -0.560762
1.233715 0.254930 -0.541804
1.232905 0.254930 -0.522870
1.231517 0.254930 -0.503988
1.229555 0.254930 -0.485184
1.227023 0.254930 -0.466484
1.223930 0.254930 -0.447913
1.220284 0.254930 -0.429496
1.216095 0.248290 -0.411258
1.215804 0.248290 -0.411258
1.073574 0.248290 -0.439114
1.077209 0.248290 -0.454007
1.080371 0.248290 -0.469067
1.083049 0.248290 -0.484270
1.085235 0.248290 -0.499594
1.086922 0.248290 -0.515015
1.088104 0.248290 -0.530507
1.088777 0.248290 -0.546047
1.088938 0.248290 -0.561609
1.088588 0.248290 -0.577168
1.087727 0.248290 -0.592699
1.086357 0.248290 -0.608176
1.084483 0.248290 -0.623575
1.082112 0.248290 -0.638871
1.079249 0.248290 -0.654041
1.075905 0.248290 -0.669061
1.072089 0.248290 -0.683909
1.203132 0.248290 -0.710155
1.215117 0.248290 -0.710146
1.219425 0.248290 -0.691935
1.223192 0.248290 -0.673543
1.226407 0.248290 -0.654993
1.229060 0.248290 -0.636309
1.231146 0.248290 -0.617518
1.232657 0.248290 -0.598646
1.233591 0.248290 -0.579718
1.233944 0.248290 -0.560762
1.233715 0.248290 -0.541804
1.232905 0.248290 -0.522870
1.231517 0.248290 -0.503988
1.229555 0.248290 -0.485184
1.227023 0.248290 -0.466484
1.223930 0.248290 -0.447913
1.220284 0.248290 -0.429496
1.216095 0.174667 -0.411258
1.216095 0.159608 -0.411258
1.215804 0.174667 -0.411258
1.215804 0.159608 -0.411258
1.215804 0.174667 -0.411258
1.215804 0.159608 -0.411258
1.073574 0.174667 -0.439114
1.073574 0.159608 -0.439114
1.073574 0.174667 -0.439114
1.073574 0.159608 -0.439114
1.077209 0.174667 -0.454007
1.077209 0.159608 -0.454007
1.080371 0.174667 -0.469067
1.080371 0.159608 -0.469067
1.083049 0.174667 -0.484270
1.083049 0.159608 -0.484270
1.085235 0.174667 -0.499594
1.085235 0.159608 -0.499594
1.086922 0.174667 -0.515015
1.086922 0.159608 -0.515015
1.088104 0.174667 -0.530507
1.088104 0.159608 -0.530507
1.088777 0.174667 -0.546047
1.088777 0.159608 -0.546047
1.088938 0.174667 -0.561609
1.088938 0.159608 -0.561609
1.088588 0.174667 -0.577168
1.088588 0.159608 -0.577168
1.087727 0.174667 -0.592699
1.087727 0.159608 -0.592699
1.086357 0.174667 -0.608176
1.086357 0.159608 -0.608176
1.084483 0.174667 -0.623575
1.084483 0.159608 -0.623575
1.082112 0.174667 -0.638871
1.082112 0.159608 -0.638871
1.079249 0.174667 -0.654041
1.079249 0.159608 -0.654041
1.075905 0.174667 -0.669061
1.075905 0.159608 -0.669061
1.072089 0.174667 -0.683909
1.072089 0.159608 -0.683909
1.072089 0.174667 -0.683909
1.072089 0.159608 -0.683909
1.203132 0.174667 -0.710155
1.203132 0.159608 -0.710155
1.203132 0.174667 -0.710155
1.203132 0.159608 -0.710155
1.215117 0.174667 -0.710146
1.215117 0.159608 -0.710146
1.215117 0.174667 -0.710146
1.215117 0.159608 -0.710146
1.219425 0.174667 -0.691935
1.219425 0.159608 -0.691935
1.223192 0.174667 -0.673543
1.223192 0.159608 -0.673543
1.226407 0.174667 -0.654993
1.226407 0.159608 -0.654993
1.229060 0.174667 -0.636309
1.229060 0.159608 -0.636309
1.231146 0.174667 -0.617518
1.231146 0.159608 -0.617518
1.232657 0.174667 -0.598646
1.232657 0.159608 -0.598646
1.233591 0.174667 -0.579718
1.233591 0.159608 -0.579718
1.233944 0.174667 -0.560762
1.233944 0.159608 -0.560762
1.233715 0.174667 -0.541804
1.233715 0.159608 -0.541804
1.232905 0.174667 -0.522870
1.232905 0.159608 -0.522870
1.231517 0.174667 -0.503988
1.231517 0.159608 -0.503988
1.229555 0.174667 -0.485184
1.229555 0.159608 -0.485184
1.227023 0.174667 -0.466484
1.227023 0.159608 -0.466484
1.223930 0.174667 -0.447913
1.223930 0.159608 -0.447913
1.220284 0.174667 -0.429496
1.220284 0.159608 -0.429496
1.216095 0.174667 -0.411258
1.216095 0.159608 -0.411258
1.216095 0.174667 -0.411258
1.215804 0.174667 -0.411258
1.073574 0.174667 -0.439114
1.077209 0.174667 -0.454007
1.080371 0.174667 -0.469067
1.083049 0.174667 -0.484270
1.085235 0.174667 -0.499594
1.086922 0.174667 -0.515015
1.088104 0.174667 -0.530507
1.088777 0.174667 -0.546047
1.088938 0.174667 -0.561609
1.088588 0.174667 -0.577168
1.087727 0.174667 -0.592699
1.086357 0.174667 -0.608176
1.084483 0.174667 -0.623575
1.082112 0.174667 -0.638871
1.079249 0.174667 -0.654041
1.075905 0.174667 -0.669061
1.072089 0.174667 -0.683909
1.203132 0.174667 -0.710155
1.215117 0.174667 -0.710146
1.219425 0.174667 -0.691935
1.223192 0.174667 -0.673543
1.226407 0.174667 -0.654993
1.229060 0.174667 -0.636309
1.231146 0.174667 -0.617518
1.232657 0.174667 -0.598646
1.233591 0.174667 -0.579718
1.233944 0.174667 -0.560762
1.233715 0.174667 -0.541804
1.232905 0.174667 -0.522870
1.231517 0.174667 -0.503988
1.229555 0.174667 -0.485184
1.227023 0.174667 -0.466484
1.223930 0.174667 -0.447913
1.220284 0.174667 -0.429496
1.216095 0.159608 -0.411258
1.215804 0.159608 -0.411258
1.073574 0.159608 -0.439114
1.077209 0.159608 -0.454007
1.080371 0.159608 -0.469067
1.083049 0.159608 -0.484270
1.085235 0.159608 -0.499594
1.086922 0.159608 -0.515015
1.088104 0.159608 -0.530507
1.088777 0.159608 -0.546047
1.088938 0.159608 -0.561609
1.088588 0.159608 -0.577168
1.087727 0.159608 -0.592699
1.086357 0.159608 -0.608176
1.084483 0.159608 -0.623575
1.082112 0.159608 -0.638871
1.079249 0.159608 -0.654041
1.075905 0.159608 -0.669061
1.072089 0.159608 -0.683909
1.203132 0.159608 -0.710155
1.215117 0.159608 -0.710146
1.219425 0.159608 -0.691935
1.223192 0.159608 -0.673543
1.226407 0.159608 -0.654993
1.229060 0.159608 -0.636309
1.231146 0.159608 -0.617518
1.232657 0.159608 -0.598646
1.233591 0.159608 -0.579718
1.233944 0.159608 -0.560762
1.233715 0.159608 -0.541804
1.232905 0.159608 -0.522870
1.231517 0.159608 -0.503988
1.229555 0.159608 -0.485184
1.227023 0.159608 -0.466484
1.223930 0.159608 -0.447913
1.220284 0.159608 -0.429496
1.216095 0.167983 -0.411258
1.216095 0.152075 -0.411258
1.220284 0.167983 -0.429496
1.220284 0.152075 -0.429496
1.223930 0.167983 -0.447913
1.223930 0.152075 -0.447913
1.227023 0.167983 -0.466484
1.227023 0.152075 -0.466484
1.229555 0.167983 -0.485184
1.229555 0.152075 -0.485184
1.231517 0.167983 -0.503988
1.231517 0.152075 -0.503988
1.232905 0.167983 -0.522870
1.232905 0.152075 -0.522870
1.233715 0.167983 -0.541804
1.233715 0.152075 -0.541804
1.233944 0.167983 -0.560762
1.233944 0.152075 -0.560762
1.233591 0.167983 -0.579718
1.233591 0.152075 -0.579718
1.232657 0.167983 -0.598646
1.232657 0.152075 -0.598646
1.231146 0.167983 -0.617518
1.231146 0.152075 -0.617518
1.229060 0.167983 -0.636309
1.229060 0.152075 -0.636309
1.226407 0.167983 -0.654993
1.226407 0.152075 -0.654993
1.223192 0.167983 -0.673543
1.223192 0.152075 -0.673543
1.219425 0.167983 -0.691935
1.219425 0.152075 -0.691935
1.215117 0.167983 -0.710146
1.215117 0.152075 -0.710146
1.215117 0.167983 -0.710146
1.215117 0.152075 -0.710146
1.740171 0.167983 -0.709751
1.740171 0.152075 -0.709751
1.740171 0.167983 -0.709751
1.740171 0.152075 -0.709751
1.739946 0.167983 -0.410864
1.739946 0.152075 -0.410864
1.739946 0.167983 -0.410864
1.739946 0.152075 -0.410864
1.216095 0.167983 -0.411258
1.216095 0.152075 -0.411258
1.215117 0.167983 -0.710146
1.216095 0.167983 -0.411258
1.220284 0.167983 -0.429496
1.223930 0.167983 -0.447913
1.227023 0.167983 -0.466484
1.229555 0.167983 -0.485184
1.231517 0.167983 -0.503988
1.232905 0.167983 -0.522870
1.233715 0.167983 -0.541804
1.233944 0.167983 -0.560762
1.233591 0.167983 -0.579718
1.232657 0.167983 -0.598646
1.231146 0.167983 -0.617518
1.229060 0.167983 -0.636309
1.226407 0.167983 -0.654993
1.223192 0.167983 -0.673543
1.219425 0.167983 -0.691935
1.740171 0.167983 -0.709751
1.739946 0.167983 -0.410864
1.215117 0.152075 -0.710146
1.216095 0.152075 -0.411258
1.220284 0.152075 -0.429496
1.223930 0.152075 -0.447913
1.227023 0.152075 -0.466484
1.229555 0.152075 -0.485184
1.231517 0.152075 -0.503988
1.232905 0.152075 -0.522870
1.233715 0.152075 -0.541804
1.233944 0.152075 -0.560762
1.233591 0.152075 -0.579718
1.232657 0.152075 -0.598646
1.231146 0.152075 -0.617518
1.229060 0.152075 -0.636309
1.226407 0.152075 -0.654993
1.223192 0.152075 -0.673543
1.219425 0.152075 -0.691935
1.740171 0.152075 -0.709751
1.739946 0.152075 -0.410864
0.359186 0.429955 -0.289280
0.359186 0.416669 -0.289280
0.347429 0.429955 -0.300989
0.347429 0.416669 -0.300989
0.336012 0.429955 -0.313430
0.336012 0.416669 -0.313430
0.324995 0.429955 -0.326597
0.324995 0.416669 -0.326597
0.314439 0.429955 -0.340477
0.314439 0.416669 -0.340477
0.304403 0.429955 -0.355053
0.304403 0.416669 -0.355053
0.294949 0.429955 -0.370298
0.294949 0.416669 -0.370298
0.286135 0.429955 -0.386182
0.286135 0.416669 -0.386182
0.278019 0.429955 -0.402667
0.278019 0.416669 -0.402667
0.270655 0.429955 -0.419709
0.270655 0.416669 -0.419709
0.264096 0.429955 -0.437257
0.264096 0.416669 -0.437257
0.258386 0.429955 -0.455254
0.258386 0.416669 -0.455254
0.253569 0.429955 -0.473639
0.253569 0.416669 -0.473639
0.249678 0.429955 -0.492346
0.249678 0.416669 -0.492346
0.246743 0.429955 -0.511304
0.246743 0.416669 -0.511304
0.244785 0.429955 -0.530439
0.244785 0.416669 -0.530439
0.243818 0.429955 -0.549675
0.243818 0.416669 -0.549675
0.243847 0.429955 -0.568936
0.243847 0.416669 -0.568936
0.244871 0.429955 -0.588144
0.244871 0.416669 -0.588144
0.246879 0.429955 -0.607222
0.246879 0.416669 -0.607222
0.249854 0.429955 -0.626096
0.249854 0.416669 -0.626096
0.253771 0.429955 -0.644694
0.253771 0.416669 -0.644694
0.258597 0.429955 -0.662948
0.258597 0.416669 -0.662948
0.264294 0.429955 -0.680795
0.264294 0.416669 -0.680795
0.270819 0.429955 -0.698175
0.270819 0.416669 -0.698175
0.278122 0.429955 -0.715035
0.278122 0.416669 -0.715035
0.286152 0.429955 -0.731330
0.286152 0.416669 -0.731330
0.294853 0.429955 -0.747018
0.294853 0.416669 -0.747018
0.304167 0.429955 -0.762064
0.304167 0.416669 -0.762064
0.314035 0.429955 -0.776442
0.314035 0.416669 -0.776442
0.324397 0.429955 -0.790130
0.324397 0.416669 -0.790130
0.335194 0.429955 -0.803113
0.335194 0.416669 -0.803113
0.358077 0.429955 -0.827138
0.358077 0.416669 -0.827138
0.370518 0.429955 -0.838554
0.370518 0.416669 -0.838554
0.383685 0.429955 -0.849571
0.383685 0.416669 -0.849571
0.397565 0.429955 -0.860128
0.397565 0.416669 -0.860128
0.412141 0.429955 -0.870163
0.412141 0.416669 -0.870163
0.427386 0.429955 -0.879618
0.427386 0.416669 -0.879618
0.443270 0.429955 -0.888432
0.443270 0.416669 -0.888432
0.459755 0.429955 -0.896548
0.459755 0.416669 -0.896548
0.476797 0.429955 -0.903911
0.476797 0.416669 -0.903911
0.494344 0.429955 -0.910471
0.494344 0.416669 -0.910471
0.512342 0.429955 -0.916180
0.512342 0.416669 -0.916180
0.530727 0.429955 -0.920998
0.530727 0.416669 -0.920998
0.549434 0.429955 -0.924888
0.549434 0.416669 -0.924888
0.568392 0.429955 -0.927823
0.568392 0.416669 -0.927823
0.587527 0.429955 -0.929781
0.587527 0.416669 -0.929781
0.606763 0.429955 -0.930749
0.606763 0.416669 -0.930749
0.626024 0.429955 -0.930719
0.626024 0.416669 -0.930719
0.645231 0.429955 -0.929696
0.645231 0.416669 -0.929696
0.664310 0.429955 -0.927687
0.664310 0.416669 -0.927687
0.683184 0.429955 -0.924712
0.683184 0.416669 -0.924712
0.701782 0.429955 -0.920796
0.701782 0.416669 -0.920796
0.720036 0.429955 -0.915970
0.720036 0.416669 -0.915970
0.737882 0.429955 -0.910273
0.737882 0.416669 -0.910273
0.755262 0.429955 -0.903748
0.755262 0.416669 -0.903748
0.772123 0.429955 -0.896444
0.772123 0.416669 -0.896444
0.788418 0.429955 -0.888414
0.788418 0.416669 -0.888414
0.804105 0.429955 -0.879714
0.804105 0.416669 -0.879714
0.819152 0.429955 -0.870400
0.819152 0.416669 -0.870400
0.833530 0.429955 -0.860532
0.833530 0.416669 -0.860532
0.847218 0.429955 -0.850169
0.847218 0.416669 -0.850169
0.860201 0.429955 -0.839372
0.860201 0.416669 -0.839372
0.884226 0.429955 -0.816490
0.884226 0.416669 -0.816490
0.895642 0.429955 -0.804049
0.895642 0.416669 -0.804049
0.906659 0.429955 -0.790882
0.906659 0.416669 -0.790882
0.917215 0.429955 -0.777001
0.917215 0.416669 -0.777001
0.927251 0.429955 -0.762426
0.927251 0.416669 -0.762426
0.936706 0.429955 -0.747181
0.936706 0.416669 -0.747181
0.945520 0.429955 -0.731297
0.945520 0.416669 -0.731297
0.953636 0.429955 -0.714812
0.953636 0.416669 -0.714812
0.960999 0.429955 -0.697770
0.960999 0.416669 -0.697770
0.967559 0.429955 -0.680222
0.967559 0.416669 -0.680222
0.973268 0.429955 -0.662225
0.973268 0.416669 -0.662225
0.978085 0.429955 -0.643839
0.978085 0.416669 -0.643839
0.981976 0.429955 -0.625133
0.981976 0.416669 -0.625133
0.984911 0.429955 -0.606175
0.984911 0.416669 -0.606175
0.986869 0.429955 -0.587040
0.986869 0.416669 -0.587040
0.987836 0.429955 -0.567803
0.987836 0.416669 -0.567803
0.987807 0.429955 -0.548543
0.987807 0.416669 -0.548543
0.986783 0.429955 -0.529335
0.986783 0.416669 -0.529335
0.984775 0.429955 -0.510257
0.984775 0.416669 -0.510257
0.981800 0.429955 -0.491383
0.981800 0.416669 -0.491383
0.977884 0.429955 -0.472785
0.977884 0.416669 -0.472785
0.973058 0.429955 -0.454531
0.973058 0.416669 -0.454531
0.967360 0.429955 -0.436684
0.967360 0.416669 -0.436684
0.960836 0.429955 -0.419304
0.960836 0.416669 -0.419304
0.953532 0.429955 -0.402443
0.953532 0.416669 -0.402443
0.945502 0.429955 -0.386149
0.945502 0.416669 -0.386149
0.936801 0.429955 -0.370461
0.936801 0.416669 -0.370461
0.927487 0.429955 -0.355415
0.927487 0.416669 -0.355415
0.917619 0.429955 -0.341036
0.917619 0.416669 -0.341036
0.907257 0.429955 -0.327349
0.907257 0.416669 -0.327349
0.896460 0.429955 -0.314366
0.896460 0.416669 -0.314366
0.873578 0.429955 -0.290341
0.873578 0.416669 -0.290341
0.861136 0.429955 -0.278924
0.861136 0.416669 -0.278924
0.847969 0.429955 -0.267908
0.847969 0.416669 -0.267908
0.834089 0.429955 -0.257351
0.834089 0.416669 -0.257351
0.819514 0.429955 -0.247315
0.819514 0.416669 -0.247315
0.804268 0.429955 -0.237861
0.804268 0.416669 -0.237861
0.788384 0.429955 -0.229047
0.788384 0.416669 -0.229047
0.771899 0.429955 -0.220931
0.771899 0.416669 -0.220931
0.754858 0.429955 -0.213568
0.754858 0.416669 -0.213568
0.737310 0.429955 -0.207008
0.737310 0.416669 -0.207008
0.719312 0.429955 -0.201299
0.719312 0.416669 -0.201299
0.700927 0.429955 -0.196481
0.700927 0.416669 -0.196481
0.682220 0.429955 -0.192590
0.682220 0.416669 -0.192590
0.663262 0.429955 -0.189655
0.663262 0.416669 -0.189655
0.644128 0.429955 -0.187697
0.644128 0.416669 -0.187697
0.624891 0.429955 -0.186730
0.624891 0.416669 -0.186730
0.605631 0.429955 -0.186759
0.605631 0.416669 -0.186759
0.586423 0.429955 -0.187783
0.586423 0.416669 -0.187783
0.567345 0.429955 -0.189791
0.567345 0.416669 -0.189791
0.548471 0.429955 -0.192766
0.548471 0.416669 -0.192766
0.529872 0.429955 -0.196683
0.529872 0.416669 -0.196683
0.511618 0.429955 -0.201509
0.511618 0.416669 -0.201509
0.493772 0.429955 -0.207206
0.493772 0.416669 -0.207206
0.476392 0.429955 -0.213731
0.476392 0.416669 -0.213731
0.459531 0.429955 -0.221034
0.459531 0.416669 -0.221034
0.443237 0.429955 -0.229064
0.443237 0.416669 -0.229064
0.427549 0.429955 -0.237765
0.427549 0.416669 -0.237765
0.412502 0.429955 -0.247079
0.412502 0.416669 -0.247079
0.398124 0.429955 -0.256947
0.398124 0.416669 -0.256947
0.384436 0.429955 -0.267309
0.384436 0.416669 -0.267309
0.371454 0.429955 -0.278107
0.371454 0.416669 -0.278107
0.359186 0.429955 -0.289280
0.359186 0.416669 -0.289280
0.359186 0.429955 -0.289280
0.347429 0.429955 -0.300989
0.336012 0.429955 -0.313430
0.324995 0.429955 -0.326597
0.314439 0.429955 -0.340477
0.304403 0.429955 -0.355053
0.294949 0.429955 -0.370298
0.286135 0.429955 -0.386182
0.278019 0.429955 -0.402667
0.270655 0.429955 -0.419709
0.264096 0.429955 -0.437257
0.258386 0.429955 -0.455254
0.253569 0.429955 -0.473639
0.249678 0.429955 -0.492346
0.246743 0.429955 -0.511304
0.244785 0.429955 -0.530439
0.243818 0.429955 -0.549675
0.243847 0.429955 -0.568936
0.244871 0.429955 -0.588144
0.246879 0.429955 -0.607222
0.249854 0.429955 -0.626096
0.253771 0.429955 -0.644694
0.258597 0.429955 -0.662948
0.264294 0.429955 -0.680795
0.270819 0.429955 -0.698175
0.278122 0.429955 -0.715035
0.286152 0.429955 -0.731330
0.294853 0.429955 -0.747018
0.304167 0.429955 -0.762064
0.314035 0.429955 -0.776442
0.324397 0.429955 -0.790130
0.335194 0.429955 -0.803113
0.358077 0.429955 -0.827138
0.370518 0.429955 -0.838554
0.383685 0.429955 -0.849571
0.397565 0.429955 -0.860128
0.412141 0.429955 -0.870163
0.427386 0.429955 -0.879618
0.443270 0.429955 -0.888432
0.459755 0.429955 -0.896548
0.476797 0.429955 -0.903911
0.494344 0.429955 -0.910471
0.512342 0.429955 -0.916180
0.530727 0.429955 -0.920998
0.549434 0.429955 -0.924888
0.568392 0.429955 -0.927823
0.587527 0.429955 -0.929781
0.606763 0.429955 -0.930749
0.626024 0.429955 -0.930719
0.645231 0.429955 -0.929696
0.664310 0.429955 -0.927687
0.683184 0.429955 -0.924712
0.701782 0.429955 -0.920796
0.720036 0.429955 -0.915970
0.737882 0.429955 -0.910273
0.755262 0.429955 -0.903748
0.772123 0.429955 -0.896444
0.788418 0.429955 -0.888414
0.804105 0.429955 -0.879714
0.819152 0.429955 -0.870400
0.833530 0.429955 -0.860532
0.847218 0.429955 -0.850169
0.860201 0.429955 -0.839372
0.884226 0.429955 -0.816490
0.895642 0.429955 -0.804049
0.906659 0.429955 -0.790882
0.917215 0.429955 -0.777001
0.927251 0.429955 -0.762426
0.936706 0.429955 -0.747181
0.945520 0.429955 -0.731297
0.953636 0.429955 -0.714812
0.960999 0.429955 -0.697770
0.967559 0.429955 -0.680222
0.973268 0.429955 -0.662225
0.978085 0.429955 -0.643839
0.981976 0.429955 -0.625133
0.984911 0.429955 -0.606175
0.986869 0.429955 -0.587040
0.987836 0.429955 -0.567803
0.987807 0.429955 -0.548543
0.986783 0.429955 -0.529335
0.984775 0.429955 -0.510257
0.981800 0.429955 -0.491383
0.977884 0.429955 -0.472785
0.973058 0.429955 -0.454531
0.967360 0.429955 -0.436684
0.960836 0.429955 -0.419304
0.953532 0.429955 -0.402443
0.945502 0.429955 -0.386149
0.936801 0.429955 -0.370461
0.927487 0.429955 -0.355415
0.917619 0.429955 -0.341036
0.907257 0.429955 -0.327349
0.896460 0.429955 -0.314366
0.873578 0.429955 -0.290341
0.861136 0.429955 -0.278924
0.847969 0.429955 -0.267908
0.834089 0.429955 -0.257351
0.819514 0.429955 -0.247315
0.804268 0.429955 -0.237861
0.788384 0.429955 -0.229047
0.771899 0.429955 -0.220931
0.754858 0.429955 -0.213568
0.737310 0.429955 -0.207008
0.719312 0.429955 -0.201299
0.700927 0.429955 -0.196481
0.682220 0.429955 -0.192590
0.663262 0.429955 -0.189655
0.644128 0.429955 -0.187697
0.624891 0.429955 -0.186730
0.605631 0.429955 -0.186759
0.586423 0.429955 -0.187783
0.567345 0.429955 -0.189791
0.548471 0.429955 -0.192766
0.529872 0.429955 -0.196683
0.511618 0.429955 -0.201509
0.493772 0.429955 -0.207206
0.476392 0.429955 -0.213731
0.459531 0.429955 -0.221034
0.443237 0.429955 -0.229064
0.427549 0.429955 -0.237765
0.412502 0.429955 -0.247079
0.398124 0.429955 -0.256947
0.384436 0.429955 -0.267309
0.371454 0.429955 -0.278107
0.359186 0.416669 -0.289280
0.347429 0.416669 -0.300989
0.336012 0.416669 -0.313430
0.324995 0.416669 -0.326597
0.314439 0.416669 -0.340477
0.304403 0.416669 -0.355053
0.294949 0.416669 -0.370298
0.286135 0.416669 -0.386182
0.278019 0.416669 -0.402667
0.270655 0.416669 -0.419709
0.264096 0.416669 -0.437257
0.258386 0.416669 -0.455254
0.253569 0.416669 -0.473639
0.249678 0.416669 -0.492346
0.246743 0.416669 -0.511304
0.244785 0.416669 -0.530439
0.243818 0.416669 -0.549675
0.243847 0.416669 -0.568936
0.244871 0.416669 -0.588144
0.246879 0.416669 -0.607222
0.249854 0.416669 -0.626096
0.253771 0.416669 -0.644694
0.258597 0.416669 -0.662948
0.264294 0.416669 -0.680795
0.270819 0.416669 -0.698175
0.278122 0.416669 -0.715035
0.286152 0.416669 -0.731330
0.294853 0.416669 -0.747018
0.304167 0.416669 -0.762064
0.314035 0.416669 -0.776442
0.324397 0.416669 -0.790130
0.335194 0.416669 -0.803113
0.358077 0.416669 -0.827138
0.370518 0.416669 -0.838554
0.383685 0.416669 -0.849571
0.397565 0.416669 -0.860128
0.412141 0.416669 -0.870163
0.427386 0.416669 -0.879618
0.443270 0.416669 -0.888432
0.459755 0.416669 -0.896548
0.476797 0.416669 -0.903911
0.494344 0.416669 -0.910471
0.512342 0.416669 -0.916180
0.530727 0.416669 -0.920998
0.549434 0.416669 -0.924888
0.568392 0.416669 -0.927823
0.587527 0.416669 -0.929781
0.606763 0.416669 -0.930749
0.626024 0.416669 -0.930719
0.645231 0.416669 -0.929696
0.664310 0.416669 -0.927687
0.683184 0.416669 -0.924712
0.701782 0.416669 -0.920796
0.720036 0.416669 -0.915970
0.737882 0.416669 -0.910273
0.755262 0.416669 -0.903748
0.772123 0.416669 -0.896444
0.788418 0.416669 -0.888414
0.804105 0.416669 -0.879714
0.819152 0.416669 -0.870400
0.833530 0.416669 -0.860532
0.847218 0.416669 -0.850169
0.860201 0.416669 -0.839372
0.884226 0.416669 -0.816490
0.895642 0.416669 -0.804049
0.906659 0.416669 -0.790882
0.917215 0.416669 -0.777001
0.927251 0.416669 -0.762426
0.936706 0.416669 -0.747181
0.945520 0.416669 -0.731297
0.953636 0.416669 -0.714812
0.960999 0.416669 -0.697770
0.967559 0.416669 -0.680222
0.973268 0.416669 -0.662225
0.978085 0.416669 -0.643839
0.981976 0.416669 -0.625133
0.984911 0.416669 -0.606175
0.986869 0.416669 -0.587040
0.987836 0.416669 -0.567803
0.987807 0.416669 -0.548543
0.986783 0.416669 -0.529335
0.984775 0.416669 -0.510257
0.981800 0.416669 -0.491383
0.977884 0.416669 -0.472785
0.973058 0.416669 -0.454531
0.967360 0.416669 -0.436684
0.960836 0.416669 -0.419304
0.953532 0.416669 -0.402443
0.945502 0.416669 -0.386149
0.936801 0.416669 -0.370461
0.927487 0.416669 -0.355415
0.917619 0.416669 -0.341036
0.907257 0.416669 -0.327349
0.896460 0.416669 -0.314366
0.873578 0.416669 -0.290341
0.861136 0.416669 -0.278924
0.847969 0.416669 -0.267908
0.834089 0.416669 -0.257351
0.819514 0.416669 -0.247315
0.804268 0.416669 -0.237861
0.788384 0.416669 -0.229047
0.771899 0.416669 -0.220931
0.754858 0.416669 -0.213568
0.737310 0.416669 -0.207008
0.719312 0.416669 -0.201299
0.700927 0.416669 -0.196481
0.682220 0.416669 -0.192590
0.663262 0.416669 -0.189655
0.644128 0.416669 -0.187697
0.624891 0.416669 -0.186730
0.605631 0.416669 -0.186759
0.586423 0.416669 -0.187783
0.567345 0.416669 -0.189791
0.548471 0.416669 -0.192766
0.529872 0.416669 -0.196683
0.511618 0.416669 -0.201509
0.493772 0.416669 -0.207206
0.476392 0.416669 -0.213731
0.459531 0.416669 -0.221034
0.443237 0.416669 -0.229064
0.427549 0.416669 -0.237765
0.412502 0.416669 -0.247079
0.398124 0.416669 -0.256947
0.384436 0.416669 -0.267309
0.371454 0.416669 -0.278107
0.359186 0.308556 -0.289280
0.359186 0.295270 -0.289280
0.347429 0.308556 -0.300989
0.347429 0.295270 -0.300989
0.336012 0.308556 -0.313430
0.336012 0.295270 -0.313430
0.324995 0.308556 -0.326597
0.324995 0.295270 -0.326597
0.314439 0.308556 -0.340477
0.314439 0.295270 -0.340477
0.304403 0.308556 -0.355053
0.304403 0.295270 -0.355053
0.294949 0.308556 -0.370298
0.294949 0.295270 -0.370298
0.286135 0.308556 -0.386182
0.286135 0.295270 -0.386182
0.278019 0.308556 -0.402667
0.278019 0.295270 -0.402667
0.270655 0.308556 -0.419709
0.270655 0.295270 -0.419709
0.264096 0.308556 -0.437257
0.264096 0.295270 -0.437257
0.258386 0.308556 -0.455254
0.258386 0.295270 -0.455254
0.253569 0.308556 -0.473639
0.253569 0.295270 -0.473639
0.249678 0.308556 -0.492346
0.249678 0.295270 -0.492346
0.246743 0.308556 -0.511304
0.246743 0.295270 -0.511304
0.244785 0.308556 -0.530439
0.244785 0.295270 -0.530439
0.243818 0.308556 -0.549675
0.243818 0.295270 -0.549675
0.243847 0.308556 -0.568936
0.243847 0.295270 -0.568936
0.244871 0.308556 -0.588144
0.244871 0.295270 -0.588144
0.246879 0.308556 -0.607222
0.246879 0.295270 -0.607222
0.249854 0.308556 -0.626096
0.249854 0.295270 -0.626096
0.253771 0.308556 -0.644694
0.253771 0.295270 -0.644694
0.258597 0.308556 -0.662948
0.258597 0.295270 -0.662948
0.264294 0.308556 -0.680795
0.264294 0.295270 -0.680795
0.270819 0.308556 -0.698175
0.270819 0.295270 -0.698175
0.278122 0.308556 -0.715035
0.278122 0.295270 -0.715035
0.286152 0.308556 -0.731330
0.286152 0.295270 -0.731330
0.294853 0.308556 -0.747018
0.294853 0.295270 -0.747018
0.304167 0.308556 -0.762064
0.304167 0.295270 -0.762064
0.314035 0.308556 -0.776442
0.314035 0.295270 -0.776442
0.324397 0.308556 -0.790130
0.324397 0.295270 -0.790130
0.335194 0.308556 -0.803113
0.335194 0.295270 -0.803113
0.358077 0.308556 -0.827138
0.358077 0.295270 -0.827138
0.370518 0.308556 -0.838554
0.370518 0.295270 -0.838554
0.383685 0.308556 -0.849571
0.383685 0.295270 -0.849571
0.397565 0.308556 -0.860128
0.397565 0.295270 -0.860128
0.412141 0.308556 -0.870163
0.412141 0.295270 -0.870163
0.427386 0.308556 -0.879618
0.427386 0.295270 -0.879618
0.443270 0.308556 -0.888432
0.443270 0.295270 -0.888432
0.459755 0.308556 -0.896548
0.459755 0.295270 -0.896548
0.476797 0.308556 -0.903911
0.476797 0.295270 -0.903911
0.494344 0.308556 -0.910471
0.494344 0.295270 -0.910471
0.512342 0.308556 -0.916180
0.512342 0.295270 -0.916180
0.530727 0.308556 -0.920998
0.530727 0.295270 -0.920998
0.549434 0.308556 -0.924888
0.549434 0.295270 -0.924888
0.568392 0.308556 -0.927823
0.568392 0.295270 -0.927823
0.587527 0.308556 -0.929781
0.587527 0.295270 -0.929781
0.606763 0.308556 -0.930749
0.606763 0.295270 -0.930749
0.626024 0.308556 -0.930719
0.626024 0.295270 -0.930719
0.645231 0.308556 -0.929696
0.645231 0.295270 -0.929696
0.664310 0.308556 -0.927687
0.664310 0.295270 -0.927687
0.683184 0.308556 -0.924712
0.683184 0.295270 -0.924712
0.701782 0.308556 -0.920796
0.701782 0.295270 -0.920796
0.720036 0.308556 -0.915970
0.720036 0.295270 -0.915970
0.737882 0.308556 -0.910273
0.737882 0.295270 -0.910273
0.755262 0.308556 -0.903748
0.755262 0.295270 -0.903748
0.772123 0.308556 -0.896444
0.772123 0.295270 -0.896444
0.788418 0.308556 -0.888414
0.788418 0.295270 -0.888414
0.804105 0.308556 -0.879714
0.804105 0.295270 -0.879714
0.819152 0.308556 -0.870400
0.819152 0.295270 -0.870400
0.833530 0.308556 -0.860532
0.833530 0.295270 -0.860532
0.847218 0.308556 -0.850169
0.847218 0.295270 -0.850169
0.860201 0.308556 -0.839372
0.860201 0.295270 -0.839372
0.884226 0.308556 -0.816490
0.884226 0.295270 -0.816490
0.895642 0.308556 -0.804049
0.895642 0.295270 -0.804049
0.906659 0.308556 -0.790882
0.906659 0.295270 -0.790882
0.917215 0.308556 -0.777001
0.917215 0.295270 -0.777001
0.927251 0.308556 -0.762426
0.927251 0.295270 -0.762426
0.936706 0.308556 -0.747181
0.936706 0.295270 -0.747181
0.945520 0.308556 -0.731297
0.945520 0.295270 -0.731297
0.953636 0.308556 -0.714812
0.953636 0.295270 -0.714812
0.960999 0.308556 -0.697770
0.960999 0.295270 -0.697770
0.967559 0.308556 -0.680222
0.967559 0.295270 -0.680222
0.973268 0.308556 -0.662225
0.973268 0.295270 -0.662225
0.978085 0.308556 -0.643839
0.978085 0.295270 -0.643839
0.981976 0.308556 -0.625133
0.981976 0.295270 -0.625133
0.984911 0.308556 -0.606175
0.984911 0.295270 -0.606175
0.986869 0.308556 -0.587040
0.986869 0.295270 -0.587040
0.987836 0.308556 -0.567803
0.987836 0.295270 -0.567803
0.987807 0.308556 -0.548543
0.987807 0.295270 -0.548543
0.986783 0.308556 -0.529335
0.986783 0.295270 -0.529335
0.984775 0.308556 -0.510257
0.984775 0.295270 -0.510257
0.981800 0.308556 -0.491383
0.981800 0.295270 -0.491383
0.977884 0.308556 -0.472785
0.977884 0.295270 -0.472785
0.973058 0.308556 -0.454531
0.973058 0.295270 -0.454531
0.967360 0.308556 -0.436684
0.967360 0.295270 -0.436684
0.960836 0.308556 -0.419304
0.960836 0.295270 -0.419304
0.953532 0.308556 -0.402443
0.953532 0.295270 -0.402443
0.945502 0.308556 -0.386149
0.945502 0.295270 -0.386149
0.936801 0.308556 -0.370461
0.936801 0.295270 -0.370461
0.927487 0.308556 -0.355415
0.927487 0.295270 -0.355415
0.917619 0.308556 -0.341036
0.917619 0.295270 -0.341036
0.907257 0.308556 -0.327349
0.907257 0.295270 -0.327349
0.896460 0.308556 -0.314366
0.896460 0.295270 -0.314366
0.873578 0.308556 -0.290341
0.873578 0.295270 -0.290341
0.861136 0.308556 -0.278924
0.861136 0.295270 -0.278924
0.847969 0.308556 -0.267908
0.847969 0.295270 -0.267908
0.834089 0.308556 -0.257351
0.834089 0.295270 -0.257351
0.819514 0.308556 -0.247315
0.819514 0.295270 -0.247315
0.804268 0.308556 -0.237861
0.804268 0.295270 -0.237861
0.788384 0.308556 -0.229047
0.788384 0.295270 -0.229047
0.771899 0.308556 -0.220931
0.771899 0.295270 -0.220931
0.754858 0.308556 -0.213568
0.754858 0.295270 -0.213568
0.737310 0.308556 -0.207008
0.737310 0.295270 -0.207008
0.719312 0.308556 -0.201299
0.719312 0.295270 -0.201299
0.700927 0.308556 -0.196481
0.700927 0.295270 -0.196481
0.682220 0.308556 -0.192590
0.682220 0.295270 -0.192590
0.663262 0.308556 -0.189655
0.663262 0.295270 -0.189655
0.644128 0.308556 -0.187697
0.644128 0.295270 -0.187697
0.624891 0.308556 -0.186730
0.624891 0.295270 -0.186730
0.605631 0.308556 -0.186759
0.605631 0.295270 -0.186759
0.586423 0.308556 -0.187783
0.586423 0.295270 -0.187783
0.567345 0.308556 -0.189791
0.567345 0.295270 -0.189791
0.548471 0.308556 -0.192766
0.548471 0.295270 -0.192766
0.529872 0.308556 -0.196683
0.529872 0.295270 -0.196683
0.511618 0.308556 -0.201509
0.511618 0.295270 -0.201509
0.493772 0.308556 -0.207206
0.493772 0.295270 -0.207206
0.476392 0.308556 -0.213731
0.476392 0.295270 -0.213731
0.459531 0.308556 -0.221034
0.459531 0.295270 -0.221034
0.443237 0.308556 -0.229064
0.443237 0.295270 -0.229064
0.427549 0.308556 -0.237765
0.427549 0.295270 -0.237765
0.412502 0.308556 -0.247079
0.412502 0.295270 -0.247079
0.398124 0.308556 -0.256947
0.398124 0.295270 -0.256947
0.384436 0.308556 -0.267309
0.384436 0.295270 -0.267309
0.371454 0.308556 -0.278107
0.371454 0.295270 -0.278107
0.359186 0.308556 -0.289280
0.359186 0.295270 -0.289280
0.359186 0.308556 -0.289280
0.347429 0.308556 -0.300989
0.336012 0.308556 -0.313430
0.324995 0.308556 -0.326597
0.314439 0.308556 -0.340477
0.304403 0.308556 -0.355053
0.294949 0.308556 -0.370298
0.286135 0.308556 -0.386182
0.278019 0.308556 -0.402667
0.270655 0.308556 -0.419709
0.264096 0.308556 -0.437257
0.258386 0.308556 -0.455254
0.253569 0.308556 -0.473639
0.249678 0.308556 -0.492346
0.246743 0.308556 -0.511304
0.244785 0.308556 -0.530439
0.243818 0.308556 -0.549675
0.243847 0.308556 -0.568936
0.244871 0.308556 -0.588144
0.246879 0.308556 -0.607222
0.249854 0.308556 -0.626096
0.253771 0.308556 -0.644694
0.258597 0.308556 -0.662948
0.264294 0.308556 -0.680795
0.270819 0.308556 -0.698175
0.278122 0.308556 -0.715035
0.286152 0.308556 -0.731330
0.294853 0.308556 -0.747018
0.304167 0.308556 -0.762064
0.314035 0.308556 -0.776442
0.324397 0.308556 -0.790130
0.335194 0.308556 -0.803113
0.358077 0.308556 -0.827138
0.370518 0.308556 -0.838554
0.383685 0.308556 -0.849571
0.397565 0.308556 -0.860128
0.412141 0.308556 -0.870163
0.427386 0.308556 -0.879618
0.443270 0.308556 -0.888432
0.459755 0.308556 -0.896548
0.476797 0.308556 -0.903911
0.494344 0.308556 -0.910471
0.512342 0.308556 -0.916180
0.530727 0.308556 -0.920998
0.549434 0.308556 -0.924888
0.568392 0.308556 -0.927823
0.587527 0.308556 -0.929781
0.606763 0.308556 -0.930749
0.626024 0.308556 -0.930719
0.645231 0.308556 -0.929696
0.664310 0.308556 -0.927687
0.683184 0.308556 -0.924712
0.701782 0.308556 -0.920796
0.720036 0.308556 -0.915970
0.737882 0.308556 -0.910273
0.755262 0.308556 -0.903748
0.772123 0.308556 -0.896444
0.788418 0.308556 -0.888414
0.804105 0.308556 -0.879714
0.819152 0.308556 -0.870400
0.833530 0.308556 -0.860532
0.847218 0.308556 -0.850169
0.860201 0.308556 -0.839372
0.884226 0.308556 -0.816490
0.895642 0.308556 -0.804049
0.906659 0.308556 -0.790882
0.917215 0.308556 -0.777001
0.927251 0.308556 -0.762426
0.936706 0.308556 -0.747181
0.945520 0.308556 -0.731297
0.953636 0.308556 -0.714812
0.960999 0.308556 -0.697770
0.967559 0.308556 -0.680222
0.973268 0.308556 -0.662225
0.978085 0.308556 -0.643839
0.981976 0.308556 -0.625133
0.984911 0.308556 -0.606175
0.986869 0.308556 -0.587040
0.987836 0.308556 -0.567803
0.987807 0.308556 -0.548543
0.986783 0.308556 -0.529335
0.984775 0.308556 -0.510257
0.981800 0.308556 -0.491383
0.977884 0.308556 -0.472785
0.973058 0.308556 -0.454531
0.967360 0.308556 -0.436684
0.960836 0.308556 -0.419304
0.953532 0.308556 -0.402443
0.945502 0.308556 -0.386149
0.936801 0.308556 -0.370461
0.927487 0.308556 -0.355415
0.917619 0.308556 -0.341036
0.907257 0.308556 -0.327349
0.896460 0.308556 -0.314366
0.873578 0.308556 -0.290341
0.861136 0.308556 -0.278924
0.847969 0.308556 -0.267908
0.834089 0.308556 -0.257351
0.819514 0.308556 -0.247315
0.804268 0.308556 -0.237861
0.788384 0.308556 -0.229047
0.771899 0.308556 -0.220931
0.754858 0.308556 -0.213568
0.737310 0.308556 -0.207008
0.719312 0.308556 -0.201299
0.700927 0.308556 -0.196481
0.682220 0.308556 -0.192590
0.663262 0.308556 -0.189655
0.644128 0.308556 -0.187697
0.624891 0.308556 -0.186730
0.605631 0.308556 -0.186759
0.586423 0.308556 -0.187783
0.567345 0.308556 -0.189791
0.548471 0.308556 -0.192766
0.529872 0.308556 -0.196683
0.511618 0.308556 -0.201509
0.493772 0.308556 -0.207206
0.476392 0.308556 -0.213731
0.459531 0.308556 -0.221034
0.443237 0.308556 -0.229064
0.427549 0.308556 -0.237765
0.412502 0.308556 -0.247079
0.398124 0.308556 -0.256947
0.384436 0.308556 -0.267309
0.371454 0.308556 -0.278107
0.359186 0.295270 -0.289280
0.347429 0.295270 -0.300989
0.336012 0.295270 -0.313430
0.324995 0.295270 -0.326597
0.314439 0.295270 -0.340477
0.304403 0.295270 -0.355053
0.294949 0.295270 -0.370298
0.286135 0.295270 -0.386182
0.278019 0.295270 -0.402667
0.270655 0.295270 -0.419709
0.264096 0.295270 -0.437257
0.258386 0.295270 -0.455254
0.253569 0.295270 -0.473639
0.249678 0.295270 -0.492346
0.246743 0.295270 -0.511304
0.244785 0.295270 -0.530439
0.243818 0.295270 -0.549675
0.243847 0.295270 -0.568936
0.244871 0.295270 -0.588144
0.246879 0.295270 -0.607222
0.249854 0.295270 -0.626096
0.253771 0.295270 -0.644694
0.258597 0.295270 -0.662948
0.264294 0.295270 -0.680795
0.270819 0.295270 -0.698175
0.278122 0.295270 -0.715035
0.286152 0.295270 -0.731330
0.294853 0.295270 -0.747018
0.304167 0.295270 -0.762064
0.314035 0.295270 -0.776442
0.324397 0.295270 -0.790130
0.335194 0.295270 -0.803113
0.358077 0.295270 -0.827138
0.370518 0.295270 -0.838554
0.383685 0.295270 -0.849571
0.397565 0.295270 -0.860128
0.412141 0.295270 -0.870163
0.427386 0.295270 -0.879618
0.443270 0.295270 -0.888432
0.459755 0.295270 -0.896548
0.476797 0.295270 -0.903911
0.494344 0.295270 -0.910471
0.512342 0.295270 -0.916180
0.530727 0.295270 -0.920998
0.549434 0.295270 -0.924888
0.568392 0.295270 -0.927823
0.587527 0.295270 -0.929781
0.606763 0.295270 -0.930749
0.626024 0.295270 -0.930719
0.645231 0.295270 -0.929696
0.664310 0.295270 -0.927687
0.683184 0.295270 -0.924712
0.701782 0.295270 -0.920796
0.720036 0.295270 -0.915970
0.737882 0.295270 -0.910273
0.755262 0.295270 -0.903748
0.772123 0.295270 -0.896444
0.788418 0.295270 -0.888414
0.804105 0.295270 -0.879714
0.819152 0.295270 -0.870400
0.833530 0.295270 -0.860532
0.847218 0.295270 -0.850169
0.860201 0.295270 -0.839372
0.884226 0.295270 -0.816490
0.895642 0.295270 -0.804049
0.906659 0.295270 -0.790882
0.917215 0.295270 -0.777001
0.927251 0.295270 -0.762426
0.936706 0.295270 -0.747181
0.945520 0.295270 -0.731297
0.953636 0.295270 -0.714812
0.960999 0.295270 -0.697770
0.967559 0.295270 -0.680222
0.973268 0.295270 -0.662225
0.978085 0.295270 -0.643839
0.981976 0.295270 -0.625133
0.984911 0.295270 -0.606175
0.986869 0.295270 -0.587040
0.987836 0.295270 -0.567803
0.987807 0.295270 -0.548543
0.986783 0.295270 -0.529335
0.984775 0.295270 -0.510257
0.981800 0.295270 -0.491383
0.977884 0.295270 -0.472785
0.973058 0.295270 -0.454531
0.967360 0.295270 -0.436684
0.960836 0.295270 -0.419304
0.953532 0.295270 -0.402443
0.945502 0.295270 -0.386149
0.936801 0.295270 -0.370461
0.927487 0.295270 -0.355415
0.917619 0.295270 -0.341036
0.907257 0.295270 -0.327349
0.896460 0.295270 -0.314366
0.873578 0.295270 -0.290341
0.861136 0.295270 -0.278924
0.847969 0.295270 -0.267908
0.834089 0.295270 -0.257351
0.819514 0.295270 -0.247315
0.804268 0.295270 -0.237861
0.788384 0.295270 -0.229047
0.771899 0.295270 -0.220931
0.754858 0.295270 -0.213568
0.737310 0.295270 -0.207008
0.719312 0.295270 -0.201299
0.700927 0.295270 -0.196481
0.682220 0.295270 -0.192590
0.663262 0.295270 -0.189655
0.644128 0.295270 -0.187697
0.624891 0.295270 -0.186730
0.605631 0.295270 -0.186759
0.586423 0.295270 -0.187783
0.567345 0.295270 -0.189791
0.548471 0.295270 -0.192766
0.529872 0.295270 -0.196683
0.511618 0.295270 -0.201509
0.493772 0.295270 -0.207206
0.476392 0.295270 -0.213731
0.459531 0.295270 -0.221034
0.443237 0.295270 -0.229064
0.427549 0.295270 -0.237765
0.412502 0.295270 -0.247079
0.398124 0.295270 -0.256947
0.384436 0.295270 -0.267309
0.371454 0.295270 -0.278107
0.359186 0.167199 -0.289280
0.359186 0.153913 -0.289280
0.347429 0.167199 -0.300989
0.347429 0.153913 -0.300989
0.336012 0.167199 -0.313430
0.336012 0.153913 -0.313430
0.324995 0.167199 -0.326597
0.324995 0.153913 -0.326597
0.314439 0.167199 -0.340477
0.314439 0.153913 -0.340477
0.304403 0.167199 -0.355053
0.304403 0.153913 -0.355053
0.294949 0.167199 -0.370298
0.294949 0.153913 -0.370298
0.286135 0.167199 -0.386182
0.286135 0.153913 -0.386182
0.278019 0.167199 -0.402667
0.278019 0.153913 -0.402667
0.270655 0.167199 -0.419709
0.270655 0.153913 -0.419709
0.264096 0.167199 -0.437257
0.264096 0.153913 -0.437257
0.258386 0.167199 -0.455254
0.258386 0.153913 -0.455254
0.253569 0.167199 -0.473639
0.253569 0.153913 -0.473639
0.249678 0.167199 -0.492346
0.249678 0.153913 -0.492346
0.246743 0.167199 -0.511304
0.246743 0.153913 -0.511304
0.244785 0.167199 -0.530439
0.244785 0.153913 -0.530439
0.243818 0.167199 -0.549675
0.243818 0.153913 -0.549675
0.243847 0.167199 -0.568936
0.243847 0.153913 -0.568936
0.244871 0.167199 -0.588144
0.244871 0.153913 -0.588144
0.246879 0.167199 -0.607222
0.246879 0.153913 -0.607222
0.249854 0.167199 -0.626096
0.249854 0.153913 -0.626096
0.253771 0.167199 -0.644694
0.253771 0.153913 -0.644694
0.258597 0.167199 -0.662948
0.258597 0.153913 -0.662948
0.264294 0.167199 -0.680795
0.264294 0.153913 -0.680795
0.270819 0.167199 -0.698175
0.270819 0.153913 -0.698175
0.278122 0.167199 -0.715035
0.278122 0.153913 -0.715035
0.286152 0.167199 -0.731330
0.286152 0.153913 -0.731330
0.294853 0.167199 -0.747018
0.294853 0.153913 -0.747018
0.304167 0.167199 -0.762064
0.304167 0.153913 -0.762064
0.314035 0.167199 -0.776442
0.314035 0.153913 -0.776442
0.324397 0.167199 -0.790130
0.324397 0.153913 -0.790130
0.335194 0.167199 -0.803113
0.335194 0.153913 -0.803113
0.358077 0.167199 -0.827138
0.358077 0.153913 -0.827138
0.370518 0.167199 -0.838554
0.370518 0.153913 -0.838554
0.383685 0.167199 -0.849571
0.383685 0.153913 -0.849571
0.397565 0.167199 -0.860128
0.397565 0.153913 -0.860128
0.412141 0.167199 -0.870163
0.412141 0.153913 -0.870163
0.427386 0.167199 -0.879618
0.427386 0.153913 -0.879618
0.443270 0.167199 -0.888432
0.443270 0.153913 -0.888432
0.459755 0.167199 -0.896548
0.459755 0.153913 -0.896548
0.476797 0.167199 -0.903911
0.476797 0.153913 -0.903911
0.494344 0.167199 -0.910471
0.494344 0.153913 -0.910471
0.512342 0.167199 -0.916180
0.512342 0.153913 -0.916180
0.530727 0.167199 -0.920998
0.530727 0.153913 -0.920998
0.549434 0.167199 -0.924888
0.549434 0.153913 -0.924888
0.568392 0.167199 -0.927823
0.568392 0.153913 -0.927823
0.587527 0.167199 -0.929781
0.587527 0.153913 -0.929781
0.606763 0.167199 -0.930749
0.606763 0.153913 -0.930749
0.626024 0.167199 -0.930719
0.626024 0.153913 -0.930719
0.645231 0.167199 -0.929696
0.645231 0.153913 -0.929696
0.664310 0.167199 -0.927687
0.664310 0.153913 -0.927687
0.683184 0.167199 -0.924712
0.683184 0.153913 -0.924712
0.701782 0.167199 -0.920796
0.701782 0.153913 -0.920796
0.720036 0.167199 -0.915970
0.720036 0.153913 -0.915970
0.737882 0.167199 -0.910273
0.737882 0.153913 -0.910273
0.755262 0.167199 -0.903748
0.755262 0.153913 -0.903748
0.772123 0.167199 -0.896444
0.772123 0.153913 -0.896444
0.788418 0.167199 -0.888414
0.788418 0.153913 -0.888414
0.804105 0.167199 -0.879714
0.804105 0.153913 -0.879714
0.819152 0.167199 -0.870400
0.819152 0.153913 -0.870400
0.833530 0.167199 -0.860532
0.833530 0.153913 -0.860532
0.847218 0.167199 -0.850169
0.847218 0.153913 -0.850169
0.860201 0.167199 -0.839372
0.860201 0.153913 -0.839372
0.884226 0.167199 -0.816490
0.884226 0.153913 -0.816490
0.895642 0.167199 -0.804049
0.895642 0.153913 -0.804049
0.906659 0.167199 -0.790882
0.906659 0.153913 -0.790882
0.917215 0.167199 -0.777001
0.917215 0.153913 -0.777001
0.927251 0.167199 -0.762426
0.927251 0.153913 -0.762426
0.936706 0.167199 -0.747181
0.936706 0.153913 -0.747181
0.945520 0.167199 -0.731297
0.945520 0.153913 -0.731297
0.953636 0.167199 -0.714812
0.953636 0.153913 -0.714812
0.960999 0.167199 -0.697770
0.960999 0.153913 -0.697770
0.967559 0.167199 -0.680222
0.967559 0.153913 -0.680222
0.973268 0.167199 -0.662225
0.973268 0.153913 -0.662225
0.978085 0.167199 -0.643839
0.978085 0.153913 -0.643839
0.981976 0.167199 -0.625133
0.981976 0.153913 -0.625133
0.984911 0.167199 -0.606175
0.984911 0.153913 -0.606175
0.986869 0.167199 -0.587040
0.986869 0.153913 -0.587040
0.987836 0.167199 -0.567803
0.987836 0.153913 -0.567803
0.987807 0.167199 -0.548543
0.987807 0.153913 -0.548543
0.986783 0.167199 -0.529335
0.986783 0.153913 -0.529335
0.984775 0.167199 -0.510257
0.984775 0.153913 -0.510257
0.981800 0.167199 -0.491383
0.981800 0.153913 -0.491383
0.977884 0.167199 -0.472785
0.977884 0.153913 -0.472785
0.973058 0.167199 -0.454531
0.973058 0.153913 -0.454531
0.967360 0.167199 -0.436684
0.967360 0.153913 -0.436684
0.960836 0.167199 -0.419304
0.960836 0.153913 -0.419304
0.953532 0.167199 -0.402443
0.953532 0.153913 -0.402443
0.945502 0.167199 -0.386149
0.945502 0.153913 -0.386149
0.936801 0.167199 -0.370461
0.936801 0.153913 -0.370461
0.927487 0.167199 -0.355415
0.927487 0.153913 -0.355415
0.917619 0.167199 -0.341036
0.917619 0.153913 -0.341036
0.907257 0.167199 -0.327349
0.907257 0.153913 -0.327349
0.896460 0.167199 -0.314366
0.896460 0.153913 -0.314366
0.873578 0.167199 -0.290341
0.873578 0.153913 -0.290341
0.861136 0.167199 -0.278924
0.861136 0.153913 -0.278924
0.847969 0.167199 -0.267908
0.847969 0.153913 -0.267908
0.834089 0.167199 -0.257351
0.834089 0.153913 -0.257351
0.819514 0.167199 -0.247315
0.819514 0.153913 -0.247315
0.804268 0.167199 -0.237861
0.804268 0.153913 -0.237861
0.788384 0.167199 -0.229047
0.788384 0.153913 -0.229047
0.771899 0.167199 -0.220931
0.771899 0.153913 -0.220931
0.754858 0.167199 -0.213568
0.754858 0.153913 -0.213568
0.737310 0.167199 -0.207008
0.737310 0.153913 -0.207008
0.719312 0.167199 -0.201299
0.719312 0.153913 -0.201299
0.700927 0.167199 -0.196481
0.700927 0.153913 -0.196481
0.682220 0.167199 -0.192590
0.682220 0.153913 -0.192590
0.663262 0.167199 -0.189655
0.663262 0.153913 -0.189655
0.644128 0.167199 -0.187697
0.644128 0.153913 -0.187697
0.624891 0.167199 -0.186730
0.624891 0.153913 -0.186730
0.605631 0.167199 -0.186759
0.605631 0.153913 -0.186759
0.586423 0.167199 -0.187783
0.586423 0.153913 -0.187783
0.567345 0.167199 -0.189791
0.567345 0.153913 -0.189791
0.548471 0.167199 -0.192766
0.548471 0.153913 -0.192766
0.529872 0.167199 -0.196683
0.529872 0.153913 -0.196683
0.511618 0.167199 -0.201509
0.511618 0.153913 -0.201509
0.493772 0.167199 -0.207206
0.493772 0.153913 -0.207206
0.476392 0.167199 -0.213731
0.476392 0.153913 -0.213731
0.459531 0.167199 -0.221034
0.459531 0.153913 -0.221034
0.443237 0.167199 -0.229064
0.443237 0.153913 -0.229064
0.427549 0.167199 -0.237765
0.427549 0.153913 -0.237765
0.412502 0.167199 -0.247079
0.412502 0.153913 -0.247079
0.398124 0.167199 -0.256947
0.398124 0.153913 -0.256947
0.384436 0.167199 -0.267309
0.384436 0.153913 -0.267309
0.371454 0.167199 -0.278107
0.371454 0.153913 -0.278107
0.359186 0.167199 -0.289280
0.359186 0.153913 -0.289280
0.359186 0.167199 -0.289280
0.347429 0.167199 -0.300989
0.336012 0.167199 -0.313430
0.324995 0.167199 -0.326597
0.314439 0.167199 -0.340477
0.304403 0.167199 -0.355053
0.294949 0.167199 -0.370298
0.286135 0.167199 -0.386182
0.278019 0.167199 -0.402667
0.270655 0.167199 -0.419709
0.264096 0.167199 -0.437257
0.258386 0.167199 -0.455254
0.253569 0.167199 -0.473639
0.249678 0.167199 -0.492346
0.246743 0.167199 -0.511304
0.244785 0.167199 -0.530439
0.243818 0.167199 -0.549675
0.243847 0.167199 -0.568936
0.244871 0.167199 -0.588144
0.246879 0.167199 -0.607222
0.249854 0.167199 -0.626096
0.253771 0.167199 -0.644694
0.258597 0.167199 -0.662948
0.264294 0.167199 -0.680795
0.270819 0.167199 -0.698175
0.278122 0.167199 -0.715035
0.286152 0.167199 -0.731330
0.294853 0.167199 -0.747018
0.304167 0.167199 -0.762064
0.314035 0.167199 -0.776442
0.324397 0.167199 -0.790130
0.335194 0.167199 -0.803113
0.358077 0.167199 -0.827138
0.370518 0.167199 -0.838554
0.383685 0.167199 -0.849571
0.397565 0.167199 -0.860128
0.412141 0.167199 -0.870163
0.427386 0.167199 -0.879618
0.443270 0.167199 -0.888432
0.459755 0.167199 -0.896548
0.476797 0.167199 -0.903911
0.494344 0.167199 -0.910471
0.512342 0.167199 -0.916180
0.530727 0.167199 -0.920998
0.549434 0.167199 -0.924888
0.568392 0.167199 -0.927823
0.587527 0.167199 -0.929781
0.606763 0.167199 -0.930749
0.626024 0.167199 -0.930719
0.645231 0.167199 -0.929696
0.664310 0.167199 -0.927687
0.683184 0.167199 -0.924712
0.701782 0.167199 -0.920796
0.720036 0.167199 -0.915970
0.737882 0.167199 -0.910273
0.755262 0.167199 -0.903748
0.772123 0.167199 -0.896444
0.788418 0.167199 -0.888414
0.804105 0.167199 -0.879714
0.819152 0.167199 -0.870400
0.833530 0.167199 -0.860532
0.847218 0.167199 -0.850169
0.860201 0.167199 -0.839372
0.884226 0.167199 -0.816490
0.895642 0.167199 -0.804049
0.906659 0.167199 -0.790882
0.917215 0.167199 -0.777001
0.927251 0.167199 -0.762426
0.936706 0.167199 -0.747181
0.945520 0.167199 -0.731297
0.953636 0.167199 -0.714812
0.960999 0.167199 -0.697770
0.967559 0.167199 -0.680222
0.973268 0.167199 -0.662225
0.978085 0.167199 -0.643839
0.981976 0.167199 -0.625133
0.984911 0.167199 -0.606175
0.986869 0.167199 -0.587040
0.987836 0.167199 -0.567803
0.987807 0.167199 -0.548543
0.986783 0.167199 -0.529335
0.984775 0.167199 -0.510257
0.981800 0.167199 -0.491383
0.977884 0.167199 -0.472785
0.973058 0.167199 -0.454531
0.967360 0.167199 -0.436684
0.960836 0.167199 -0.419304
0.953532 0.167199 -0.402443
0.945502 0.167199 -0.386149
0.936801 0.167199 -0.370461
0.927487 0.167199 -0.355415
0.917619 0.167199 -0.341036
0.907257 0.167199 -0.327349
0.896460 0.167199 -0.314366
0.873578 0.167199 -0.290341
0.861136 0.167199 -0.278924
0.847969 0.167199 -0.267908
0.834089 0.167199 -0.257351
0.819514 0.167199 -0.247315
0.804268 0.167199 -0.237861
0.788384 0.167199 -0.229047
0.771899 0.167199 -0.220931
0.754858 0.167199 -0.213568
0.737310 0.167199 -0.207008
0.719312 0.167199 -0.201299
0.700927 0.167199 -0.196481
0.682220 0.167199 -0.192590
0.663262 0.167199 -0.189655
0.644128 0.167199 -0.187697
0.624891 0.167199 -0.186730
0.605631 0.167199 -0.186759
0.586423 0.167199 -0.187783
0.567345 0.167199 -0.189791
0.548471 0.167199 -0.192766
0.529872 0.167199 -0.196683
0.511618 0.167199 -0.201509
0.493772 0.167199 -0.207206
0.476392 0.167199 -0.213731
0.459531 0.167199 -0.221034
0.443237 0.167199 -0.229064
0.427549 0.167199 -0.237765
0.412502 0.167199 -0.247079
0.398124 0.167199 -0.256947
0.384436 0.167199 -0.267309
0.371454 0.167199 -0.278107
0.359186 0.153913 -0.289280
0.347429 0.153913 -0.300989
0.336012 0.153913 -0.313430
0.324995 0.153913 -0.326597
0.314439 0.153913 -0.340477
0.304403 0.153913 -0.355053
0.294949 0.153913 -0.370298
0.286135 0.153913 -0.386182
0.278019 0.153913 -0.402667
0.270655 0.153913 -0.419709
0.264096 0.153913 -0.437257
0.258386 0.153913 -0.455254
0.253569 0.153913 -0.473639
0.249678 0.153913 -0.492346
0.246743 0.153913 -0.511304
0.244785 0.153913 -0.530439
0.243818 0.153913 -0.549675
0.243847 0.153913 -0.568936
0.244871 0.153913 -0.588144
0.246879 0.153913 -0.607222
0.249854 0.153913 -0.626096
0.253771 0.153913 -0.644694
0.258597 0.153913 -0.662948
0.264294 0.153913 -0.680795
0.270819 0.153913 -0.698175
0.278122 0.153913 -0.715035
0.286152 0.153913 -0.731330
0.294853 0.153913 -0.747018
0.304167 0.153913 -0.762064
0.314035 0.153913 -0.776442
0.324397 0.153913 -0.790130
0.335194 0.153913 -0.803113
0.358077 0.153913 -0.827138
0.370518 0.153913 -0.838554
0.383685 0.153913 -0.849571
0.397565 0.153913 -0.860128
0.412141 0.153913 -0.870163
0.427386 0.153913 -0.879618
0.443270 0.153913 -0.888432
0.459755 0.153913 -0.896548
0.476797 0.153913 -0.903911
0.494344 0.153913 -0.910471
0.512342 0.153913 -0.916180
0.530727 0.153913 -0.920998
0.549434 0.153913 -0.924888
0.568392 0.153913 -0.927823
0.587527 0.153913 -0.929781
0.606763 0.153913 -0.930749
0.626024 0.153913 -0.930719
0.645231 0.153913 -0.929696
0.664310 0.153913 -0.927687
0.683184 0.153913 -0.924712
0.701782 0.153913 -0.920796
0.720036 0.153913 -0.915970
0.737882 0.153913 -0.910273
0.755262 0.153913 -0.903748
0.772123 0.153913 -0.896444
0.788418 0.153913 -0.888414
0.804105 0.153913 -0.879714
0.819152 0.153913 -0.870400
0.833530 0.153913 -0.860532
0.847218 0.153913 -0.850169
0.860201 0.153913 -0.839372
0.884226 0.153913 -0.816490
0.895642 0.153913 -0.804049
0.906659 0.153913 -0.790882
0.917215 0.153913 -0.777001
0.927251 0.153913 -0.762426
0.936706 0.153913 -0.747181
0.945520 0.153913 -0.731297
0.953636 0.153913 -0.714812
0.960999 0.153913 -0.697770
0.967559 0.153913 -0.680222
0.973268 0.153913 -0.662225
0.978085 0.153913 -0.643839
0.981976 0.153913 -0.625133
0.984911 0.153913 -0.606175
0.986869 0.153913 -0.587040
0.987836 0.153913 -0.567803
0.987807 0.153913 -0.548543
0.986783 0.153913 -0.529335
0.984775 0.153913 -0.510257
0.981800 0.153913 -0.491383
0.977884 0.153913 -0.472785
0.973058 0.153913 -0.454531
0.967360 0.153913 -0.436684
0.960836 0.153913 -0.419304
0.953532 0.153913 -0.402443
0.945502 0.153913 -0.386149
0.936801 0.153913 -0.370461
0.927487 0.153913 -0.355415
0.917619 0.153913 -0.341036
0.907257 0.153913 -0.327349
0.896460 0.153913 -0.314366
0.873578 0.153913 -0.290341
0.861136 0.153913 -0.278924
0.847969 0.153913 -0.267908
0.834089 0.153913 -0.257351
0.819514 0.153913 -0.247315
0.804268 0.153913 -0.237861
0.788384 0.153913 -0.229047
0.771899 0.153913 -0.220931
0.754858 0.153913 -0.213568
0.737310 0.153913 -0.207008
0.719312 0.153913 -0.201299
0.700927 0.153913 -0.196481
0.682220 0.153913 -0.192590
0.663262 0.153913 -0.189655
0.644128 0.153913 -0.187697
0.624891 0.153913 -0.186730
0.605631 0.153913 -0.186759
0.586423 0.153913 -0.187783
0.567345 0.153913 -0.189791
0.548471 0.153913 -0.192766
0.529872 0.153913 -0.196683
0.511618 0.153913 -0.201509
0.493772 0.153913 -0.207206
0.476392 0.153913 -0.213731
0.459531 0.153913 -0.221034
0.443237 0.153913 -0.229064
0.427549 0.153913 -0.237765
0.412502 0.153913 -0.247079
0.398124 0.153913 -0.256947
0.384436 0.153913 -0.267309
0.371454 0.153913 -0.278107
0.977732 0.554243 -0.472150
0.977732 0.602450 -0.472150
0.976037 0.554243 -0.465348
0.976037 0.602450 -0.465348
0.974212 0.554243 -0.458574
0.974212 0.602450 -0.458574
0.974212 0.554243 -0.458574
0.974212 0.602450 -0.458574
1.073574 0.554243 -0.439114
1.073574 0.602450 -0.439114
1.073574 0.554243 -0.439114
1.073574 0.602450 -0.439114
1.076265 0.554243 -0.452853
1.076265 0.602450 -0.452853
1.076265 0.554243 -0.452853
1.076265 0.602450 -0.452853
0.977732 0.554243 -0.472150
0.977732 0.602450 -0.472150
0.977732 0.554243 -0.472150
0.976037 0.554243 -0.465348
0.974212 0.554243 -0.458574
1.073574 0.554243 -0.439114
1.076265 0.554243 -0.452853
0.977732 0.602450 -0.472150
0.976037 0.602450 -0.465348
0.974212 0.602450 -0.458574
1.073574 0.602450 -0.439114
1.076265 0.602450 -0.452853
0.977732 0.460993 -0.472150
0.977732 0.496204 -0.472150
0.976037 0.460993 -0.465348
0.976037 0.496204 -0.465348
0.974212 0.460993 -0.458574
0.974212 0.496204 -0.458574
0.974212 0.460993 -0.458574
0.974212 0.496204 -0.458574
1.073574 0.460993 -0.439114
1.073574 0.496204 -0.439114
1.073574 0.460993 -0.439114
1.073574 0.496204 -0.439114
1.076265 0.460993 -0.452853
1.076265 0.496204 -0.452853
1.076265 0.460993 -0.452853
1.076265 0.496204 -0.452853
0.977732 0.460993 -0.472150
0.977732 0.496204 -0.472150
0.977732 0.460993 -0.472150
0.976037 0.460993 -0.465348
0.974212 0.460993 -0.458574
1.073574 0.460993 -0.439114
1.076265 0.460993 -0.452853
0.977732 0.496204 -0.472150
0.976037 0.496204 -0.465348
0.974212 0.496204 -0.458574
1.073574 0.496204 -0.439114
1.076265 0.496204 -0.452853
0.977732 0.332772 -0.472150
0.977732 0.377717 -0.472150
0.976037 0.332772 -0.465348
0.976037 0.377717 -0.465348
0.974212 0.332772 -0.458574
0.974212 0.377717 -0.458574
0.974212 0.332772 -0.458574
0.974212 0.377717 -0.458574
1.073574 0.332772 -0.439114
1.073574 0.377717 -0.439114
1.073574 0.332772 -0.439114
1.073574 0.377717 -0.439114
1.076265 0.332772 -0.452853
1.076265 0.377717 -0.452853
1.076265 0.332772 -0.452853
1.076265 0.377717 -0.452853
0.977732 0.332772 -0.472150
0.977732 0.377717 -0.472150
0.977732 0.332772 -0.472150
0.976037 0.332772 -0.465348
0.974212 0.332772 -0.458574
1.073574 0.332772 -0.439114
1.076265 0.332772 -0.452853
0.977732 0.377717 -0.472150
0.976037 0.377717 -0.465348
0.974212 0.377717 -0.458574
1.073574 0.377717 -0.439114
1.076265 0.377717 -0.452853
0.977732 0.160656 -0.472150
0.977732 0.188565 -0.472150
0.976037 0.160656 -0.465348
0.976037 0.188565 -0.465348
0.974212 0.160656 -0.458574
0.974212 0.188565 -0.458574
0.974212 0.160656 -0.458574
0.974212 0.188565 -0.458574
1.073574 0.160656 -0.439114
1.073574 0.188565 -0.439114
1.073574 0.160656 -0.439114
1.073574 0.188565 -0.439114
1.076265 0.160656 -0.452853
1.076265 0.188565 -0.452853
1.076265 0.160656 -0.452853
1.076265 0.188565 -0.452853
0.977732 0.160656 -0.472150
0.977732 0.188565 -0.472150
0.977732 0.160656 -0.472150
0.976037 0.160656 -0.465348
0.974212 0.160656 -0.458574
1.073574 0.160656 -0.439114
1.076265 0.160656 -0.452853
0.977732 0.188565 -0.472150
0.976037 0.188565 -0.465348
0.974212 0.188565 -0.458574
1.073574 0.188565 -0.439114
1.076265 0.188565 -0.452853
1.073574 0.035040 -0.439114
1.073574 0.066041 -0.439114
1.090266 0.035040 -0.435845
1.090266 0.066041 -0.435845
1.073574 0.058286 -0.439114
1.073574 0.050536 -0.439114
1.073574 0.042788 -0.439114
1.090266 0.035040 -0.435845
1.090266 0.066041 -0.435845
1.092957 0.035040 -0.449584
1.092957 0.066041 -0.449584
1.092957 0.035040 -0.449584
1.092957 0.066041 -0.449584
1.076268 0.035040 -0.452868
1.076268 0.066041 -0.452868
1.076268 0.050536 -0.452868
1.076268 0.058286 -0.452868
1.073574 0.035040 -0.439114
1.076268 0.035040 -0.452868
1.090266 0.035040 -0.435845
1.092957 0.035040 -0.449584
1.075633 0.035040 -0.449425
1.074972 0.035040 -0.445981
1.074285 0.035040 -0.442543
1.076268 0.066041 -0.452868
1.090266 0.066041 -0.435845
1.092957 0.066041 -0.449584
1.075632 0.066041 -0.449422
1.074972 0.066041 -0.445981
1.074285 0.066041 -0.442545
1.073574 0.066041 -0.439114
1.073574 0.066041 -0.439114
1.074285 0.066041 -0.442545
1.074972 0.066041 -0.445981
1.075632 0.066041 -0.449422
1.076268 0.066041 -0.452868
1.073574 0.058286 -0.439114
1.074285 0.058290 -0.442544
1.074972 0.058291 -0.445981
1.075632 0.058290 -0.449423
1.076268 0.058286 -0.452868
1.073574 0.050536 -0.439114
1.074285 0.050542 -0.442544
1.074972 0.050543 -0.445981
1.075633 0.050542 -0.449424
1.076268 0.050536 -0.452868
1.073574 0.042788 -0.439114
1.074285 0.042792 -0.442543
1.074972 0.042794 -0.445981
1.075633 0.042792 -0.449424
1.073574 0.035040 -0.439114
1.074285 0.035040 -0.442543
1.074972 0.035040 -0.445981
1.075633 0.035040 -0.449425
1.076268 0.035040 -0.452868
1.073574 -0.000000 -0.439114
1.073574 0.035040 -0.439114
1.090266 0.000000 -0.435845
1.090266 0.035040 -0.435845
1.073574 0.017520 -0.439114
1.073574 0.008760 -0.439114
1.090266 0.000000 -0.435845
1.090266 0.035040 -0.435845
1.092957 0.000000 -0.449584
1.092957 0.035040 -0.449584
1.092957 0.000000 -0.449584
1.092957 0.035040 -0.449584
1.076268 0.000000 -0.452868
1.076268 0.035040 -0.452868
1.076268 0.008760 -0.452868
1.076268 0.017520 -0.452868
1.076268 0.026280 -0.452868
1.073574 -0.000000 -0.439114
1.076268 0.000000 -0.452868
1.090266 0.000000 -0.435845
1.092957 0.000000 -0.449584
1.075631 0.000000 -0.449418
1.074970 0.000000 -0.445975
1.074285 0.000000 -0.442540
1.076268 0.035040 -0.452868
1.090266 0.035040 -0.435845
1.092957 0.035040 -0.449584
1.075631 0.035040 -0.449418
1.074970 0.035040 -0.445975
1.074285 0.035040 -0.442540
1.073574 0.035040 -0.439114
1.073574 0.035040 -0.439114
1.074285 0.035040 -0.442540
1.074970 0.035040 -0.445975
1.075631 0.035040 -0.449418
1.076268 0.035040 -0.452868
1.074285 0.026280 -0.442540
1.074970 0.026280 -0.445975
1.075631 0.026280 -0.449418
1.076268 0.026280 -0.452868
1.073574 0.017520 -0.439114
1.074285 0.017520 -0.442540
1.074970 0.017520 -0.445975
1.075631 0.017520 -0.449418
1.076268 0.017520 -0.452868
1.073574 0.008760 -0.439114
1.074285 0.008760 -0.442540
1.074970 0.008760 -0.445975
1.075631 0.008760 -0.449418
1.076268 0.008760 -0.452868
1.073574 0.000000 -0.439114
1.074285 0.000000 -0.442540
1.074970 0.000000 -0.445975
1.075631 0.000000 -0.449418
1.076268 0.000000 -0.452868
1.192391 0.332772 -0.415844
1.192391 0.368938 -0.415844
1.195082 0.332772 -0.429583
1.195082 0.368938 -0.429583
1.195082 0.332772 -0.429583
1.195082 0.368938 -0.429583
1.076265 0.332772 -0.452853
1.076265 0.368938 -0.452853
1.076265 0.332772 -0.452853
1.076265 0.368938 -0.452853
1.073574 0.332772 -0.439114
1.073574 0.368938 -0.439114
1.073574 0.332772 -0.439114
1.073574 0.368938 -0.439114
1.192391 0.332772 -0.415844
1.192391 0.368938 -0.415844
1.073574 0.332772 -0.439114
1.076265 0.332772 -0.452853
1.192391 0.332772 -0.415844
1.195082 0.332772 -0.429583
1.073574 0.368938 -0.439114
1.076265 0.368938 -0.452853
1.192391 0.368938 -0.415844
1.195082 0.368938 -0.429583
1.192391 0.255270 -0.415844
1.192391 0.283180 -0.415844
1.195082 0.255270 -0.429583
1.195082 0.283180 -0.429583
1.195082 0.255270 -0.429583
1.195082 0.283180 -0.429583
1.076265 0.255270 -0.452853
1.076265 0.283180 -0.452853
1.076265 0.255270 -0.452853
1.076265 0.283180 -0.452853
1.073574 0.255270 -0.439114
1.073574 0.283180 -0.439114
1.073574 0.255270 -0.439114
1.073574 0.283180 -0.439114
1.192391 0.255270 -0.415844
1.192391 0.283180 -0.415844
1.073574 0.255270 -0.439114
1.076265 0.255270 -0.452853
1.192391 0.255270 -0.415844
1.195082 0.255270 -0.429583
1.073574 0.283180 -0.439114
1.076265 0.283180 -0.452853
1.192391 0.283180 -0.415844
1.195082 0.283180 -0.429583
1.190019 0.160656 -0.416308
1.190019 0.188565 -0.416308
1.192710 0.160656 -0.430047
1.192710 0.188565 -0.430047
1.192710 0.160656 -0.430047
1.192710 0.188565 -0.430047
1.076265 0.160656 -0.452853
1.076265 0.188565 -0.452853
1.076265 0.160656 -0.452853
1.076265 0.188565 -0.452853
1.073574 0.160656 -0.439114
1.073574 0.188565 -0.439114
1.073574 0.160656 -0.439114
1.073574 0.188565 -0.439114
1.190019 0.160656 -0.416308
1.190019 0.188565 -0.416308
1.073574 0.160656 -0.439114
1.076265 0.160656 -0.452853
1.190019 0.160656 -0.416308
1.192710 0.160656 -0.430047
1.073574 0.188565 -0.439114
1.076265 0.188565 -0.452853
1.190019 0.188565 -0.416308
1.192710 0.188565 -0.430047
1.222461 -0.000000 -0.440130
1.222461 0.368938 -0.440130
1.208721 0.000000 -0.442817
1.208721 0.368938 -0.442817
1.208721 0.092234 -0.442817
1.208721 0.184469 -0.442817
1.208721 0.276703 -0.442817
1.222461 0.276699 -0.440130
1.222461 0.184465 -0.440130
1.222461 0.092232 -0.440130
1.208721 0.000000 -0.442817
1.208721 0.092234 -0.442817
1.208721 0.184469 -0.442817
1.208721 0.276703 -0.442817
1.208721 0.368938 -0.442817
1.207959 0.000000 -0.438989
1.207959 0.092234 -0.438989
1.207959 0.184469 -0.438989
1.207959 0.276703 -0.438989
1.207959 0.368938 -0.438989
1.207173 0.000000 -0.435167
1.207173 0.092234 -0.435167
1.207173 0.184469 -0.435167
1.207173 0.276703 -0.435167
1.207173 0.368938 -0.435167
1.206363 0.000000 -0.431349
1.206363 0.092234 -0.431349
1.206363 0.184469 -0.431349
1.206363 0.276703 -0.431349
1.206363 0.368938 -0.431349
1.205528 0.000000 -0.427537
1.205528 0.092234 -0.427537
1.205528 0.184469 -0.427537
1.205528 0.276703 -0.427537
1.205528 0.368938 -0.427537
1.205528 0.000000 -0.427537
1.205528 0.368938 -0.427537
1.195082 0.000000 -0.429583
1.195082 0.368938 -0.429583
1.205528 0.276703 -0.427537
1.205528 0.184469 -0.427537
1.205528 0.092234 -0.427537
1.195082 0.000000 -0.429583
1.195082 0.368938 -0.429583
1.192391 0.000000 -0.415844
1.192391 0.368938 -0.415844
1.192391 0.000000 -0.415844
1.192391 0.368938 -0.415844
1.215804 0.000000 -0.411258
1.215804 0.368938 -0.411258
1.215804 0.000000 -0.411258
1.215804 0.368938 -0.411258
1.216095 -0.000000 -0.411258
1.216095 0.368938 -0.411258
1.216095 0.092234 -0.411258
1.216095 0.184469 -0.411258
1.216095 0.276703 -0.411258
1.222461 -0.000000 -0.440130
1.208721 0.000000 -0.442817
1.207959 0.000000 -0.438989
1.207173 0.000000 -0.435167
1.206363 0.000000 -0.431349
1.205528 0.000000 -0.427537
1.195082 0.000000 -0.429583
1.192391 0.000000 -0.415844
1.215804 0.000000 -0.411258
1.216095 -0.000000 -0.411258
1.219362 -0.000000 -0.425256
1.220171 -0.000000 -0.428967
1.220957 -0.000000 -0.432684
1.221720 -0.000000 -0.436405
1.216942 -0.000000 -0.414750
1.217769 -0.000000 -0.418248
1.218576 -0.000000 -0.421750
1.222461 0.368938 -0.440130
1.208721 0.368938 -0.442817
1.207959 0.368938 -0.438989
1.207173 0.368938 -0.435167
1.206363 0.368938 -0.431349
1.205528 0.368938 -0.427537
1.195082 0.368938 -0.429583
1.192391 0.368938 -0.415844
1.215804 0.368938 -0.411258
1.216095 0.368938 -0.411258
1.219362 0.368938 -0.425256
1.220171 0.368938 -0.428967
1.220957 0.368938 -0.432684
1.221720 0.368938 -0.436405
1.216942 0.368938 -0.414750
1.217769 0.368938 -0.418248
1.218576 0.368938 -0.421750
1.216095 0.368938 -0.411258
1.216942 0.368938 -0.414750
1.217769 0.368938 -0.418248
1.218576 0.368938 -0.421750
1.219362 0.368938 -0.425256
1.216095 0.276703 -0.411258
1.216942 0.276703 -0.414750
1.217769 0.276703 -0.418248
1.218576 0.276703 -0.421750
1.216095 0.184469 -0.411258
1.216942 0.184469 -0.414750
1.217769 0.184469 -0.418248
1.218576 0.184469 -0.421750
1.216095 0.092234 -0.411258
1.216942 0.092234 -0.414750
1.217769 0.092234 -0.418248
1.218576 0.092234 -0.421750
1.216095 -0.000000 -0.411258
1.216942 -0.000000 -0.414750
1.217769 -0.000000 -0.418248
1.218576 -0.000000 -0.421750
1.219362 -0.000000 -0.425256
1.219362 0.061490 -0.425256
1.219362 0.122979 -0.425256
1.219362 0.184469 -0.425256
1.219362 0.245958 -0.425256
1.219362 0.307448 -0.425256
1.219362 0.368938 -0.425256
1.220171 0.368938 -0.428967
1.220957 0.368938 -0.432684
1.221720 0.368938 -0.436405
1.222461 0.368938 -0.440130
1.220171 0.276706 -0.428967
1.220957 0.276704 -0.432684
1.221720 0.276701 -0.436405
1.222461 0.276699 -0.440130
1.220171 0.184475 -0.428967
1.220957 0.184471 -0.432684
1.221720 0.184468 -0.436405
1.222461 0.184465 -0.440130
1.220171 0.092240 -0.428967
1.220957 0.092237 -0.432684
1.221720 0.092235 -0.436405
1.222461 0.092232 -0.440130
1.219362 -0.000000 -0.425256
1.220171 -0.000000 -0.428967
1.220957 -0.000000 -0.432684
1.221720 -0.000000 -0.436405
1.222461 -0.000000 -0.440130
1.219362 0.307448 -0.425256
1.219362 0.245958 -0.425256
1.219362 0.184469 -0.425256
1.219362 0.122979 -0.425256
1.219362 0.061490 -0.425256
1.680323 0.024469 -0.410899
1.680323 0.055850 -0.410899
1.694041 0.024469 -0.410899
1.694041 0.055850 -0.410899
1.694041 0.024469 -0.410899
1.694041 0.055850 -0.410899
1.694041 0.024469 -0.412909
1.694041 0.055850 -0.412909
1.694041 0.024469 -0.412909
1.694041 0.055850 -0.412909
1.680323 0.024469 -0.412909
1.680323 0.055850 -0.412909
1.680323 0.024469 -0.412909
1.680323 0.055850 -0.412909
1.680323 0.024469 -0.410899
1.680323 0.055850 -0.410899
1.680323 0.024469 -0.410899
1.694041 0.024469 -0.410899
1.694041 0.024469 -0.412909
1.680323 0.024469 -0.412909
1.680323 0.055850 -0.410899
1.694041 0.055850 -0.410899
1.694041 0.055850 -0.412909
1.680323 0.055850 -0.412909
1.725957 0.000000 -0.424875
1.723276 0.000000 -0.424877
1.723265 0.000000 -0.410877
1.739946 0.000000 -0.410864
1.740171 0.000000 -0.709751
1.726171 0.000000 -0.709761
1.725957 0.240645 -0.424875
1.723276 0.240645 -0.424877
1.723265 0.240645 -0.410877
1.739946 0.240645 -0.410864
1.740171 0.240645 -0.709751
1.726171 0.240645 -0.709761
1.739946 0.000000 -0.410864
1.739946 0.240645 -0.410864
1.740171 0.000000 -0.709751
1.740171 0.240645 -0.709751
1.740159 0.055850 -0.693371
1.740159 0.024469 -0.693371
1.739959 0.024469 -0.427659
1.739959 0.055850 -0.427659
1.740057 0.024469 -0.557501
1.740018 0.024469 -0.505458
1.740018 0.055850 -0.505458
1.740057 0.055850 -0.557501
1.740159 0.129982 -0.693371
1.740159 0.096350 -0.693371
1.739959 0.096350 -0.427659
1.739959 0.129982 -0.427659
1.740057 0.096350 -0.557501
1.740018 0.096350 -0.505458
1.740018 0.129982 -0.505458
1.740057 0.129982 -0.557501
1.740159 0.201855 -0.693371
1.740159 0.170481 -0.693371
1.739959 0.170481 -0.427659
1.739959 0.201855 -0.427659
1.740057 0.170481 -0.557501
1.740018 0.170481 -0.505458
1.740018 0.201855 -0.505458
1.740057 0.201855 -0.557501
1.740171 0.000000 -0.709751
1.740171 0.240645 -0.709751
1.726171 0.000000 -0.709761
1.726171 0.240645 -0.709761
1.725957 0.240645 -0.424875
1.726171 0.240645 -0.709761
1.725957 0.000000 -0.424875
1.726171 0.000000 -0.709761
1.725957 0.000000 -0.424875
1.725957 0.240645 -0.424875
1.723276 0.000000 -0.424877
1.723276 0.240645 -0.424877
1.723276 0.000000 -0.424877
1.723276 0.240645 -0.424877
1.723265 0.000000 -0.410877
1.723265 0.240645 -0.410877
1.723265 0.000000 -0.410877
1.739946 0.000000 -0.410864
1.739946 0.240645 -0.410864
1.723265 0.240645 -0.410877
1.740159 0.024469 -0.693371
1.740159 0.055850 -0.693371
1.738201 0.024469 -0.693371
1.738201 0.055850 -0.693371
1.738201 0.024469 -0.693371
1.738201 0.055850 -0.693371
1.738084 0.055850 -0.557465
1.738084 0.024469 -0.557465
1.737971 0.024469 -0.427659
1.737971 0.055850 -0.427659
1.739959 0.024469 -0.427659
1.739959 0.055850 -0.427659
1.735988 0.024469 -0.523347
1.736013 0.024469 -0.557427
1.738054 0.024469 -0.523344
1.738084 0.024469 -0.557465
1.736013 0.024469 -0.557427
1.736013 0.055850 -0.557427
1.735988 0.024469 -0.523347
1.735988 0.055850 -0.523347
1.738054 0.024469 -0.523344
1.738054 0.055850 -0.523344
1.738039 0.055850 -0.505421
1.738039 0.024469 -0.505421
1.736013 0.055850 -0.557427
1.735988 0.055850 -0.523347
1.738054 0.055850 -0.523344
1.738084 0.055850 -0.557465
1.738084 0.024469 -0.557465
1.738084 0.055850 -0.557465
1.736013 0.024469 -0.557427
1.736013 0.055850 -0.557427
1.735988 0.024469 -0.523347
1.735988 0.055850 -0.523347
1.738054 0.024469 -0.523344
1.738054 0.055850 -0.523344
1.735949 0.024469 -0.471303
1.735974 0.024469 -0.505383
1.738009 0.024469 -0.471300
1.738039 0.024469 -0.505421
1.735974 0.024469 -0.505383
1.735974 0.055850 -0.505383
1.735949 0.024469 -0.471303
1.735949 0.055850 -0.471303
1.737971 0.055850 -0.427659
1.740159 0.055850 -0.693371
1.738201 0.055850 -0.693371
1.738084 0.055850 -0.557465
1.739959 0.055850 -0.427659
1.738054 0.055850 -0.523344
1.738039 0.055850 -0.505421
1.738009 0.055850 -0.471300
1.740018 0.055850 -0.505458
1.740057 0.055850 -0.557501
1.737971 0.024469 -0.427659
1.740159 0.024469 -0.693371
1.738084 0.024469 -0.557465
1.738201 0.024469 -0.693371
1.739959 0.024469 -0.427659
1.738039 0.024469 -0.505421
1.738054 0.024469 -0.523344
1.738009 0.024469 -0.471300
1.740057 0.024469 -0.557501
1.740018 0.024469 -0.505458
1.738009 0.024469 -0.471300
1.737971 0.024469 -0.427659
1.737971 0.055850 -0.427659
1.738009 0.055850 -0.471300
1.735974 0.055850 -0.505383
1.735949 0.055850 -0.471303
1.738009 0.055850 -0.471300
1.738039 0.055850 -0.505421
1.738039 0.024469 -0.505421
1.738039 0.055850 -0.505421
1.735974 0.024469 -0.505383
1.735974 0.055850 -0.505383
1.735949 0.024469 -0.471303
1.735949 0.055850 -0.471303
1.738009 0.024469 -0.471300
1.738009 0.055850 -0.471300
1.737971 0.129982 -0.427659
1.740159 0.129982 -0.693371
1.738201 0.129982 -0.693371
1.738084 0.129982 -0.557465
1.739959 0.129982 -0.427659
1.738009 0.129982 -0.471300
1.738039 0.129982 -0.505421
1.738054 0.129982 -0.523344
1.740018 0.129982 -0.505458
1.740057 0.129982 -0.557501
1.740159 0.096350 -0.693371
1.740159 0.129982 -0.693371
1.738201 0.096350 -0.693371
1.738201 0.129982 -0.693371
1.738054 0.096350 -0.523344
1.738054 0.129982 -0.523344
1.738039 0.096350 -0.505421
1.738039 0.129982 -0.505421
1.737971 0.096350 -0.427659
1.737971 0.129982 -0.427659
1.739959 0.096350 -0.427659
1.739959 0.129982 -0.427659
1.735949 0.096350 -0.471303
1.735974 0.096350 -0.505383
1.738009 0.096350 -0.471300
1.738039 0.096350 -0.505421
1.735974 0.096350 -0.505383
1.735974 0.129982 -0.505383
1.735949 0.096350 -0.471303
1.735949 0.129982 -0.471303
1.738009 0.096350 -0.471300
1.738009 0.129982 -0.471300
1.737971 0.096350 -0.427659
1.737971 0.129982 -0.427659
1.735974 0.129982 -0.505383
1.735949 0.129982 -0.471303
1.738009 0.129982 -0.471300
1.738039 0.129982 -0.505421
1.738039 0.096350 -0.505421
1.738039 0.129982 -0.505421
1.735974 0.096350 -0.505383
1.735974 0.129982 -0.505383
1.735949 0.096350 -0.471303
1.735949 0.129982 -0.471303
1.738009 0.096350 -0.471300
1.738009 0.129982 -0.471300
1.735988 0.096350 -0.523347
1.736013 0.096350 -0.557427
1.738054 0.096350 -0.523344
1.738084 0.096350 -0.557465
1.736013 0.096350 -0.557427
1.736013 0.129982 -0.557427
1.735988 0.096350 -0.523347
1.735988 0.129982 -0.523347
1.738201 0.096350 -0.693371
1.738201 0.129982 -0.693371
1.738084 0.096350 -0.557465
1.738084 0.129982 -0.557465
1.737971 0.096350 -0.427659
1.740159 0.096350 -0.693371
1.738084 0.096350 -0.557465
1.738201 0.096350 -0.693371
1.739959 0.096350 -0.427659
1.738009 0.096350 -0.471300
1.738039 0.096350 -0.505421
1.738054 0.096350 -0.523344
1.740057 0.096350 -0.557501
1.740018 0.096350 -0.505458
1.736013 0.129982 -0.557427
1.735988 0.129982 -0.523347
1.738054 0.129982 -0.523344
1.738084 0.129982 -0.557465
1.738084 0.096350 -0.557465
1.738084 0.129982 -0.557465
1.736013 0.096350 -0.557427
1.736013 0.129982 -0.557427
1.735988 0.096350 -0.523347
1.735988 0.129982 -0.523347
1.738054 0.096350 -0.523344
1.738054 0.129982 -0.523344
1.740159 0.170481 -0.693371
1.740159 0.201855 -0.693371
1.738201 0.170481 -0.693371
1.738201 0.201855 -0.693371
1.738201 0.170481 -0.693371
1.738201 0.201855 -0.693371
1.738084 0.201855 -0.557465
1.738084 0.170481 -0.557465
1.737971 0.170481 -0.427659
1.737971 0.201855 -0.427659
1.739959 0.170481 -0.427659
1.739959 0.201855 -0.427659
1.735988 0.170481 -0.523347
1.736013 0.170481 -0.557427
1.738054 0.170481 -0.523344
1.738084 0.170481 -0.557465
1.736013 0.170481 -0.557427
1.736013 0.201855 -0.557427
1.735988 0.170481 -0.523347
1.735988 0.201855 -0.523347
1.737971 0.201855 -0.427659
1.740159 0.201855 -0.693371
1.738201 0.201855 -0.693371
1.738084 0.201855 -0.557465
1.739959 0.201855 -0.427659
1.738054 0.201855 -0.523344
1.738039 0.201855 -0.505421
1.738009 0.201855 -0.471300
1.740018 0.201855 -0.505458
1.740057 0.201855 -0.557501
1.738054 0.170481 -0.523344
1.738054 0.201855 -0.523344
1.738039 0.201855 -0.505421
1.738039 0.170481 -0.505421
1.736013 0.201855 -0.557427
1.735988 0.201855 -0.523347
1.738054 0.201855 -0.523344
1.738084 0.201855 -0.557465
1.738084 0.170481 -0.557465
1.738084 0.201855 -0.557465
1.736013 0.170481 -0.557427
1.736013 0.201855 -0.557427
1.735988 0.170481 -0.523347
1.735988 0.201855 -0.523347
1.738054 0.170481 -0.523344
1.738054 0.201855 -0.523344
1.735949 0.170481 -0.471303
1.735974 0.170481 -0.505383
1.738009 0.170481 -0.471300
1.738039 0.170481 -0.505421
1.735974 0.170481 -0.505383
1.735974 0.201855 -0.505383
1.735949 0.170481 -0.471303
1.735949 0.201855 -0.471303
1.737971 0.170481 -0.427659
1.740159 0.170481 -0.693371
1.738084 0.170481 -0.557465
1.738201 0.170481 -0.693371
1.739959 0.170481 -0.427659
1.738039 0.170481 -0.505421
1.738054 0.170481 -0.523344
1.738009 0.170481 -0.471300
1.740057 0.170481 -0.557501
1.740018 0.170481 -0.505458
1.738009 0.170481 -0.471300
1.737971 0.170481 -0.427659
1.737971 0.201855 -0.427659
1.738009 0.201855 -0.471300
1.735974 0.201855 -0.505383
1.735949 0.201855 -0.471303
1.738009 0.201855 -0.471300
1.738039 0.201855 -0.505421
1.738039 0.170481 -0.505421
1.738039 0.201855 -0.505421
1.735974 0.170481 -0.505383
1.735974 0.201855 -0.505383
1.735949 0.170481 -0.471303
1.735949 0.201855 -0.471303
1.738009 0.170481 -0.471300
1.738009 0.201855 -0.471300
1.222642 0.240645 -0.681263
1.222642 0.230948 -0.681263
1.222642 0.221250 -0.681263
1.222642 0.211552 -0.681263
1.222642 0.201855 -0.681263
1.221907 0.240645 -0.684990
1.221907 0.230948 -0.684990
1.221907 0.221250 -0.684990
1.221907 0.211552 -0.684990
1.221907 0.201855 -0.684990
1.221149 0.240645 -0.688712
1.221149 0.230948 -0.688712
1.221149 0.221250 -0.688712
1.221149 0.211552 -0.688712
1.221149 0.201855 -0.688712
1.220369 0.240645 -0.692430
1.220369 0.230948 -0.692430
1.220369 0.221250 -0.692430
1.220369 0.211552 -0.692430
1.220369 0.201855 -0.692430
1.219566 0.240645 -0.696142
1.219566 0.230948 -0.696142
1.219566 0.221250 -0.696142
1.219566 0.211552 -0.696142
1.219566 0.201855 -0.696142
1.216029 0.240645 -0.710145
1.216029 0.201855 -0.710145
1.187842 0.240645 -0.704669
1.187842 0.201855 -0.704669
1.187842 0.240645 -0.704669
1.187842 0.201855 -0.704669
1.190512 0.240645 -0.690926
1.190512 0.201855 -0.690926
1.190512 0.240645 -0.690926
1.190512 0.201855 -0.690926
1.205728 0.240645 -0.693882
1.205728 0.201855 -0.693882
1.205728 0.230948 -0.693882
1.205728 0.221250 -0.693882
1.205728 0.211552 -0.693882
1.205728 0.240645 -0.693882
1.205728 0.230948 -0.693882
1.205728 0.221250 -0.693882
1.205728 0.211552 -0.693882
1.205728 0.201855 -0.693882
1.206558 0.240645 -0.690068
1.206558 0.230948 -0.690068
1.206558 0.221250 -0.690068
1.206558 0.211552 -0.690068
1.206558 0.201855 -0.690068
1.207362 0.240645 -0.686250
1.207362 0.230948 -0.686250
1.207362 0.221250 -0.686250
1.207362 0.211552 -0.686250
1.207362 0.201855 -0.686250
1.208143 0.240645 -0.682426
1.208143 0.230948 -0.682426
1.208143 0.221250 -0.682426
1.208143 0.211552 -0.682426
1.208143 0.201855 -0.682426
1.208898 0.240645 -0.678597
1.208898 0.230948 -0.678597
1.208898 0.221250 -0.678597
1.208898 0.211552 -0.678597
1.208898 0.201855 -0.678597
1.208898 0.240645 -0.678597
1.208898 0.201855 -0.678597
1.222642 0.240645 -0.681263
1.222642 0.201855 -0.681263
1.222642 0.230948 -0.681263
1.222642 0.221250 -0.681263
1.222642 0.211552 -0.681263
1.208898 0.211552 -0.678597
1.208898 0.221250 -0.678597
1.208898 0.230948 -0.678597
1.219566 0.240645 -0.696142
1.219566 0.201855 -0.696142
1.740155 0.240645 -0.695684
1.740155 0.201855 -0.695684
1.219566 0.211552 -0.696142
1.219566 0.221250 -0.696142
1.219566 0.230948 -0.696142
1.740166 0.240645 -0.709685
1.740166 0.201855 -0.709685
1.216029 0.240645 -0.710145
1.216029 0.201855 -0.710145
1.222642 0.240645 -0.681263
1.221907 0.240645 -0.684990
1.221149 0.240645 -0.688712
1.220369 0.240645 -0.692430
1.219566 0.240645 -0.696142
1.740155 0.240645 -0.695684
1.216029 0.240645 -0.710145
1.187842 0.240645 -0.704669
1.190512 0.240645 -0.690926
1.205728 0.240645 -0.693882
1.206558 0.240645 -0.690068
1.207362 0.240645 -0.686250
1.208143 0.240645 -0.682426
1.208898 0.240645 -0.678597
1.740166 0.240645 -0.709685
1.222642 0.201855 -0.681263
1.221907 0.201855 -0.684990
1.221149 0.201855 -0.688712
1.220369 0.201855 -0.692430
1.219566 0.201855 -0.696142
1.740155 0.201855 -0.695684
1.216029 0.201855 -0.710145
1.187842 0.201855 -0.704669
1.190512 0.201855 -0.690926
1.205728 0.201855 -0.693882
1.206558 0.201855 -0.690068
1.207362 0.201855 -0.686250
1.208143 0.201855 -0.682426
1.208898 0.201855 -0.678597
1.740166 0.201855 -0.709685
1.740166 0.201855 -0.709685
1.740166 0.240645 -0.709685
1.740155 0.201855 -0.695684
1.740155 0.240645 -0.695684
1.222642 0.129983 -0.681263
1.222642 0.170481 -0.681263
1.208898 0.129983 -0.678597
1.208898 0.170481 -0.678597
1.208898 0.140107 -0.678597
1.208898 0.150232 -0.678597
1.208898 0.160357 -0.678597
1.222642 0.160357 -0.681263
1.222642 0.150232 -0.681263
1.222642 0.140107 -0.681263
1.208898 0.129983 -0.678597
1.208898 0.140107 -0.678597
1.208898 0.150232 -0.678597
1.208898 0.160357 -0.678597
1.208898 0.170481 -0.678597
1.208143 0.129983 -0.682426
1.208143 0.140107 -0.682426
1.208143 0.150232 -0.682426
1.208143 0.160357 -0.682426
1.208143 0.170481 -0.682426
1.207362 0.129983 -0.686250
1.207362 0.140107 -0.686250
1.207362 0.150232 -0.686250
1.207362 0.160357 -0.686250
1.207362 0.170481 -0.686250
1.206558 0.129983 -0.690068
1.206558 0.140107 -0.690068
1.206558 0.150232 -0.690068
1.206558 0.160357 -0.690068
1.206558 0.170481 -0.690068
1.205728 0.129983 -0.693882
1.205728 0.140107 -0.693882
1.205728 0.150232 -0.693882
1.205728 0.160357 -0.693882
1.205728 0.170481 -0.693882
1.205728 0.129983 -0.693882
1.205728 0.170481 -0.693882
1.190512 0.129983 -0.690926
1.190512 0.170481 -0.690926
1.205728 0.160357 -0.693882
1.205728 0.150232 -0.693882
1.205728 0.140107 -0.693882
1.190512 0.129983 -0.690926
1.190512 0.170481 -0.690926
1.187842 0.129983 -0.704669
1.187842 0.170481 -0.704669
1.187842 0.129983 -0.704669
1.187842 0.170481 -0.704669
1.216029 0.129983 -0.710145
1.216029 0.170481 -0.710145
1.216029 0.129983 -0.710145
1.216029 0.170481 -0.710145
1.740166 0.129983 -0.709716
1.740166 0.170481 -0.709716
1.740166 0.129983 -0.709716
1.740166 0.170481 -0.709716
1.740155 0.129983 -0.695716
1.740155 0.170481 -0.695716
1.740155 0.129983 -0.695716
1.740155 0.170481 -0.695716
1.219566 0.129983 -0.696142
1.219566 0.170481 -0.696142
1.219566 0.140107 -0.696142
1.219566 0.150232 -0.696142
1.219566 0.160357 -0.696142
1.219566 0.129983 -0.696142
1.219566 0.140107 -0.696142
1.219566 0.150232 -0.696142
1.219566 0.160357 -0.696142
1.219566 0.170481 -0.696142
1.220369 0.129983 -0.692430
1.220369 0.140107 -0.692430
1.220369 0.150232 -0.692430
1.220369 0.160357 -0.692430
1.220369 0.170481 -0.692430
1.221149 0.129983 -0.688712
1.221149 0.140107 -0.688712
1.221149 0.150232 -0.688712
1.221149 0.160357 -0.688712
1.221149 0.170481 -0.688712
1.221907 0.129983 -0.684990
1.221907 0.140107 -0.684990
1.221907 0.150232 -0.684990
1.221907 0.160357 -0.684990
1.221907 0.170481 -0.684990
1.222642 0.129983 -0.681263
1.222642 0.140107 -0.681263
1.222642 0.150232 -0.681263
1.222642 0.160357 -0.681263
1.222642 0.170481 -0.681263
1.222642 0.129983 -0.681263
1.208898 0.129983 -0.678597
1.208143 0.129983 -0.682426
1.207362 0.129983 -0.686250
1.206558 0.129983 -0.690068
1.205728 0.129983 -0.693882
1.190512 0.129983 -0.690926
1.187842 0.129983 -0.704669
1.216029 0.129983 -0.710145
1.740166 0.129983 -0.709716
1.740155 0.129983 -0.695716
1.219566 0.129983 -0.696142
1.220369 0.129983 -0.692430
1.221149 0.129983 -0.688712
1.221907 0.129983 -0.684990
1.222642 0.170481 -0.681263
1.208898 0.170481 -0.678597
1.208143 0.170481 -0.682426
1.207362 0.170481 -0.686250
1.206558 0.170481 -0.690068
1.205728 0.170481 -0.693882
1.190512 0.170481 -0.690926
1.187842 0.170481 -0.704669
1.216029 0.170481 -0.710145
1.740166 0.170481 -0.709716
1.740155 0.170481 -0.695716
1.219566 0.170481 -0.696142
1.220369 0.170481 -0.692430
1.221149 0.170481 -0.688712
1.221907 0.170481 -0.684990
1.222642 0.055850 -0.681263
1.222642 0.096350 -0.681263
1.208898 0.055850 -0.678597
1.208898 0.096350 -0.678597
1.208898 0.065975 -0.678597
1.208898 0.076100 -0.678597
1.208898 0.086225 -0.678597
1.222642 0.086225 -0.681263
1.222642 0.076100 -0.681263
1.222642 0.065975 -0.681263
1.208898 0.055850 -0.678597
1.208898 0.065975 -0.678597
1.208898 0.076100 -0.678597
1.208898 0.086225 -0.678597
1.208898 0.096350 -0.678597
1.208143 0.055850 -0.682426
1.208143 0.065975 -0.682426
1.208143 0.076100 -0.682426
1.208143 0.086225 -0.682426
1.208143 0.096350 -0.682426
1.207362 0.055850 -0.686250
1.207362 0.065975 -0.686250
1.207362 0.076100 -0.686250
1.207362 0.086225 -0.686250
1.207362 0.096350 -0.686250
1.206558 0.055850 -0.690068
1.206558 0.065975 -0.690068
1.206558 0.076100 -0.690068
1.206558 0.086225 -0.690068
1.206558 0.096350 -0.690068
1.205728 0.055850 -0.693882
1.205728 0.065975 -0.693882
1.205728 0.076100 -0.693882
1.205728 0.086225 -0.693882
1.205728 0.096350 -0.693882
1.205728 0.055850 -0.693882
1.205728 0.096350 -0.693882
1.190512 0.055850 -0.690926
1.190512 0.096350 -0.690926
1.205728 0.086225 -0.693882
1.205728 0.076100 -0.693882
1.205728 0.065975 -0.693882
1.190512 0.055850 -0.690926
1.190512 0.096350 -0.690926
1.187842 0.055850 -0.704669
1.187842 0.096350 -0.704669
1.187842 0.055850 -0.704669
1.187842 0.096350 -0.704669
1.216029 0.055850 -0.710145
1.216029 0.096350 -0.710145
1.216029 0.055850 -0.710145
1.216029 0.096350 -0.710145
1.740166 0.055850 -0.709716
1.740166 0.096350 -0.709716
1.740166 0.055850 -0.709716
1.740166 0.096350 -0.709716
1.740155 0.055850 -0.695716
1.740155 0.096350 -0.695716
1.740155 0.055850 -0.695716
1.740155 0.096350 -0.695716
1.219566 0.055850 -0.696142
1.219566 0.096350 -0.696142
1.219566 0.065975 -0.696142
1.219566 0.076100 -0.696142
1.219566 0.086225 -0.696142
1.219566 0.055850 -0.696142
1.219566 0.065975 -0.696142
1.219566 0.076100 -0.696142
1.219566 0.086225 -0.696142
1.219566 0.096350 -0.696142
1.220369 0.055850 -0.692430
1.220369 0.065975 -0.692430
1.220369 0.076100 -0.692430
1.220369 0.086225 -0.692430
1.220369 0.096350 -0.692430
1.221149 0.055850 -0.688712
1.221149 0.065975 -0.688712
1.221149 0.076100 -0.688712
1.221149 0.086225 -0.688712
1.221149 0.096350 -0.688712
1.221907 0.055850 -0.684990
1.221907 0.065975 -0.684990
1.221907 0.076100 -0.684990
1.221907 0.086225 -0.684990
1.221907 0.096350 -0.684990
1.222642 0.055850 -0.681263
1.222642 0.065975 -0.681263
1.222642 0.076100 -0.681263
1.222642 0.086225 -0.681263
1.222642 0.096350 -0.681263
1.222642 0.055850 -0.681263
1.208898 0.055850 -0.678597
1.208143 0.055850 -0.682426
1.207362 0.055850 -0.686250
1.206558 0.055850 -0.690068
1.205728 0.055850 -0.693882
1.190512 0.055850 -0.690926
1.187842 0.055850 -0.704669
1.216029 0.055850 -0.710145
1.740166 0.055850 -0.709716
1.740155 0.055850 -0.695716
1.219566 0.055850 -0.696142
1.220369 0.055850 -0.692430
1.221149 0.055850 -0.688712
1.221907 0.055850 -0.684990
1.222642 0.096350 -0.681263
1.208898 0.096350 -0.678597
1.208143 0.096350 -0.682426
1.207362 0.096350 -0.686250
1.206558 0.096350 -0.690068
1.205728 0.096350 -0.693882
1.190512 0.096350 -0.690926
1.187842 0.096350 -0.704669
1.216029 0.096350 -0.710145
1.740166 0.096350 -0.709716
1.740155 0.096350 -0.695716
1.219566 0.096350 -0.696142
1.220369 0.096350 -0.692430
1.221149 0.096350 -0.688712
1.221907 0.096350 -0.684990
1.222642 0.000000 -0.681263
1.222642 0.006117 -0.681263
1.222642 0.012235 -0.681263
1.222642 0.018352 -0.681263
1.222642 0.024469 -0.681263
1.221907 0.000000 -0.684990
1.221907 0.006117 -0.684990
1.221907 0.012235 -0.684990
1.221907 0.018352 -0.684990
1.221907 0.024469 -0.684990
1.221150 0.000000 -0.688712
1.221150 0.006117 -0.688712
1.221150 0.012235 -0.688712
1.221150 0.018352 -0.688712
1.221150 0.024469 -0.688712
1.220369 0.000000 -0.692430
1.220369 0.006117 -0.692430
1.220369 0.012235 -0.692430
1.220369 0.018352 -0.692430
1.220369 0.024469 -0.692430
1.219566 0.000000 -0.696142
1.219566 0.006117 -0.696142
1.219566 0.012235 -0.696142
1.219566 0.018352 -0.696142
1.219566 0.024469 -0.696142
1.219566 0.000000 -0.696142
1.219566 0.024469 -0.696142
1.726166 0.000000 -0.695785
1.726166 0.024469 -0.695785
1.219566 0.018352 -0.696142
1.219566 0.012235 -0.696142
1.219566 0.006117 -0.696142
1.726166 0.000000 -0.695785
1.726166 0.024469 -0.695785
1.726177 0.000000 -0.709785
1.726177 0.024469 -0.709785
1.726177 0.000000 -0.709785
1.726177 0.024469 -0.709785
1.216029 0.000000 -0.710145
1.216029 0.024469 -0.710145
1.216029 0.000000 -0.710145
1.216029 0.024469 -0.710145
1.187842 0.000000 -0.704669
1.187842 0.024469 -0.704669
1.187842 0.000000 -0.704669
1.187842 0.024469 -0.704669
1.190512 0.000000 -0.690926
1.190512 0.024469 -0.690926
1.190512 0.000000 -0.690926
1.190512 0.024469 -0.690926
1.205728 0.000000 -0.693882
1.205728 0.024469 -0.693882
1.205728 0.006117 -0.693882
1.205728 0.012235 -0.693882
1.205728 0.018352 -0.693882
1.205728 0.000000 -0.693882
1.205728 0.006117 -0.693882
1.205728 0.012235 -0.693882
1.205728 0.018352 -0.693882
1.205728 0.024469 -0.693882
1.206558 0.000000 -0.690068
1.206558 0.006117 -0.690068
1.206558 0.012235 -0.690068
1.206558 0.018352 -0.690068
1.206558 0.024469 -0.690068
1.207362 0.000000 -0.686250
1.207362 0.006117 -0.686250
1.207362 0.012235 -0.686250
1.207362 0.018352 -0.686250
1.207362 0.024469 -0.686250
1.208143 0.000000 -0.682426
1.208143 0.006117 -0.682426
1.208143 0.012235 -0.682426
1.208143 0.018352 -0.682426
1.208143 0.024469 -0.682426
1.208898 0.000000 -0.678597
1.208898 0.006117 -0.678597
1.208898 0.012235 -0.678597
1.208898 0.018352 -0.678597
1.208898 0.024469 -0.678597
1.208898 0.000000 -0.678597
1.208898 0.024469 -0.678597
1.222642 0.000000 -0.681263
1.222642 0.024469 -0.681263
1.222642 0.006117 -0.681263
1.222642 0.012235 -0.681263
1.222642 0.018352 -0.681263
1.208898 0.018352 -0.678597
1.208898 0.012235 -0.678597
1.208898 0.006117 -0.678597
1.222642 0.000000 -0.681263
1.221907 0.000000 -0.684990
1.221150 0.000000 -0.688712
1.220369 0.000000 -0.692430
1.219566 0.000000 -0.696142
1.726166 0.000000 -0.695785
1.726177 0.000000 -0.709785
1.216029 0.000000 -0.710145
1.187842 0.000000 -0.704669
1.190512 0.000000 -0.690926
1.205728 0.000000 -0.693882
1.206558 0.000000 -0.690068
1.207362 0.000000 -0.686250
1.208143 0.000000 -0.682426
1.208898 0.000000 -0.678597
1.222642 0.024469 -0.681263
1.221907 0.024469 -0.684990
1.221150 0.024469 -0.688712
1.220369 0.024469 -0.692430
1.219566 0.024469 -0.696142
1.726166 0.024469 -0.695785
1.726177 0.024469 -0.709785
1.216029 0.024469 -0.710145
1.187842 0.024469 -0.704669
1.190512 0.024469 -0.690926
1.205728 0.024469 -0.693882
1.206558 0.024469 -0.690068
1.207362 0.024469 -0.686250
1.208143 0.024469 -0.682426
1.208898 0.024469 -0.678597
1.219566 0.000000 -0.696142
1.219566 0.060161 -0.696142
1.219566 0.120323 -0.696142
1.219566 0.180484 -0.696142
1.219566 0.240645 -0.696142
1.220369 0.000000 -0.692430
1.220369 0.060161 -0.692430
1.220369 0.120323 -0.692430
1.220369 0.180484 -0.692430
1.220369 0.240645 -0.692430
1.221150 0.000000 -0.688712
1.221150 0.060161 -0.688712
1.221150 0.120323 -0.688712
1.221150 0.180484 -0.688712
1.221150 0.240645 -0.688712
1.221907 0.000000 -0.684990
1.221907 0.060161 -0.684990
1.221907 0.120323 -0.684990
1.221907 0.180484 -0.684990
1.221907 0.240645 -0.684990
1.222642 0.000000 -0.681263
1.222642 0.060161 -0.681263
1.222642 0.120323 -0.681263
1.222642 0.180484 -0.681263
1.222642 0.240645 -0.681263
1.222642 0.000000 -0.681263
1.222642 0.240645 -0.681263
1.208898 0.000000 -0.678597
1.208898 0.240645 -0.678597
1.222642 0.180484 -0.681263
1.222642 0.120323 -0.681263
1.222642 0.060161 -0.681263
1.208898 0.060161 -0.678597
1.208898 0.120323 -0.678597
1.208898 0.180484 -0.678597
1.208898 0.000000 -0.678597
1.208898 0.060161 -0.678597
1.208898 0.120323 -0.678597
1.208898 0.180484 -0.678597
1.208898 0.240645 -0.678597
1.208143 0.000000 -0.682426
1.208143 0.060161 -0.682426
1.208143 0.120323 -0.682426
1.208143 0.180484 -0.682426
1.208143 0.240645 -0.682426
1.207362 0.000000 -0.686250
1.207362 0.060161 -0.686250
1.207362 0.120323 -0.686250
1.207362 0.180484 -0.686250
1.207362 0.240645 -0.686250
1.206558 0.000000 -0.690068
1.206558 0.060161 -0.690068
1.206558 0.120323 -0.690068
1.206558 0.180484 -0.690068
1.206558 0.240645 -0.690068
1.205728 0.000000 -0.693882
1.205728 0.060161 -0.693882
1.205728 0.120323 -0.693882
1.205728 0.180484 -0.693882
1.205728 0.240645 -0.693882
1.205728 0.000000 -0.693882
1.205728 0.240645 -0.693882
1.190512 0.000000 -0.690926
1.190512 0.240645 -0.690926
1.205728 0.180484 -0.693882
1.205728 0.120323 -0.693882
1.205728 0.060161 -0.693882
1.190512 0.000000 -0.690926
1.190512 0.240645 -0.690926
1.187842 0.000000 -0.704669
1.187842 0.240645 -0.704669
1.187842 0.000000 -0.704669
1.187842 0.240645 -0.704669
1.216026 0.000000 -0.708145
1.216026 0.240645 -0.708145
1.216026 0.000000 -0.708145
1.216026 0.240645 -0.708145
1.225316 0.000000 -0.708138
1.225316 0.240645 -0.708138
1.225316 0.000000 -0.708138
1.225316 0.240645 -0.708138
1.225316 0.000000 -0.706121
1.225316 0.240645 -0.706121
1.225316 0.000000 -0.706121
1.225316 0.240645 -0.706121
1.259396 0.000000 -0.706069
1.259396 0.240645 -0.706069
1.259396 0.000000 -0.706069
1.259396 0.240645 -0.706069
1.259477 0.000000 -0.708112
1.259477 0.240645 -0.708112
1.259477 0.000000 -0.708112
1.259477 0.240645 -0.708112
1.278396 0.000000 -0.708098
1.278396 0.240645 -0.708098
1.278396 0.000000 -0.708098
1.278396 0.240645 -0.708098
1.278396 0.000000 -0.706081
1.278396 0.240645 -0.706081
1.278396 0.000000 -0.706081
1.278396 0.240645 -0.706081
1.312476 0.000000 -0.706029
1.312476 0.240645 -0.706029
1.312476 0.000000 -0.706029
1.312476 0.240645 -0.706029
1.312556 0.000000 -0.708072
1.312556 0.240645 -0.708072
1.312556 0.000000 -0.708072
1.312556 0.240645 -0.708072
1.347973 0.000000 -0.708046
1.347973 0.240645 -0.708046
1.347973 0.000000 -0.708046
1.347973 0.240645 -0.708046
1.347973 0.000000 -0.706028
1.347973 0.240645 -0.706028
1.347973 0.000000 -0.706028
1.347973 0.240645 -0.706028
1.382053 0.000000 -0.705977
1.382053 0.240645 -0.705977
1.382053 0.000000 -0.705977
1.382053 0.240645 -0.705977
1.382134 0.000000 -0.708020
1.382134 0.240645 -0.708020
1.382134 0.000000 -0.708020
1.382134 0.240645 -0.708020
1.401058 0.000000 -0.708006
1.401058 0.240645 -0.708006
1.401058 0.000000 -0.708006
1.401058 0.240645 -0.708006
1.401058 0.000000 -0.705989
1.401058 0.240645 -0.705989
1.401058 0.000000 -0.705989
1.401058 0.240645 -0.705989
1.435138 0.000000 -0.705937
1.435138 0.240645 -0.705937
1.435138 0.000000 -0.705937
1.435138 0.240645 -0.705937
1.435219 0.000000 -0.707980
1.435219 0.240645 -0.707980
1.435219 0.000000 -0.707980
1.435219 0.240645 -0.707980
1.470643 0.000000 -0.707953
1.470643 0.240645 -0.707953
1.470643 0.000000 -0.707953
1.470643 0.240645 -0.707953
1.470643 0.000000 -0.705936
1.470643 0.240645 -0.705936
1.470643 0.000000 -0.705936
1.470643 0.240645 -0.705936
1.504723 0.000000 -0.705885
1.504723 0.240645 -0.705885
1.504723 0.000000 -0.705885
1.504723 0.240645 -0.705885
1.504803 0.000000 -0.707928
1.504803 0.240645 -0.707928
1.504803 0.000000 -0.707928
1.504803 0.240645 -0.707928
1.523720 0.000000 -0.707913
1.523720 0.240645 -0.707913
1.523720 0.000000 -0.707913
1.523720 0.240645 -0.707913
1.523720 0.000000 -0.705896
1.523720 0.240645 -0.705896
1.523720 0.000000 -0.705896
1.523720 0.240645 -0.705896
1.557800 0.000000 -0.705845
1.557800 0.240645 -0.705845
1.557800 0.000000 -0.705845
1.557800 0.240645 -0.705845
1.557880 0.000000 -0.707888
1.557880 0.240645 -0.707888
1.557880 0.000000 -0.707888
1.557880 0.240645 -0.707888
1.593304 0.000000 -0.707861
1.593304 0.240645 -0.707861
1.593304 0.000000 -0.707861
1.593304 0.240645 -0.707861
1.593304 0.000000 -0.705843
1.593304 0.240645 -0.705843
1.593304 0.000000 -0.705843
1.593304 0.240645 -0.705843
1.627384 0.000000 -0.705792
1.627384 0.240645 -0.705792
1.627384 0.000000 -0.705792
1.627384 0.240645 -0.705792
1.627465 0.000000 -0.707835
1.627465 0.240645 -0.707835
1.627465 0.000000 -0.707835
1.627465 0.240645 -0.707835
1.679719 0.000000 -0.707821
1.679719 0.240645 -0.707821
1.679719 0.000000 -0.707821
1.679719 0.240645 -0.707821
1.679719 0.000000 -0.705803
1.679719 0.240645 -0.705803
1.679719 0.000000 -0.705803
1.679719 0.240645 -0.705803
1.713454 0.000000 -0.705752
1.713454 0.240645 -0.705752
1.713454 0.000000 -0.705752
1.713454 0.240645 -0.705752
1.713535 0.000000 -0.707795
1.713535 0.240645 -0.707795
1.713535 0.000000 -0.707795
1.713535 0.240645 -0.707795
1.726174 0.000000 -0.707785
1.726174 0.240645 -0.707785
1.726174 0.000000 -0.707785
1.726174 0.240645 -0.707785
1.726167 0.000000 -0.695785
1.726167 0.240645 -0.695785
1.726167 0.000000 -0.695785
1.726167 0.240645 -0.695785
1.219566 0.000000 -0.696142
1.219566 0.240645 -0.696142
1.219566 0.060161 -0.696142
1.219566 0.120323 -0.696142
1.219566 0.180484 -0.696142
1.219566 0.000000 -0.696142
1.220369 0.000000 -0.692430
1.221150 0.000000 -0.688712
1.221907 0.000000 -0.684990
1.222642 0.000000 -0.681263
1.208898 0.000000 -0.678597
1.208143 0.000000 -0.682426
1.207362 0.000000 -0.686250
1.206558 0.000000 -0.690068
1.205728 0.000000 -0.693882
1.190512 0.000000 -0.690926
1.187842 0.000000 -0.704669
1.216026 0.000000 -0.708145
1.225316 0.000000 -0.708138
1.225316 0.000000 -0.706121
1.259396 0.000000 -0.706069
1.259477 0.000000 -0.708112
1.278396 0.000000 -0.708098
1.278396 0.000000 -0.706081
1.312476 0.000000 -0.706029
1.312556 0.000000 -0.708072
1.347973 0.000000 -0.708046
1.347973 0.000000 -0.706028
1.382053 0.000000 -0.705977
1.382134 0.000000 -0.708020
1.401058 0.000000 -0.708006
1.401058 0.000000 -0.705989
1.435138 0.000000 -0.705937
1.435219 0.000000 -0.707980
1.470643 0.000000 -0.707953
1.470643 0.000000 -0.705936
1.504723 0.000000 -0.705885
1.504803 0.000000 -0.707928
1.523720 0.000000 -0.707913
1.523720 0.000000 -0.705896
1.557800 0.000000 -0.705845
1.557880 0.000000 -0.707888
1.593304 0.000000 -0.707861
1.593304 0.000000 -0.705843
1.627384 0.000000 -0.705792
1.627465 0.000000 -0.707835
1.679719 0.000000 -0.707821
1.679719 0.000000 -0.705803
1.713454 0.000000 -0.705752
1.713535 0.000000 -0.707795
1.726174 0.000000 -0.707785
1.726167 0.000000 -0.695785
1.219566 0.240645 -0.696142
1.220369 0.240645 -0.692430
1.221150 0.240645 -0.688712
1.221907 0.240645 -0.684990
1.222642 0.240645 -0.681263
1.208898 0.240645 -0.678597
1.208143 0.240645 -0.682426
1.207362 0.240645 -0.686250
1.206558 0.240645 -0.690068
1.205728 0.240645 -0.693882
1.190512 0.240645 -0.690926
1.187842 0.240645 -0.704669
1.216026 0.240645 -0.708145
1.225316 0.240645 -0.708138
1.225316 0.240645 -0.706121
1.259396 0.240645 -0.706069
1.259477 0.240645 -0.708112
1.278396 0.240645 -0.708098
1.278396 0.240645 -0.706081
1.312476 0.240645 -0.706029
1.312556 0.240645 -0.708072
1.347973 0.240645 -0.708046
1.347973 0.240645 -0.706028
1.382053 0.240645 -0.705977
1.382134 0.240645 -0.708020
1.401058 0.240645 -0.708006
1.401058 0.240645 -0.705989
1.435138 0.240645 -0.705937
1.435219 0.240645 -0.707980
1.470643 0.240645 -0.707953
1.470643 0.240645 -0.705936
1.504723 0.240645 -0.705885
1.504803 0.240645 -0.707928
1.523720 0.240645 -0.707913
1.523720 0.240645 -0.705896
1.557800 0.240645 -0.705845
1.557880 0.240645 -0.707888
1.593304 0.240645 -0.707861
1.593304 0.240645 -0.705843
1.627384 0.240645 -0.705792
1.627465 0.240645 -0.707835
1.679719 0.240645 -0.707821
1.679719 0.240645 -0.705803
1.713454 0.240645 -0.705752
1.713535 0.240645 -0.707795
1.726174 0.240645 -0.707785
1.726167 0.240645 -0.695785
1.216095 0.000000 -0.411258
1.216095 -0.010000 -0.411258
1.220284 0.000000 -0.429496
1.220284 -0.010000 -0.429496
1.223930 0.000000 -0.447913
1.223930 -0.010000 -0.447913
1.227023 0.000000 -0.466484
1.227023 -0.010000 -0.466484
1.229555 0.000000 -0.485184
1.229555 -0.010000 -0.485184
1.231517 0.000000 -0.503988
1.231517 -0.010000 -0.503988
1.232905 0.000000 -0.522870
1.232905 -0.010000 -0.522870
1.233715 0.000000 -0.541804
1.233715 -0.010000 -0.541804
1.233944 0.000000 -0.560762
1.233944 -0.010000 -0.560762
1.233591 0.000000 -0.579718
1.233591 -0.010000 -0.579718
1.232657 0.000000 -0.598646
1.232657 -0.010000 -0.598646
1.231146 0.000000 -0.617518
1.231146 -0.010000 -0.617518
1.229060 0.000000 -0.636309
1.229060 -0.010000 -0.636309
1.226407 0.000000 -0.654993
1.226407 -0.010000 -0.654993
1.223192 0.000000 -0.673543
1.223192 -0.010000 -0.673543
1.219425 0.000000 -0.691935
1.219425 -0.010000 -0.691935
1.215117 0.000000 -0.710146
1.215117 -0.010000 -0.710146
1.215117 0.000000 -0.710146
1.215117 -0.010000 -0.710146
1.740171 0.000000 -0.709751
1.740171 -0.010000 -0.709751
1.740171 0.000000 -0.709751
1.740171 -0.010000 -0.709751
1.739946 0.000000 -0.410864
1.739946 -0.010000 -0.410864
1.739946 0.000000 -0.410864
1.739946 -0.010000 -0.410864
1.216095 0.000000 -0.411258
1.216095 -0.010000 -0.411258
1.215117 0.000000 -0.710146
1.216095 0.000000 -0.411258
1.220284 0.000000 -0.429496
1.223930 0.000000 -0.447913
1.227023 0.000000 -0.466484
1.229555 0.000000 -0.485184
1.231517 0.000000 -0.503988
1.232905 0.000000 -0.522870
1.233715 0.000000 -0.541804
1.233944 0.000000 -0.560762
1.233591 0.000000 -0.579718
1.232657 0.000000 -0.598646
1.231146 0.000000 -0.617518
1.229060 0.000000 -0.636309
1.226407 0.000000 -0.654993
1.223192 0.000000 -0.673543
1.219425 0.000000 -0.691935
1.740171 0.000000 -0.709751
1.739946 0.000000 -0.410864
1.215117 -0.010000 -0.710146
1.216095 -0.010000 -0.411258
1.220284 -0.010000 -0.429496
1.223930 -0.010000 -0.447913
1.227023 -0.010000 -0.466484
1.229555 -0.010000 -0.485184
1.231517 -0.010000 -0.503988
1.232905 -0.010000 -0.522870
1.233715 -0.010000 -0.541804
1.233944 -0.010000 -0.560762
1.233591 -0.010000 -0.579718
1.232657 -0.010000 -0.598646
1.231146 -0.010000 -0.617518
1.229060 -0.010000 -0.636309
1.226407 -0.010000 -0.654993
1.223192 -0.010000 -0.673543
1.219425 -0.010000 -0.691935
1.740171 -0.010000 -0.709751
1.739946 -0.010000 -0.410864
0.262525 0.145878 -0.454360
0.262525 0.152030 -0.454360
0.262525 0.158183 -0.454360
0.262525 0.164336 -0.454360
0.262525 0.170489 -0.454360
0.268846 0.145878 -0.434959
0.268846 0.152030 -0.434959
0.268846 0.158183 -0.434959
0.268846 0.164336 -0.434959
0.268846 0.170489 -0.434959
0.276244 0.145878 -0.415908
0.276244 0.152030 -0.415908
0.276244 0.158183 -0.415908
0.276244 0.164336 -0.415908
0.276244 0.170489 -0.415908
0.284687 0.145878 -0.397297
0.284687 0.152030 -0.397297
0.284687 0.158183 -0.397297
0.284687 0.164336 -0.397297
0.284687 0.170489 -0.397297
0.294133 0.145878 -0.379210
0.294133 0.152030 -0.379210
0.294133 0.158183 -0.379210
0.294133 0.164336 -0.379210
0.294133 0.170489 -0.379210
0.294133 0.145878 -0.379210
0.294133 0.170489 -0.379210
0.303109 0.145878 -0.384219
0.303109 0.170489 -0.384219
0.294133 0.164336 -0.379210
0.294133 0.158183 -0.379210
0.294133 0.152030 -0.379210
0.303109 0.145878 -0.384219
0.303109 0.170489 -0.384219
0.296105 0.145878 -0.397409
0.296105 0.170489 -0.397409
0.289564 0.145878 -0.411084
0.289564 0.170489 -0.411084
0.283527 0.145878 -0.425224
0.283527 0.170489 -0.425224
0.278034 0.145878 -0.439803
0.278034 0.170489 -0.439803
0.273124 0.145878 -0.454794
0.273124 0.170489 -0.454794
0.268834 0.145878 -0.470164
0.268834 0.170489 -0.470164
0.265198 0.145878 -0.485876
0.265198 0.170489 -0.485876
0.262248 0.145878 -0.501890
0.262248 0.170489 -0.501890
0.260014 0.145878 -0.518162
0.260014 0.170489 -0.518162
0.258519 0.145878 -0.534645
0.258519 0.170489 -0.534645
0.257785 0.145878 -0.551289
0.257785 0.170489 -0.551289
0.257828 0.145878 -0.568040
0.257828 0.170489 -0.568040
0.258660 0.145878 -0.584846
0.258660 0.170489 -0.584846
0.260287 0.145878 -0.601650
0.260287 0.170489 -0.601650
0.262711 0.145878 -0.618396
0.262711 0.170489 -0.618396
0.265927 0.145878 -0.635027
0.265927 0.170489 -0.635027
0.269926 0.145878 -0.651488
0.269926 0.170489 -0.651488
0.274693 0.145878 -0.667723
0.274693 0.170489 -0.667723
0.280209 0.145878 -0.683679
0.280209 0.170489 -0.683679
0.286448 0.145878 -0.699306
0.286448 0.170489 -0.699306
0.293382 0.145878 -0.714555
0.293382 0.170489 -0.714555
0.300977 0.145878 -0.729383
0.300977 0.170489 -0.729383
0.309197 0.145878 -0.743747
0.309197 0.170489 -0.743747
0.318003 0.145878 -0.757612
0.318003 0.170489 -0.757612
0.327351 0.145878 -0.770945
0.327351 0.170489 -0.770945
0.337198 0.145878 -0.783718
0.337198 0.170489 -0.783718
0.347496 0.145878 -0.795907
0.347496 0.170489 -0.795907
0.358201 0.145878 -0.807493
0.358201 0.170489 -0.807493
0.369264 0.145878 -0.818463
0.369264 0.170489 -0.818463
0.380639 0.145878 -0.828807
0.380639 0.170489 -0.828807
0.392279 0.145878 -0.838518
0.392279 0.170489 -0.838518
0.404138 0.145878 -0.847595
0.404138 0.170489 -0.847595
0.416365 0.145878 -0.856170
0.416365 0.170489 -0.856170
0.429131 0.145878 -0.864344
0.429131 0.170489 -0.864344
0.442419 0.145878 -0.872076
0.442419 0.170489 -0.872076
0.456212 0.145878 -0.879321
0.456212 0.170489 -0.879321
0.470484 0.145878 -0.886039
0.470484 0.170489 -0.886039
0.485209 0.145878 -0.892189
0.485209 0.170489 -0.892189
0.500354 0.145878 -0.897732
0.500354 0.170489 -0.897732
0.515884 0.145878 -0.902630
0.515884 0.170489 -0.902630
0.531757 0.145878 -0.906851
0.531757 0.170489 -0.906851
0.547930 0.145878 -0.910364
0.547930 0.170489 -0.910364
0.564357 0.145878 -0.913141
0.564357 0.170489 -0.913141
0.580986 0.145878 -0.915160
0.580986 0.170489 -0.915160
0.597767 0.145878 -0.916403
0.597767 0.170489 -0.916403
0.614643 0.145878 -0.916857
0.614643 0.170489 -0.916857
0.631560 0.145878 -0.916513
0.631560 0.170489 -0.916513
0.648461 0.145878 -0.915369
0.648461 0.170489 -0.915369
0.665288 0.145878 -0.913427
0.665288 0.170489 -0.913427
0.681987 0.145878 -0.910695
0.681987 0.170489 -0.910695
0.698501 0.145878 -0.907186
0.698501 0.170489 -0.907186
0.714777 0.145878 -0.902918
0.714777 0.170489 -0.902918
0.730764 0.145878 -0.897914
0.730764 0.170489 -0.897914
0.746413 0.145878 -0.892202
0.746413 0.170489 -0.892202
0.761681 0.145878 -0.885812
0.761681 0.170489 -0.885812
0.776524 0.145878 -0.878780
0.776524 0.170489 -0.878780
0.790906 0.145878 -0.871145
0.790906 0.170489 -0.871145
0.804794 0.145878 -0.862945
0.804794 0.170489 -0.862945
0.818158 0.145878 -0.854225
0.818158 0.170489 -0.854225
0.830974 0.145878 -0.845028
0.830974 0.170489 -0.845028
0.843223 0.145878 -0.835400
0.843223 0.170489 -0.835400
0.854887 0.145878 -0.825385
0.854887 0.170489 -0.825385
0.865957 0.145878 -0.815029
0.865957 0.170489 -0.815029
0.876426 0.145878 -0.804378
0.876426 0.170489 -0.804378
0.876426 0.145878 -0.804378
0.876426 0.170489 -0.804378
0.883905 0.145878 -0.811428
0.883905 0.170489 -0.811428
0.883905 0.145878 -0.811428
0.883905 0.170489 -0.811428
0.873978 0.145878 -0.821562
0.873978 0.170489 -0.821562
0.863537 0.145878 -0.831425
0.863537 0.170489 -0.831425
0.852589 0.145878 -0.840983
0.852589 0.170489 -0.840983
0.841145 0.145878 -0.850200
0.841145 0.170489 -0.850200
0.829220 0.145878 -0.859041
0.829220 0.170489 -0.859041
0.816828 0.145878 -0.867472
0.816828 0.170489 -0.867472
0.803992 0.145878 -0.875459
0.803992 0.170489 -0.875459
0.790732 0.145878 -0.882970
0.790732 0.170489 -0.882970
0.777076 0.145878 -0.889974
0.777076 0.170489 -0.889974
0.763051 0.145878 -0.896441
0.763051 0.170489 -0.896441
0.748690 0.145878 -0.902345
0.748690 0.170489 -0.902345
0.734026 0.145878 -0.907661
0.734026 0.170489 -0.907661
0.719096 0.145878 -0.912368
0.719096 0.170489 -0.912368
0.703939 0.145878 -0.916446
0.703939 0.170489 -0.916446
0.688593 0.145878 -0.919880
0.688593 0.170489 -0.919880
0.673100 0.145878 -0.922659
0.673100 0.170489 -0.922659
0.657503 0.145878 -0.924773
0.657503 0.170489 -0.924773
0.641844 0.145878 -0.926218
0.641844 0.170489 -0.926218
0.626166 0.145878 -0.926993
0.626166 0.170489 -0.926993
0.610512 0.145878 -0.927100
0.610512 0.170489 -0.927100
0.594925 0.145878 -0.926544
0.594925 0.170489 -0.926544
0.579444 0.145878 -0.925337
0.579444 0.170489 -0.925337
0.564111 0.145878 -0.923490
0.564111 0.170489 -0.923490
0.548964 0.145878 -0.921019
0.548964 0.170489 -0.921019
0.534038 0.145878 -0.917944
0.534038 0.170489 -0.917944
0.519369 0.145878 -0.914286
0.519369 0.170489 -0.914286
0.504987 0.145878 -0.910068
0.504987 0.170489 -0.910068
0.490922 0.145878 -0.905317
0.490922 0.170489 -0.905317
0.477201 0.145878 -0.900061
0.477201 0.170489 -0.900061
0.463846 0.145878 -0.894328
0.463846 0.170489 -0.894328
0.450880 0.145878 -0.888148
0.450880 0.170489 -0.888148
0.438320 0.145878 -0.881553
0.438320 0.170489 -0.881553
0.426024 0.145878 -0.874480
0.426024 0.170489 -0.874480
0.413860 0.145878 -0.866841
0.413860 0.170489 -0.866841
0.401865 0.145878 -0.858636
0.401865 0.170489 -0.858636
0.390076 0.145878 -0.849865
0.390076 0.170489 -0.849865
0.378530 0.145878 -0.840533
0.378530 0.170489 -0.840533
0.367265 0.145878 -0.830648
0.367265 0.170489 -0.830648
0.356317 0.145878 -0.820220
0.356317 0.170489 -0.820220
0.345725 0.145878 -0.809264
0.345725 0.170489 -0.809264
0.335525 0.145878 -0.797796
0.335525 0.170489 -0.797796
0.325752 0.145878 -0.785838
0.325752 0.170489 -0.785838
0.316440 0.145878 -0.773413
0.316440 0.170489 -0.773413
0.307621 0.145878 -0.760548
0.307621 0.170489 -0.760548
0.299326 0.145878 -0.747272
0.299326 0.170489 -0.747272
0.291582 0.145878 -0.733619
0.291582 0.170489 -0.733619
0.284414 0.145878 -0.719622
0.284414 0.170489 -0.719622
0.277845 0.145878 -0.705318
0.277845 0.170489 -0.705318
0.271892 0.145878 -0.690748
0.271892 0.170489 -0.690748
0.266572 0.145878 -0.675949
0.266572 0.170489 -0.675949
0.261896 0.145878 -0.660965
0.261896 0.170489 -0.660965
0.257872 0.145878 -0.645837
0.257872 0.170489 -0.645837
0.254507 0.145878 -0.630607
0.254507 0.170489 -0.630607
0.251799 0.145878 -0.615318
0.251799 0.170489 -0.615318
0.249748 0.145878 -0.600011
0.249748 0.170489 -0.600011
0.248346 0.145878 -0.584727
0.248346 0.170489 -0.584727
0.247586 0.145878 -0.569507
0.247586 0.170489 -0.569507
0.247454 0.145878 -0.554388
0.247454 0.170489 -0.554388
0.247936 0.145878 -0.539409
0.247936 0.170489 -0.539409
0.249014 0.145878 -0.524602
0.249014 0.170489 -0.524602
0.250667 0.145878 -0.510002
0.250667 0.170489 -0.510002
0.252873 0.145878 -0.495637
0.252873 0.170489 -0.495637
0.255609 0.145878 -0.481537
0.255609 0.170489 -0.481537
0.258848 0.145878 -0.467726
0.258848 0.170489 -0.467726
0.258848 0.145878 -0.467726
0.258848 0.170489 -0.467726
0.244668 0.145878 -0.464111
0.244668 0.170489 -0.464111
0.244668 0.145878 -0.464111
0.244668 0.170489 -0.464111
0.248127 0.145878 -0.450545
0.248127 0.170489 -0.450545
0.248127 0.145878 -0.450545
0.248127 0.170489 -0.450545
0.262525 0.145878 -0.454360
0.262525 0.170489 -0.454360
0.262525 0.152030 -0.454360
0.262525 0.158183 -0.454360
0.262525 0.164336 -0.454360
0.262525 0.145878 -0.454360
0.268846 0.145878 -0.434959
0.276244 0.145878 -0.415908
0.284687 0.145878 -0.397297
0.294133 0.145878 -0.379210
0.303109 0.145878 -0.384219
0.296105 0.145878 -0.397409
0.289564 0.145878 -0.411084
0.283527 0.145878 -0.425224
0.278034 0.145878 -0.439803
0.273124 0.145878 -0.454794
0.268834 0.145878 -0.470164
0.265198 0.145878 -0.485876
0.262248 0.145878 -0.501890
0.260014 0.145878 -0.518162
0.258519 0.145878 -0.534645
0.257785 0.145878 -0.551289
0.257828 0.145878 -0.568040
0.258660 0.145878 -0.584846
0.260287 0.145878 -0.601650
0.262711 0.145878 -0.618396
0.265927 0.145878 -0.635027
0.269926 0.145878 -0.651488
0.274693 0.145878 -0.667723
0.280209 0.145878 -0.683679
0.286448 0.145878 -0.699306
0.293382 0.145878 -0.714555
0.300977 0.145878 -0.729383
0.309197 0.145878 -0.743747
0.318003 0.145878 -0.757612
0.327351 0.145878 -0.770945
0.337198 0.145878 -0.783718
0.347496 0.145878 -0.795907
0.358201 0.145878 -0.807493
0.369264 0.145878 -0.818463
0.380639 0.145878 -0.828807
0.392279 0.145878 -0.838518
0.404138 0.145878 -0.847595
0.416365 0.145878 -0.856170
0.429131 0.145878 -0.864344
0.442419 0.145878 -0.872076
0.456212 0.145878 -0.879321
0.470484 0.145878 -0.886039
0.485209 0.145878 -0.892189
0.500354 0.145878 -0.897732
0.515884 0.145878 -0.902630
0.531757 0.145878 -0.906851
0.547930 0.145878 -0.910364
0.564357 0.145878 -0.913141
0.580986 0.145878 -0.915160
0.597767 0.145878 -0.916403
0.614643 0.145878 -0.916857
0.631560 0.145878 -0.916513
0.648461 0.145878 -0.915369
0.665288 0.145878 -0.913427
0.681987 0.145878 -0.910695
0.698501 0.145878 -0.907186
0.714777 0.145878 -0.902918
0.730764 0.145878 -0.897914
0.746413 0.145878 -0.892202
0.761681 0.145878 -0.885812
0.776524 0.145878 -0.878780
0.790906 0.145878 -0.871145
0.804794 0.145878 -0.862945
0.818158 0.145878 -0.854225
0.830974 0.145878 -0.845028
0.843223 0.145878 -0.835400
0.854887 0.145878 -0.825385
0.865957 0.145878 -0.815029
0.876426 0.145878 -0.804378
0.883905 0.145878 -0.811428
0.873978 0.145878 -0.821562
0.863537 0.145878 -0.831425
0.852589 0.145878 -0.840983
0.841145 0.145878 -0.850200
0.829220 0.145878 -0.859041
0.816828 0.145878 -0.867472
0.803992 0.145878 -0.875459
0.790732 0.145878 -0.882970
0.777076 0.145878 -0.889974
0.763051 0.145878 -0.896441
0.748690 0.145878 -0.902345
0.734026 0.145878 -0.907661
0.719096 0.145878 -0.912368
0.703939 0.145878 -0.916446
0.688593 0.145878 -0.919880
0.673100 0.145878 -0.922659
0.657503 0.145878 -0.924773
0.641844 0.145878 -0.926218
0.626166 0.145878 -0.926993
0.610512 0.145878 -0.927100
0.594925 0.145878 -0.926544
0.579444 0.145878 -0.925337
0.564111 0.145878 -0.923490
0.548964 0.145878 -0.921019
0.534038 0.145878 -0.917944
0.519369 0.145878 -0.914286
0.504987 0.145878 -0.910068
0.490922 0.145878 -0.905317
0.477201 0.145878 -0.900061
0.463846 0.145878 -0.894328
0.450880 0.145878 -0.888148
0.438320 0.145878 -0.881553
0.426024 0.145878 -0.874480
0.413860 0.145878 -0.866841
0.401865 0.145878 -0.858636
0.390076 0.145878 -0.849865
0.378530 0.145878 -0.840533
0.367265 0.145878 -0.830648
0.356317 0.145878 -0.820220
0.345725 0.145878 -0.809264
0.335525 0.145878 -0.797796
0.325752 0.145878 -0.785838
0.316440 0.145878 -0.773413
0.307621 0.145878 -0.760548
0.299326 0.145878 -0.747272
0.291582 0.145878 -0.733619
0.284414 0.145878 -0.719622
0.277845 0.145878 -0.705318
0.271892 0.145878 -0.690748
0.266572 0.145878 -0.675949
0.261896 0.145878 -0.660965
0.257872 0.145878 -0.645837
0.254507 0.145878 -0.630607
0.251799 0.145878 -0.615318
0.249748 0.145878 -0.600011
0.248346 0.145878 -0.584727
0.247586 0.145878 -0.569507
0.247454 0.145878 -0.554388
0.247936 0.145878 -0.539409
0.249014 0.145878 -0.524602
0.250667 0.145878 -0.510002
0.252873 0.145878 -0.495637
0.255609 0.145878 -0.481537
0.258848 0.145878 -0.467726
0.244668 0.145878 -0.464111
0.248127 0.145878 -0.450545
0.262525 0.170489 -0.454360
0.268846 0.170489 -0.434959
0.276244 0.170489 -0.415908
0.284687 0.170489 -0.397297
0.294133 0.170489 -0.379210
0.303109 0.170489 -0.384219
0.296105 0.170489 -0.397409
0.289564 0.170489 -0.411084
0.283527 0.170489 -0.425224
0.278034 0.170489 -0.439803
0.273124 0.170489 -0.454794
0.268834 0.170489 -0.470164
0.265198 0.170489 -0.485876
0.262248 0.170489 -0.501890
0.260014 0.170489 -0.518162
0.258519 0.170489 -0.534645
0.257785 0.170489 -0.551289
0.257828 0.170489 -0.568040
0.258660 0.170489 -0.584846
0.260287 0.170489 -0.601650
0.262711 0.170489 -0.618396
0.265927 0.170489 -0.635027
0.269926 0.170489 -0.651488
0.274693 0.170489 -0.667723
0.280209 0.170489 -0.683679
0.286448 0.170489 -0.699306
0.293382 0.170489 -0.714555
0.300977 0.170489 -0.729383
0.309197 0.170489 -0.743747
0.318003 0.170489 -0.757612
0.327351 0.170489 -0.770945
0.337198 0.170489 -0.783718
0.347496 0.170489 -0.795907
0.358201 0.170489 -0.807493
0.369264 0.170489 -0.818463
0.380639 0.170489 -0.828807
0.392279 0.170489 -0.838518
0.404138 0.170489 -0.847595
0.416365 0.170489 -0.856170
0.429131 0.170489 -0.864344
0.442419 0.170489 -0.872076
0.456212 0.170489 -0.879321
0.470484 0.170489 -0.886039
0.485209 0.170489 -0.892189
0.500354 0.170489 -0.897732
0.515884 0.170489 -0.902630
0.531757 0.170489 -0.906851
0.547930 0.170489 -0.910364
0.564357 0.170489 -0.913141
0.580986 0.170489 -0.915160
0.597767 0.170489 -0.916403
0.614643 0.170489 -0.916857
0.631560 0.170489 -0.916513
0.648461 0.170489 -0.915369
0.665288 0.170489 -0.913427
0.681987 0.170489 -0.910695
0.698501 0.170489 -0.907186
0.714777 0.170489 -0.902918
0.730764 0.170489 -0.897914
0.746413 0.170489 -0.892202
0.761681 0.170489 -0.885812
0.776524 0.170489 -0.878780
0.790906 0.170489 -0.871145
0.804794 0.170489 -0.862945
0.818158 0.170489 -0.854225
0.830974 0.170489 -0.845028
0.843223 0.170489 -0.835400
0.854887 0.170489 -0.825385
0.865957 0.170489 -0.815029
0.876426 0.170489 -0.804378
0.883905 0.170489 -0.811428
0.873978 0.170489 -0.821562
0.863537 0.170489 -0.831425
0.852589 0.170489 -0.840983
0.841145 0.170489 -0.850200
0.829220 0.170489 -0.859041
0.816828 0.170489 -0.867472
0.803992 0.170489 -0.875459
0.790732 0.170489 -0.882970
0.777076 0.170489 -0.889974
0.763051 0.170489 -0.896441
0.748690 0.170489 -0.902345
0.734026 0.170489 -0.907661
0.719096 0.170489 -0.912368
0.703939 0.170489 -0.916446
0.688593 0.170489 -0.919880
0.673100 0.170489 -0.922659
0.657503 0.170489 -0.924773
0.641844 0.170489 -0.926218
0.626166 0.170489 -0.926993
0.610512 0.170489 -0.927100
0.594925 0.170489 -0.926544
0.579444 0.170489 -0.925337
0.564111 0.170489 -0.923490
0.548964 0.170489 -0.921019
0.534038 0.170489 -0.917944
0.519369 0.170489 -0.914286
0.504987 0.170489 -0.910068
0.490922 0.170489 -0.905317
0.477201 0.170489 -0.900061
0.463846 0.170489 -0.894328
0.450880 0.170489 -0.888148
0.438320 0.170489 -0.881553
0.426024 0.170489 -0.874480
0.413860 0.170489 -0.866841
0.401865 0.170489 -0.858636
0.390076 0.170489 -0.849865
0.378530 0.170489 -0.840533
0.367265 0.170489 -0.830648
0.356317 0.170489 -0.820220
0.345725 0.170489 -0.809264
0.335525 0.170489 -0.797796
0.325752 0.170489 -0.785838
0.316440 0.170489 -0.773413
0.307621 0.170489 -0.760548
0.299326 0.170489 -0.747272
0.291582 0.170489 -0.733619
0.284414 0.170489 -0.719622
0.277845 0.170489 -0.705318
0.271892 0.170489 -0.690748
0.266572 0.170489 -0.675949
0.261896 0.170489 -0.660965
0.257872 0.170489 -0.645837
0.254507 0.170489 -0.630607
0.251799 0.170489 -0.615318
0.249748 0.170489 -0.600011
0.248346 0.170489 -0.584727
0.247586 0.170489 -0.569507
0.247454 0.170489 -0.554388
0.247936 0.170489 -0.539409
0.249014 0.170489 -0.524602
0.250667 0.170489 -0.510002
0.252873 0.170489 -0.495637
0.255609 0.170489 -0.481537
0.258848 0.170489 -0.467726
0.244668 0.170489 -0.464111
0.248127 0.170489 -0.450545
0.728289 0.145878 -0.207926
0.728289 0.170489 -0.207926
0.747502 0.145878 -0.214676
0.747502 0.170489 -0.214676
0.766398 0.145878 -0.222516
0.766398 0.170489 -0.222516
0.784887 0.145878 -0.231422
0.784887 0.170489 -0.231422
0.802878 0.145878 -0.241360
0.802878 0.170489 -0.241360
0.820287 0.145878 -0.252286
0.820287 0.170489 -0.252286
0.837035 0.145878 -0.264147
0.837035 0.170489 -0.264147
0.853047 0.145878 -0.276881
0.853047 0.170489 -0.276881
0.868258 0.145878 -0.290419
0.868258 0.170489 -0.290419
0.868258 0.158183 -0.290419
0.728289 0.158183 -0.207926
0.747502 0.158183 -0.214676
0.784887 0.158183 -0.231422
0.802878 0.158183 -0.241360
0.820287 0.158183 -0.252286
0.837035 0.158183 -0.264147
0.853047 0.158183 -0.276881
0.861215 0.145878 -0.297905
0.861215 0.170489 -0.297905
0.846428 0.145878 -0.284745
0.846428 0.170489 -0.284745
0.830863 0.145878 -0.272366
0.830863 0.170489 -0.272366
0.814583 0.145878 -0.260837
0.814583 0.170489 -0.260837
0.797659 0.145878 -0.250216
0.797659 0.170489 -0.250216
0.780170 0.145878 -0.240555
0.780170 0.170489 -0.240555
0.762197 0.145878 -0.231897
0.762197 0.170489 -0.231897
0.743828 0.145878 -0.224276
0.743828 0.170489 -0.224276
0.725152 0.145878 -0.217715
0.725152 0.170489 -0.217715
0.861215 0.158183 -0.297905
0.725152 0.158183 -0.217715
0.846428 0.158183 -0.284745
0.814583 0.158183 -0.260837
0.797659 0.158183 -0.250216
0.780170 0.158183 -0.240555
0.762197 0.158183 -0.231897
0.743828 0.158183 -0.224276
0.402376 0.145878 -0.271184
0.402376 0.170489 -0.271184
0.396249 0.145878 -0.262930
0.396249 0.170489 -0.262930
0.396249 0.145878 -0.262930
0.396249 0.170489 -0.262930
0.413606 0.145878 -0.250804
0.413606 0.170489 -0.250804
0.431856 0.145878 -0.239565
0.431856 0.170489 -0.239565
0.450933 0.145878 -0.229304
0.450933 0.170489 -0.229304
0.470759 0.145878 -0.220106
0.470759 0.170489 -0.220106
0.480925 0.145878 -0.215929
0.480925 0.170489 -0.215929
0.491244 0.145878 -0.212046
0.491244 0.170489 -0.212046
0.501703 0.145878 -0.208464
0.501703 0.170489 -0.208464
0.512288 0.145878 -0.205190
0.512288 0.170489 -0.205190
0.522987 0.145878 -0.202231
0.522987 0.170489 -0.202231
0.533786 0.145878 -0.199592
0.533786 0.170489 -0.199592
0.544668 0.145878 -0.197279
0.544668 0.170489 -0.197279
0.555621 0.145878 -0.195294
0.555621 0.170489 -0.195294
0.566629 0.145878 -0.193641
0.566629 0.170489 -0.193641
0.577676 0.145878 -0.192322
0.577676 0.170489 -0.192322
0.588748 0.145878 -0.191337
0.588748 0.170489 -0.191337
0.599830 0.145878 -0.190688
0.599830 0.170489 -0.190688
0.610906 0.145878 -0.190374
0.610906 0.170489 -0.190374
0.621961 0.145878 -0.190392
0.621961 0.170489 -0.190392
0.632981 0.145878 -0.190740
0.632981 0.170489 -0.190740
0.643951 0.145878 -0.191416
0.643951 0.170489 -0.191416
0.665684 0.145878 -0.193730
0.665684 0.170489 -0.193730
0.687051 0.145878 -0.197291
0.687051 0.170489 -0.197291
0.707950 0.145878 -0.202045
0.707950 0.170489 -0.202045
0.728289 0.145878 -0.207926
0.728289 0.170489 -0.207926
0.728289 0.158183 -0.207926
0.725152 0.145878 -0.217715
0.725152 0.170489 -0.217715
0.705380 0.145878 -0.211997
0.705380 0.170489 -0.211997
0.685063 0.145878 -0.207376
0.685063 0.170489 -0.207376
0.664293 0.145878 -0.203914
0.664293 0.170489 -0.203914
0.643166 0.145878 -0.201665
0.643166 0.170489 -0.201665
0.621790 0.145878 -0.200669
0.621790 0.170489 -0.200669
0.600276 0.145878 -0.200957
0.600276 0.170489 -0.200957
0.578740 0.145878 -0.202545
0.578740 0.170489 -0.202545
0.568001 0.145878 -0.203828
0.568001 0.170489 -0.203828
0.557301 0.145878 -0.205434
0.557301 0.170489 -0.205434
0.546654 0.145878 -0.207364
0.546654 0.170489 -0.207364
0.536075 0.145878 -0.209613
0.536075 0.170489 -0.209613
0.515177 0.145878 -0.215054
0.515177 0.170489 -0.215054
0.494720 0.145878 -0.221719
0.494720 0.170489 -0.221719
0.474806 0.145878 -0.229554
0.474806 0.170489 -0.229554
0.455534 0.145878 -0.238496
0.455534 0.170489 -0.238496
0.436989 0.145878 -0.248471
0.436989 0.170489 -0.248471
0.419248 0.145878 -0.259396
0.419248 0.170489 -0.259396
0.402376 0.145878 -0.271184
0.402376 0.170489 -0.271184
0.725152 0.158183 -0.217715
0.868258 0.145878 -0.290419
0.868258 0.170489 -0.290419
0.877134 0.145878 -0.299055
0.877134 0.170489 -0.299055
0.885749 0.145878 -0.308021
0.885749 0.170489 -0.308021
0.894085 0.145878 -0.317306
0.894085 0.170489 -0.317306
0.902124 0.145878 -0.326895
0.902124 0.170489 -0.326895
0.909850 0.145878 -0.336776
0.909850 0.170489 -0.336776
0.917249 0.145878 -0.346931
0.917249 0.170489 -0.346931
0.924304 0.145878 -0.357346
0.924304 0.170489 -0.357346
0.931004 0.145878 -0.368001
0.931004 0.170489 -0.368001
0.937336 0.145878 -0.378879
0.937336 0.170489 -0.378879
0.943289 0.145878 -0.389960
0.943289 0.170489 -0.389960
0.948854 0.145878 -0.401225
0.948854 0.170489 -0.401225
0.954023 0.145878 -0.412653
0.954023 0.170489 -0.412653
0.958789 0.145878 -0.424224
0.958789 0.170489 -0.424224
0.963148 0.145878 -0.435915
0.963148 0.170489 -0.435915
0.967095 0.145878 -0.447706
0.967095 0.170489 -0.447706
0.970628 0.145878 -0.459575
0.970628 0.170489 -0.459575
0.868258 0.158183 -0.290419
0.970628 0.149979 -0.459575
0.970628 0.154081 -0.459575
0.970628 0.158183 -0.459575
0.970628 0.162285 -0.459575
0.970628 0.166387 -0.459575
0.975566 0.145878 -0.479332
0.975566 0.170489 -0.479332
0.965529 0.145878 -0.481547
0.965529 0.170489 -0.481547
0.975566 0.164336 -0.479332
0.975566 0.158183 -0.479332
0.965529 0.145878 -0.481547
0.965529 0.170489 -0.481547
0.962438 0.145878 -0.468679
0.962438 0.170489 -0.468679
0.958855 0.145878 -0.455871
0.958855 0.170489 -0.455871
0.954780 0.145878 -0.443152
0.954780 0.170489 -0.443152
0.950218 0.145878 -0.430550
0.950218 0.170489 -0.430550
0.945172 0.145878 -0.418093
0.945172 0.170489 -0.418093
0.939650 0.145878 -0.405807
0.939650 0.170489 -0.405807
0.933662 0.145878 -0.393722
0.933662 0.170489 -0.393722
0.927218 0.145878 -0.381862
0.927218 0.170489 -0.381862
0.920331 0.145878 -0.370253
0.920331 0.170489 -0.370253
0.913017 0.145878 -0.358920
0.913017 0.170489 -0.358920
0.905293 0.145878 -0.347885
0.905293 0.170489 -0.347885
0.897177 0.145878 -0.337172
0.897177 0.170489 -0.337172
0.888689 0.145878 -0.326800
0.888689 0.170489 -0.326800
0.879851 0.145878 -0.316787
0.879851 0.170489 -0.316787
0.870685 0.145878 -0.307150
0.870685 0.170489 -0.307150
0.861215 0.145878 -0.297905
0.861215 0.170489 -0.297905
0.861215 0.158183 -0.297905
0.396249 0.145878 -0.262930
0.728289 0.145878 -0.207926
0.747502 0.145878 -0.214676
0.766398 0.145878 -0.222516
0.784887 0.145878 -0.231422
0.802878 0.145878 -0.241360
0.820287 0.145878 -0.252286
0.837035 0.145878 -0.264147
0.853047 0.145878 -0.276881
0.868258 0.145878 -0.290419
0.861215 0.145878 -0.297905
0.846428 0.145878 -0.284745
0.830863 0.145878 -0.272366
0.814583 0.145878 -0.260837
0.797659 0.145878 -0.250216
0.780170 0.145878 -0.240555
0.762197 0.145878 -0.231897
0.743828 0.145878 -0.224276
0.725152 0.145878 -0.217715
0.402376 0.145878 -0.271184
0.413606 0.145878 -0.250804
0.431856 0.145878 -0.239565
0.450933 0.145878 -0.229304
0.470759 0.145878 -0.220106
0.480925 0.145878 -0.215929
0.491244 0.145878 -0.212046
0.501703 0.145878 -0.208464
0.512288 0.145878 -0.205190
0.522987 0.145878 -0.202231
0.533786 0.145878 -0.199592
0.544668 0.145878 -0.197279
0.555621 0.145878 -0.195294
0.566629 0.145878 -0.193641
0.577676 0.145878 -0.192322
0.588748 0.145878 -0.191337
0.599830 0.145878 -0.190688
0.610906 0.145878 -0.190374
0.621961 0.145878 -0.190392
0.632981 0.145878 -0.190740
0.643951 0.145878 -0.191416
0.665684 0.145878 -0.193730
0.687051 0.145878 -0.197291
0.707950 0.145878 -0.202045
0.705380 0.145878 -0.211997
0.685063 0.145878 -0.207376
0.664293 0.145878 -0.203914
0.643166 0.145878 -0.201665
0.621790 0.145878 -0.200669
0.600276 0.145878 -0.200957
0.578740 0.145878 -0.202545
0.568001 0.145878 -0.203828
0.557301 0.145878 -0.205434
0.546654 0.145878 -0.207364
0.536075 0.145878 -0.209613
0.515177 0.145878 -0.215054
0.494720 0.145878 -0.221719
0.474806 0.145878 -0.229554
0.455534 0.145878 -0.238496
0.436989 0.145878 -0.248471
0.419248 0.145878 -0.259396
0.877134 0.145878 -0.299055
0.885749 0.145878 -0.308021
0.894085 0.145878 -0.317306
0.902124 0.145878 -0.326895
0.909850 0.145878 -0.336776
0.917249 0.145878 -0.346931
0.924304 0.145878 -0.357346
0.931004 0.145878 -0.368001
0.937336 0.145878 -0.378879
0.943289 0.145878 -0.389960
0.948854 0.145878 -0.401225
0.954023 0.145878 -0.412653
0.958789 0.145878 -0.424224
0.963148 0.145878 -0.435915
0.967095 0.145878 -0.447706
0.970628 0.145878 -0.459575
0.974113 0.145878 -0.473016
0.974487 0.145878 -0.474593
0.974853 0.145878 -0.476171
0.975213 0.145878 -0.477750
0.975566 0.145878 -0.479332
0.965529 0.145878 -0.481547
0.962438 0.145878 -0.468679
0.958855 0.145878 -0.455871
0.954780 0.145878 -0.443152
0.950218 0.145878 -0.430550
0.945172 0.145878 -0.418093
0.939650 0.145878 -0.405807
0.933662 0.145878 -0.393722
0.927218 0.145878 -0.381862
0.920331 0.145878 -0.370253
0.913017 0.145878 -0.358920
0.905293 0.145878 -0.347885
0.897177 0.145878 -0.337172
0.888689 0.145878 -0.326800
0.879851 0.145878 -0.316787
0.870685 0.145878 -0.307150
0.971547 0.145878 -0.462923
0.972435 0.145878 -0.466280
0.973290 0.145878 -0.469645
0.396249 0.170489 -0.262930
0.728289 0.170489 -0.207926
0.747502 0.170489 -0.214676
0.766398 0.170489 -0.222516
0.784887 0.170489 -0.231422
0.802878 0.170489 -0.241360
0.820287 0.170489 -0.252286
0.837035 0.170489 -0.264147
0.853047 0.170489 -0.276881
0.868258 0.170489 -0.290419
0.861215 0.170489 -0.297905
0.846428 0.170489 -0.284745
0.830863 0.170489 -0.272366
0.814583 0.170489 -0.260837
0.797659 0.170489 -0.250216
0.780170 0.170489 -0.240555
0.762197 0.170489 -0.231897
0.743828 0.170489 -0.224276
0.725152 0.170489 -0.217715
0.402376 0.170489 -0.271184
0.413606 0.170489 -0.250804
0.431856 0.170489 -0.239565
0.450933 0.170489 -0.229304
0.470759 0.170489 -0.220106
0.480925 0.170489 -0.215929
0.491244 0.170489 -0.212046
0.501703 0.170489 -0.208464
0.512288 0.170489 -0.205190
0.522987 0.170489 -0.202231
0.533786 0.170489 -0.199592
0.544668 0.170489 -0.197279
0.555621 0.170489 -0.195294
0.566629 0.170489 -0.193641
0.577676 0.170489 -0.192322
0.588748 0.170489 -0.191337
0.599830 0.170489 -0.190688
0.610906 0.170489 -0.190374
0.621961 0.170489 -0.190392
0.632981 0.170489 -0.190740
0.643951 0.170489 -0.191416
0.665684 0.170489 -0.193730
0.687051 0.170489 -0.197291
0.707950 0.170489 -0.202045
0.705380 0.170489 -0.211997
0.685063 0.170489 -0.207376
0.664293 0.170489 -0.203914
0.643166 0.170489 -0.201665
0.621790 0.170489 -0.200669
0.600276 0.170489 -0.200957
0.578740 0.170489 -0.202545
0.568001 0.170489 -0.203828
0.557301 0.170489 -0.205434
0.546654 0.170489 -0.207364
0.536075 0.170489 -0.209613
0.515177 0.170489 -0.215054
0.494720 0.170489 -0.221719
0.474806 0.170489 -0.229554
0.455534 0.170489 -0.238496
0.436989 0.170489 -0.248471
0.419248 0.170489 -0.259396
0.877134 0.170489 -0.299055
0.885749 0.170489 -0.308021
0.894085 0.170489 -0.317306
0.902124 0.170489 -0.326895
0.909850 0.170489 -0.336776
0.917249 0.170489 -0.346931
0.924304 0.170489 -0.357346
0.931004 0.170489 -0.368001
0.937336 0.170489 -0.378879
0.943289 0.170489 -0.389960
0.948854 0.170489 -0.401225
0.954023 0.170489 -0.412653
0.958789 0.170489 -0.424224
0.963148 0.170489 -0.435915
0.967095 0.170489 -0.447706
0.970628 0.170489 -0.459575
0.974113 0.170489 -0.473016
0.974487 0.170489 -0.474593
0.974853 0.170489 -0.476171
0.975213 0.170489 -0.477750
0.975566 0.170489 -0.479332
0.965529 0.170489 -0.481547
0.962438 0.170489 -0.468679
0.958855 0.170489 -0.455871
0.954780 0.170489 -0.443152
0.950218 0.170489 -0.430550
0.945172 0.170489 -0.418093
0.939650 0.170489 -0.405807
0.933662 0.170489 -0.393722
0.927218 0.170489 -0.381862
0.920331 0.170489 -0.370253
0.913017 0.170489 -0.358920
0.905293 0.170489 -0.347885
0.897177 0.170489 -0.337172
0.888689 0.170489 -0.326800
0.879851 0.170489 -0.316787
0.870685 0.170489 -0.307150
0.971547 0.170489 -0.462923
0.972435 0.170489 -0.466280
0.973290 0.170489 -0.469645
0.970628 0.170489 -0.459575
0.971547 0.170489 -0.462923
0.972435 0.170489 -0.466280
0.973290 0.170489 -0.469645
0.974113 0.170489 -0.473016
0.971547 0.164336 -0.462923
0.972435 0.164336 -0.466280
0.973290 0.164336 -0.469645
0.971547 0.158183 -0.462923
0.972435 0.158183 -0.466280
0.973290 0.158183 -0.469645
0.971547 0.152030 -0.462923
0.972435 0.152030 -0.466280
0.973290 0.152030 -0.469645
0.970628 0.145878 -0.459575
0.971547 0.145878 -0.462923
0.972435 0.145878 -0.466280
0.973290 0.145878 -0.469645
0.974113 0.145878 -0.473016
0.970628 0.166387 -0.459575
0.970628 0.162285 -0.459575
0.970628 0.158183 -0.459575
0.970628 0.154081 -0.459575
0.970628 0.149979 -0.459575
0.974113 0.149979 -0.473016
0.974113 0.154081 -0.473016
0.974113 0.158183 -0.473016
0.974113 0.162285 -0.473016
0.974113 0.166387 -0.473016
0.974113 0.170489 -0.473016
0.974487 0.170489 -0.474593
0.974853 0.170489 -0.476171
0.975213 0.170489 -0.477750
0.975566 0.170489 -0.479332
0.974487 0.164336 -0.474593
0.974853 0.164336 -0.476171
0.975213 0.164336 -0.477750
0.975566 0.164336 -0.479332
0.974113 0.158183 -0.473016
0.974487 0.158183 -0.474593
0.974853 0.158183 -0.476171
0.975213 0.158183 -0.477750
0.975566 0.158183 -0.479332
0.974487 0.152030 -0.474593
0.974853 0.152030 -0.476171
0.975213 0.152030 -0.477750
0.974113 0.145878 -0.473016
0.974487 0.145878 -0.474593
0.974853 0.145878 -0.476171
0.975213 0.145878 -0.477750
0.975566 0.145878 -0.479332
0.974113 0.166387 -0.473016
0.974113 0.162285 -0.473016
0.974113 0.154081 -0.473016
0.974113 0.149979 -0.473016
1.072466 0.145878 -0.511076
1.072466 0.170489 -0.511076
1.086390 0.145878 -0.509623
1.086390 0.170489 -0.509623
0.969176 0.145878 -0.662960
0.969176 0.170489 -0.662960
0.966657 0.145878 -0.671149
0.966657 0.170489 -0.671149
0.963942 0.145878 -0.679294
0.963942 0.170489 -0.679294
0.961034 0.145878 -0.687385
0.961034 0.170489 -0.687385
0.957933 0.145878 -0.695418
0.957933 0.170489 -0.695418
0.954642 0.145878 -0.703385
0.954642 0.170489 -0.703385
0.951162 0.145878 -0.711279
0.951162 0.170489 -0.711279
0.947496 0.145878 -0.719093
0.947496 0.170489 -0.719093
0.943647 0.145878 -0.726822
0.943647 0.170489 -0.726822
0.939618 0.145878 -0.734459
0.939618 0.170489 -0.734459
0.935412 0.145878 -0.741996
0.935412 0.170489 -0.741996
0.931033 0.145878 -0.749429
0.931033 0.170489 -0.749429
0.926485 0.145878 -0.756752
0.926485 0.170489 -0.756752
0.921773 0.145878 -0.763958
0.921773 0.170489 -0.763958
0.916900 0.145878 -0.771043
0.916900 0.170489 -0.771043
0.911871 0.145878 -0.778001
0.911871 0.170489 -0.778001
0.906692 0.145878 -0.784826
0.906692 0.170489 -0.784826
0.906692 0.145878 -0.784826
0.906692 0.170489 -0.784826
0.898576 0.145878 -0.778518
0.898576 0.170489 -0.778518
0.898576 0.145878 -0.778518
0.898576 0.170489 -0.778518
0.903832 0.145878 -0.771585
0.903832 0.170489 -0.771585
0.908940 0.145878 -0.764493
0.908940 0.170489 -0.764493
0.913895 0.145878 -0.757247
0.913895 0.170489 -0.757247
0.918689 0.145878 -0.749852
0.918689 0.170489 -0.749852
0.923317 0.145878 -0.742314
0.923317 0.170489 -0.742314
0.927773 0.145878 -0.734636
0.927773 0.170489 -0.734636
0.932050 0.145878 -0.726826
0.932050 0.170489 -0.726826
0.936142 0.145878 -0.718889
0.936142 0.170489 -0.718889
0.940045 0.145878 -0.710833
0.940045 0.170489 -0.710833
0.943754 0.145878 -0.702663
0.943754 0.170489 -0.702663
0.947263 0.145878 -0.694387
0.947263 0.170489 -0.694387
0.950568 0.145878 -0.686013
0.950568 0.170489 -0.686013
0.953665 0.145878 -0.677547
0.953665 0.170489 -0.677547
0.956551 0.145878 -0.668998
0.956551 0.170489 -0.668998
0.959223 0.145878 -0.660373
0.959223 0.170489 -0.660373
0.961676 0.145878 -0.651681
0.961676 0.170489 -0.651681
0.963910 0.145878 -0.642929
0.963910 0.170489 -0.642929
0.965922 0.145878 -0.634127
0.965922 0.170489 -0.634127
0.967710 0.145878 -0.625283
0.967710 0.170489 -0.625283
0.969274 0.145878 -0.616405
0.969274 0.170489 -0.616405
0.970612 0.145878 -0.607502
0.970612 0.170489 -0.607502
0.971724 0.145878 -0.598582
0.971724 0.170489 -0.598582
0.972610 0.145878 -0.589654
0.972610 0.170489 -0.589654
0.973271 0.145878 -0.580726
0.973271 0.170489 -0.580726
0.973708 0.145878 -0.571807
0.973708 0.170489 -0.571807
0.973923 0.145878 -0.562905
0.973923 0.170489 -0.562905
0.973916 0.145878 -0.554029
0.973916 0.170489 -0.554029
0.973690 0.145878 -0.545185
0.973690 0.170489 -0.545185
0.973248 0.145878 -0.536383
0.973248 0.170489 -0.536383
0.972593 0.145878 -0.527630
0.972593 0.170489 -0.527630
0.971728 0.145878 -0.518933
0.971728 0.170489 -0.518933
0.970656 0.145878 -0.510299
0.970656 0.170489 -0.510299
0.970656 0.145878 -0.510299
0.970656 0.170489 -0.510299
0.980840 0.145878 -0.508909
0.980840 0.170489 -0.508909
0.980840 0.145878 -0.508909
0.980840 0.170489 -0.508909
0.981928 0.145878 -0.517656
0.981928 0.170489 -0.517656
0.982807 0.145878 -0.526444
0.982807 0.170489 -0.526444
0.983477 0.145878 -0.535267
0.983477 0.170489 -0.535267
0.983935 0.145878 -0.544115
0.983935 0.170489 -0.544115
0.984181 0.145878 -0.552983
0.984181 0.170489 -0.552983
0.984212 0.145878 -0.561861
0.984212 0.170489 -0.561861
0.984030 0.145878 -0.570743
0.984030 0.170489 -0.570743
0.983633 0.145878 -0.579620
0.983633 0.170489 -0.579620
0.983023 0.145878 -0.588486
0.983023 0.170489 -0.588486
0.982199 0.145878 -0.597331
0.982199 0.170489 -0.597331
0.981162 0.145878 -0.606149
0.981162 0.170489 -0.606149
0.979915 0.145878 -0.614932
0.979915 0.170489 -0.614932
0.978458 0.145878 -0.623672
0.978458 0.170489 -0.623672
0.976794 0.145878 -0.632361
0.976794 0.170489 -0.632361
0.974926 0.145878 -0.640994
0.974926 0.170489 -0.640994
0.972855 0.145878 -0.649561
0.972855 0.170489 -0.649561
0.972855 0.145878 -0.649561
0.972855 0.170489 -0.649561
1.061859 0.145878 -0.667582
1.061859 0.170489 -0.667582
1.061859 0.145878 -0.667582
1.061859 0.170489 -0.667582
1.064083 0.145878 -0.658025
1.064083 0.170489 -0.658025
1.066105 0.145878 -0.648407
1.066105 0.170489 -0.648407
1.067924 0.145878 -0.638735
1.067924 0.170489 -0.638735
1.069537 0.145878 -0.629014
1.069537 0.170489 -0.629014
1.070942 0.145878 -0.619253
1.070942 0.170489 -0.619253
1.072137 0.145878 -0.609456
1.072137 0.170489 -0.609456
1.073122 0.145878 -0.599631
1.073122 0.170489 -0.599631
1.073896 0.145878 -0.589786
1.073896 0.170489 -0.589786
1.074458 0.145878 -0.579926
1.074458 0.170489 -0.579926
1.074807 0.145878 -0.570058
1.074807 0.170489 -0.570058
1.074945 0.145878 -0.560190
1.074945 0.170489 -0.560190
1.074870 0.145878 -0.550328
1.074870 0.170489 -0.550328
1.074584 0.145878 -0.540479
1.074584 0.170489 -0.540479
1.074087 0.145878 -0.530649
1.074087 0.170489 -0.530649
1.073380 0.145878 -0.520846
1.073380 0.170489 -0.520846
1.072466 0.145878 -0.511076
1.072466 0.170489 -0.511076
1.075598 0.170489 -0.670334
1.074758 0.170489 -0.673738
1.073893 0.170489 -0.677137
1.073003 0.170489 -0.680528
1.072089 0.170489 -0.683909
1.074758 0.164336 -0.673738
1.073893 0.164336 -0.677137
1.073003 0.164336 -0.680528
1.072089 0.164336 -0.683909
1.075598 0.158183 -0.670334
1.074758 0.158183 -0.673738
1.073893 0.158183 -0.677137
1.073003 0.158183 -0.680528
1.072089 0.158183 -0.683909
1.074758 0.152030 -0.673738
1.073893 0.152030 -0.677137
1.073003 0.152030 -0.680528
1.072089 0.152030 -0.683909
1.075598 0.145878 -0.670334
1.074758 0.145878 -0.673738
1.073893 0.145878 -0.677137
1.073003 0.145878 -0.680528
1.072089 0.145878 -0.683909
1.075598 0.166387 -0.670334
1.075598 0.162285 -0.670334
1.075598 0.154081 -0.670334
1.075598 0.149979 -0.670334
1.072089 0.145878 -0.683909
1.072089 0.170489 -0.683909
0.969176 0.145878 -0.662960
0.969176 0.170489 -0.662960
1.072089 0.164336 -0.683909
1.072089 0.158183 -0.683909
1.072089 0.152030 -0.683909
1.072466 0.145878 -0.511076
1.086390 0.145878 -0.509623
1.087334 0.145878 -0.519704
1.088062 0.145878 -0.529813
1.088573 0.145878 -0.539942
1.088868 0.145878 -0.550085
1.088944 0.145878 -0.560235
1.088804 0.145878 -0.570384
1.088445 0.145878 -0.580526
1.087869 0.145878 -0.590653
1.087077 0.145878 -0.600759
1.086070 0.145878 -0.610837
1.084848 0.145878 -0.620880
1.083415 0.145878 -0.630880
1.081770 0.145878 -0.640833
1.079918 0.145878 -0.650730
1.077859 0.145878 -0.660566
1.075598 0.145878 -0.670334
0.969176 0.145878 -0.662960
0.966657 0.145878 -0.671149
0.963942 0.145878 -0.679294
0.961034 0.145878 -0.687385
0.957933 0.145878 -0.695418
0.954642 0.145878 -0.703385
0.951162 0.145878 -0.711279
0.947496 0.145878 -0.719093
0.943647 0.145878 -0.726822
0.939618 0.145878 -0.734459
0.935412 0.145878 -0.741996
0.931033 0.145878 -0.749429
0.926485 0.145878 -0.756752
0.921773 0.145878 -0.763958
0.916900 0.145878 -0.771043
0.911871 0.145878 -0.778001
0.906692 0.145878 -0.784826
0.898576 0.145878 -0.778518
0.903832 0.145878 -0.771585
0.908940 0.145878 -0.764493
0.913895 0.145878 -0.757247
0.918689 0.145878 -0.749852
0.923317 0.145878 -0.742314
0.927773 0.145878 -0.734636
0.932050 0.145878 -0.726826
0.936142 0.145878 -0.718889
0.940045 0.145878 -0.710833
0.943754 0.145878 -0.702663
0.947263 0.145878 -0.694387
0.950568 0.145878 -0.686013
0.953665 0.145878 -0.677547
0.956551 0.145878 -0.668998
0.959223 0.145878 -0.660373
0.961676 0.145878 -0.651681
0.963910 0.145878 -0.642929
0.965922 0.145878 -0.634127
0.967710 0.145878 -0.625283
0.969274 0.145878 -0.616405
0.970612 0.145878 -0.607502
0.971724 0.145878 -0.598582
0.972610 0.145878 -0.589654
0.973271 0.145878 -0.580726
0.973708 0.145878 -0.571807
0.973923 0.145878 -0.562905
0.973916 0.145878 -0.554029
0.973690 0.145878 -0.545185
0.973248 0.145878 -0.536383
0.972593 0.145878 -0.527630
0.971728 0.145878 -0.518933
0.970656 0.145878 -0.510299
0.980840 0.145878 -0.508909
0.981928 0.145878 -0.517656
0.982807 0.145878 -0.526444
0.983477 0.145878 -0.535267
0.983935 0.145878 -0.544115
0.984181 0.145878 -0.552983
0.984212 0.145878 -0.561861
0.984030 0.145878 -0.570743
0.983633 0.145878 -0.579620
0.983023 0.145878 -0.588486
0.982199 0.145878 -0.597331
0.981162 0.145878 -0.606149
0.979915 0.145878 -0.614932
0.978458 0.145878 -0.623672
0.976794 0.145878 -0.632361
0.974926 0.145878 -0.640994
0.972855 0.145878 -0.649561
1.061859 0.145878 -0.667582
1.064083 0.145878 -0.658025
1.066105 0.145878 -0.648407
1.067924 0.145878 -0.638735
1.069537 0.145878 -0.629014
1.070942 0.145878 -0.619253
1.072137 0.145878 -0.609456
1.073122 0.145878 -0.599631
1.073896 0.145878 -0.589786
1.074458 0.145878 -0.579926
1.074807 0.145878 -0.570058
1.074945 0.145878 -0.560190
1.074870 0.145878 -0.550328
1.074584 0.145878 -0.540479
1.074087 0.145878 -0.530649
1.073380 0.145878 -0.520846
1.074758 0.145878 -0.673738
1.073893 0.145878 -0.677137
1.073003 0.145878 -0.680528
1.072089 0.145878 -0.683909
1.072466 0.170489 -0.511076
1.086390 0.170489 -0.509623
1.087334 0.170489 -0.519704
1.088062 0.170489 -0.529813
1.088573 0.170489 -0.539942
1.088868 0.170489 -0.550085
1.088944 0.170489 -0.560235
1.088804 0.170489 -0.570384
1.088445 0.170489 -0.580526
1.087869 0.170489 -0.590653
1.087077 0.170489 -0.600759
1.086070 0.170489 -0.610837
1.084848 0.170489 -0.620880
1.083415 0.170489 -0.630880
1.081770 0.170489 -0.640833
1.079918 0.170489 -0.650730
1.077859 0.170489 -0.660566
1.075598 0.170489 -0.670334
0.969176 0.170489 -0.662960
0.966657 0.170489 -0.671149
0.963942 0.170489 -0.679294
0.961034 0.170489 -0.687385
0.957933 0.170489 -0.695418
0.954642 0.170489 -0.703385
0.951162 0.170489 -0.711279
0.947496 0.170489 -0.719093
0.943647 0.170489 -0.726822
0.939618 0.170489 -0.734459
0.935412 0.170489 -0.741996
0.931033 0.170489 -0.749429
0.926485 0.170489 -0.756752
0.921773 0.170489 -0.763958
0.916900 0.170489 -0.771043
0.911871 0.170489 -0.778001
0.906692 0.170489 -0.784826
0.898576 0.170489 -0.778518
0.903832 0.170489 -0.771585
0.908940 0.170489 -0.764493
0.913895 0.170489 -0.757247
0.918689 0.170489 -0.749852
0.923317 0.170489 -0.742314
0.927773 0.170489 -0.734636
0.932050 0.170489 -0.726826
0.936142 0.170489 -0.718889
0.940045 0.170489 -0.710833
0.943754 0.170489 -0.702663
0.947263 0.170489 -0.694387
0.950568 0.170489 -0.686013
0.953665 0.170489 -0.677547
0.956551 0.170489 -0.668998
0.959223 0.170489 -0.660373
0.961676 0.170489 -0.651681
0.963910 0.170489 -0.642929
0.965922 0.170489 -0.634127
0.967710 0.170489 -0.625283
0.969274 0.170489 -0.616405
0.970612 0.170489 -0.607502
0.971724 0.170489 -0.598582
0.972610 0.170489 -0.589654
0.973271 0.170489 -0.580726
0.973708 0.170489 -0.571807
0.973923 0.170489 -0.562905
0.973916 0.170489 -0.554029
0.973690 0.170489 -0.545185
0.973248 0.170489 -0.536383
0.972593 0.170489 -0.527630
0.971728 0.170489 -0.518933
0.970656 0.170489 -0.510299
0.980840 0.170489 -0.508909
0.981928 0.170489 -0.517656
0.982807 0.170489 -0.526444
0.983477 0.170489 -0.535267
0.983935 0.170489 -0.544115
0.984181 0.170489 -0.552983
0.984212 0.170489 -0.561861
0.984030 0.170489 -0.570743
0.983633 0.170489 -0.579620
0.983023 0.170489 -0.588486
0.982199 0.170489 -0.597331
0.981162 0.170489 -0.606149
0.979915 0.170489 -0.614932
0.978458 0.170489 -0.623672
0.976794 0.170489 -0.632361
0.974926 0.170489 -0.640994
0.972855 0.170489 -0.649561
1.061859 0.170489 -0.667582
1.064083 0.170489 -0.658025
1.066105 0.170489 -0.648407
1.067924 0.170489 -0.638735
1.069537 0.170489 -0.629014
1.070942 0.170489 -0.619253
1.072137 0.170489 -0.609456
1.073122 0.170489 -0.599631
1.073896 0.170489 -0.589786
1.074458 0.170489 -0.579926
1.074807 0.170489 -0.570058
1.074945 0.170489 -0.560190
1.074870 0.170489 -0.550328
1.074584 0.170489 -0.540479
1.074087 0.170489 -0.530649
1.073380 0.170489 -0.520846
1.074758 0.170489 -0.673738
1.073893 0.170489 -0.677137
1.073003 0.170489 -0.680528
1.072089 0.170489 -0.683909
1.086390 0.170489 -0.509623
1.087334 0.170489 -0.519704
1.088062 0.170489 -0.529813
1.088573 0.170489 -0.539942
1.088868 0.170489 -0.550085
1.088944 0.170489 -0.560235
1.088804 0.170489 -0.570384
1.088445 0.170489 -0.580526
1.087869 0.170489 -0.590653
1.087077 0.170489 -0.600759
1.086070 0.170489 -0.610837
1.084848 0.170489 -0.620880
1.083415 0.170489 -0.630880
1.081770 0.170489 -0.640833
1.079918 0.170489 -0.650730
1.077859 0.170489 -0.660566
1.075598 0.170489 -0.670334
1.086390 0.145878 -0.509623
1.087334 0.145878 -0.519704
1.088062 0.145878 -0.529813
1.088573 0.145878 -0.539942
1.088868 0.145878 -0.550085
1.088944 0.145878 -0.560235
1.088804 0.145878 -0.570384
1.088445 0.145878 -0.580526
1.087869 0.145878 -0.590653
1.087077 0.145878 -0.600759
1.086070 0.145878 -0.610837
1.084848 0.145878 -0.620880
1.083415 0.145878 -0.630880
1.081770 0.145878 -0.640833
1.079918 0.145878 -0.650730
1.077859 0.145878 -0.660566
1.075598 0.145878 -0.670334
1.075598 0.149979 -0.670334
1.075598 0.154081 -0.670334
1.075598 0.158183 -0.670334
1.075598 0.162285 -0.670334
1.075598 0.166387 -0.670334
0.728289 0.293387 -0.207926
0.728289 0.311951 -0.207926
0.747502 0.293387 -0.214676
0.747502 0.311951 -0.214676
0.766398 0.293387 -0.222516
0.766398 0.311951 -0.222516
0.784887 0.293387 -0.231422
0.784887 0.311951 -0.231422
0.802878 0.293387 -0.241360
0.802878 0.311951 -0.241360
0.820287 0.293387 -0.252286
0.820287 0.311951 -0.252286
0.837035 0.293387 -0.264147
0.837035 0.311951 -0.264147
0.853047 0.293387 -0.276881
0.853047 0.311951 -0.276881
0.868258 0.293387 -0.290419
0.868258 0.311951 -0.290419
0.868258 0.302669 -0.290419
0.728289 0.302669 -0.207926
0.747502 0.302669 -0.214676
0.784887 0.302669 -0.231422
0.802878 0.302669 -0.241360
0.820287 0.302669 -0.252286
0.837035 0.302669 -0.264147
0.853047 0.302669 -0.276881
0.861215 0.293387 -0.297905
0.861215 0.311951 -0.297905
0.846428 0.293387 -0.284745
0.846428 0.311951 -0.284745
0.830863 0.293387 -0.272366
0.830863 0.311951 -0.272366
0.814583 0.293387 -0.260837
0.814583 0.311951 -0.260837
0.797659 0.293387 -0.250216
0.797659 0.311951 -0.250216
0.780170 0.293387 -0.240555
0.780170 0.311951 -0.240555
0.762197 0.293387 -0.231897
0.762197 0.311951 -0.231897
0.743828 0.293387 -0.224276
0.743828 0.311951 -0.224276
0.725152 0.293387 -0.217715
0.725152 0.311951 -0.217715
0.861215 0.302669 -0.297905
0.725152 0.302669 -0.217715
0.846428 0.302669 -0.284745
0.814583 0.302669 -0.260837
0.797659 0.302669 -0.250216
0.780170 0.302669 -0.240555
0.762197 0.302669 -0.231897
0.743828 0.302669 -0.224276
0.402376 0.293387 -0.271184
0.402376 0.311951 -0.271184
0.396249 0.293387 -0.262930
0.396249 0.311951 -0.262930
0.396249 0.293387 -0.262930
0.396249 0.311951 -0.262930
0.413606 0.293387 -0.250804
0.413606 0.311951 -0.250804
0.431856 0.293387 -0.239565
0.431856 0.311951 -0.239565
0.450933 0.293387 -0.229304
0.450933 0.311951 -0.229304
0.470759 0.293387 -0.220106
0.470759 0.311951 -0.220106
0.480925 0.293387 -0.215929
0.480925 0.311951 -0.215929
0.491244 0.293387 -0.212046
0.491244 0.311951 -0.212046
0.501703 0.293387 -0.208464
0.501703 0.311951 -0.208464
0.512288 0.293387 -0.205190
0.512288 0.311951 -0.205190
0.522987 0.293387 -0.202231
0.522987 0.311951 -0.202231
0.533786 0.293387 -0.199592
0.533786 0.311951 -0.199592
0.544668 0.293387 -0.197279
0.544668 0.311951 -0.197279
0.555621 0.293387 -0.195294
0.555621 0.311951 -0.195294
0.566629 0.293387 -0.193641
0.566629 0.311951 -0.193641
0.577676 0.293387 -0.192322
0.577676 0.311951 -0.192322
0.588748 0.293387 -0.191337
0.588748 0.311951 -0.191337
0.599830 0.293387 -0.190688
0.599830 0.311951 -0.190688
0.610906 0.293387 -0.190374
0.610906 0.311951 -0.190374
0.621961 0.293387 -0.190392
0.621961 0.311951 -0.190392
0.632981 0.293387 -0.190740
0.632981 0.311951 -0.190740
0.643951 0.293387 -0.191416
0.643951 0.311951 -0.191416
0.665684 0.293387 -0.193730
0.665684 0.311951 -0.193730
0.687051 0.293387 -0.197291
0.687051 0.311951 -0.197291
0.707950 0.293387 -0.202045
0.707950 0.311951 -0.202045
0.728289 0.293387 -0.207926
0.728289 0.311951 -0.207926
0.728289 0.302669 -0.207926
0.725152 0.293387 -0.217715
0.725152 0.311951 -0.217715
0.705380 0.293387 -0.211997
0.705380 0.311951 -0.211997
0.685063 0.293387 -0.207376
0.685063 0.311951 -0.207376
0.664293 0.293387 -0.203914
0.664293 0.311951 -0.203914
0.643166 0.293387 -0.201665
0.643166 0.311951 -0.201665
0.621790 0.293387 -0.200669
0.621790 0.311951 -0.200669
0.600276 0.293387 -0.200957
0.600276 0.311951 -0.200957
0.578740 0.293387 -0.202545
0.578740 0.311951 -0.202545
0.568001 0.293387 -0.203828
0.568001 0.311951 -0.203828
0.557301 0.293387 -0.205434
0.557301 0.311951 -0.205434
0.546654 0.293387 -0.207364
0.546654 0.311951 -0.207364
0.536075 0.293387 -0.209613
0.536075 0.311951 -0.209613
0.515177 0.293387 -0.215054
0.515177 0.311951 -0.215054
0.494720 0.293387 -0.221719
0.494720 0.311951 -0.221719
0.474806 0.293387 -0.229554
0.474806 0.311951 -0.229554
0.455534 0.293387 -0.238496
0.455534 0.311951 -0.238496
0.436989 0.293387 -0.248471
0.436989 0.311951 -0.248471
0.419248 0.293387 -0.259396
0.419248 0.311951 -0.259396
0.402376 0.293387 -0.271184
0.402376 0.311951 -0.271184
0.725152 0.302669 -0.217715
0.868258 0.293387 -0.290419
0.868258 0.311951 -0.290419
0.877134 0.293387 -0.299055
0.877134 0.311951 -0.299055
0.885749 0.293387 -0.308021
0.885749 0.311951 -0.308021
0.894085 0.293387 -0.317306
0.894085 0.311951 -0.317306
0.902124 0.293387 -0.326895
0.902124 0.311951 -0.326895
0.909850 0.293387 -0.336776
0.909850 0.311951 -0.336776
0.917249 0.293387 -0.346931
0.917249 0.311951 -0.346931
0.924304 0.293387 -0.357346
0.924304 0.311951 -0.357346
0.931004 0.293387 -0.368001
0.931004 0.311951 -0.368001
0.937336 0.293387 -0.378879
0.937336 0.311951 -0.378879
0.943289 0.293387 -0.389960
0.943289 0.311951 -0.389960
0.948854 0.293387 -0.401225
0.948854 0.311951 -0.401225
0.954023 0.293387 -0.412653
0.954023 0.311951 -0.412653
0.958789 0.293387 -0.424224
0.958789 0.311951 -0.424224
0.963148 0.293387 -0.435915
0.963148 0.311951 -0.435915
0.967095 0.293387 -0.447706
0.967095 0.311951 -0.447706
0.970628 0.293387 -0.459575
0.970628 0.311951 -0.459575
0.868258 0.302669 -0.290419
0.970628 0.296481 -0.459575
0.970628 0.299575 -0.459575
0.970628 0.302669 -0.459575
0.970628 0.305763 -0.459575
0.970628 0.308857 -0.459575
0.975566 0.293387 -0.479332
0.975566 0.311951 -0.479332
0.965529 0.293387 -0.481547
0.965529 0.311951 -0.481547
0.975566 0.307310 -0.479332
0.975566 0.302669 -0.479332
0.975566 0.298028 -0.479332
0.965529 0.293387 -0.481547
0.965529 0.311951 -0.481547
0.962438 0.293387 -0.468679
0.962438 0.311951 -0.468679
0.958855 0.293387 -0.455871
0.958855 0.311951 -0.455871
0.954780 0.293387 -0.443152
0.954780 0.311951 -0.443152
0.950218 0.293387 -0.430550
0.950218 0.311951 -0.430550
0.945172 0.293387 -0.418093
0.945172 0.311951 -0.418093
0.939650 0.293387 -0.405807
0.939650 0.311951 -0.405807
0.933662 0.293387 -0.393722
0.933662 0.311951 -0.393722
0.927218 0.293387 -0.381862
0.927218 0.311951 -0.381862
0.920331 0.293387 -0.370253
0.920331 0.311951 -0.370253
0.913017 0.293387 -0.358920
0.913017 0.311951 -0.358920
0.905293 0.293387 -0.347885
0.905293 0.311951 -0.347885
0.897177 0.293387 -0.337172
0.897177 0.311951 -0.337172
0.888689 0.293387 -0.326800
0.888689 0.311951 -0.326800
0.879851 0.293387 -0.316787
0.879851 0.311951 -0.316787
0.870685 0.293387 -0.307150
0.870685 0.311951 -0.307150
0.861215 0.293387 -0.297905
0.861215 0.311951 -0.297905
0.861215 0.302669 -0.297905
0.396249 0.293387 -0.262930
0.728289 0.293387 -0.207926
0.747502 0.293387 -0.214676
0.766398 0.293387 -0.222516
0.784887 0.293387 -0.231422
0.802878 0.293387 -0.241360
0.820287 0.293387 -0.252286
0.837035 0.293387 -0.264147
0.853047 0.293387 -0.276881
0.868258 0.293387 -0.290419
0.861215 0.293387 -0.297905
0.846428 0.293387 -0.284745
0.830863 0.293387 -0.272366
0.814583 0.293387 -0.260837
0.797659 0.293387 -0.250216
0.780170 0.293387 -0.240555
0.762197 0.293387 -0.231897
0.743828 0.293387 -0.224276
0.725152 0.293387 -0.217715
0.402376 0.293387 -0.271184
0.413606 0.293387 -0.250804
0.431856 0.293387 -0.239565
0.450933 0.293387 -0.229304
0.470759 0.293387 -0.220106
0.480925 0.293387 -0.215929
0.491244 0.293387 -0.212046
0.501703 0.293387 -0.208464
0.512288 0.293387 -0.205190
0.522987 0.293387 -0.202231
0.533786 0.293387 -0.199592
0.544668 0.293387 -0.197279
0.555621 0.293387 -0.195294
0.566629 0.293387 -0.193641
0.577676 0.293387 -0.192322
0.588748 0.293387 -0.191337
0.599830 0.293387 -0.190688
0.610906 0.293387 -0.190374
0.621961 0.293387 -0.190392
0.632981 0.293387 -0.190740
0.643951 0.293387 -0.191416
0.665684 0.293387 -0.193730
0.687051 0.293387 -0.197291
0.707950 0.293387 -0.202045
0.705380 0.293387 -0.211997
0.685063 0.293387 -0.207376
0.664293 0.293387 -0.203914
0.643166 0.293387 -0.201665
0.621790 0.293387 -0.200669
0.600276 0.293387 -0.200957
0.578740 0.293387 -0.202545
0.568001 0.293387 -0.203828
0.557301 0.293387 -0.205434
0.546654 0.293387 -0.207364
0.536075 0.293387 -0.209613
0.515177 0.293387 -0.215054
0.494720 0.293387 -0.221719
0.474806 0.293387 -0.229554
0.455534 0.293387 -0.238496
0.436989 0.293387 -0.248471
0.419248 0.293387 -0.259396
0.877134 0.293387 -0.299055
0.885749 0.293387 -0.308021
0.894085 0.293387 -0.317306
0.902124 0.293387 -0.326895
0.909850 0.293387 -0.336776
0.917249 0.293387 -0.346931
0.924304 0.293387 -0.357346
0.931004 0.293387 -0.368001
0.937336 0.293387 -0.378879
0.943289 0.293387 -0.389960
0.948854 0.293387 -0.401225
0.954023 0.293387 -0.412653
0.958789 0.293387 -0.424224
0.963148 0.293387 -0.435915
0.967095 0.293387 -0.447706
0.970628 0.293387 -0.459575
0.974113 0.293387 -0.473016
0.974487 0.293387 -0.474593
0.974853 0.293387 -0.476171
0.975213 0.293387 -0.477750
0.975566 0.293387 -0.479332
0.965529 0.293387 -0.481547
0.962438 0.293387 -0.468679
0.958855 0.293387 -0.455871
0.954780 0.293387 -0.443152
0.950218 0.293387 -0.430550
0.945172 0.293387 -0.418093
0.939650 0.293387 -0.405807
0.933662 0.293387 -0.393722
0.927218 0.293387 -0.381862
0.920331 0.293387 -0.370253
0.913017 0.293387 -0.358920
0.905293 0.293387 -0.347885
0.897177 0.293387 -0.337172
0.888689 0.293387 -0.326800
0.879851 0.293387 -0.316787
0.870685 0.293387 -0.307150
0.971547 0.293387 -0.462923
0.972435 0.293387 -0.466280
0.973290 0.293387 -0.469645
0.396249 0.311951 -0.262930
0.728289 0.311951 -0.207926
0.747502 0.311951 -0.214676
0.766398 0.311951 -0.222516
0.784887 0.311951 -0.231422
0.802878 0.311951 -0.241360
0.820287 0.311951 -0.252286
0.837035 0.311951 -0.264147
0.853047 0.311951 -0.276881
0.868258 0.311951 -0.290419
0.861215 0.311951 -0.297905
0.846428 0.311951 -0.284745
0.830863 0.311951 -0.272366
0.814583 0.311951 -0.260837
0.797659 0.311951 -0.250216
0.780170 0.311951 -0.240555
0.762197 0.311951 -0.231897
0.743828 0.311951 -0.224276
0.725152 0.311951 -0.217715
0.402376 0.311951 -0.271184
0.413606 0.311951 -0.250804
0.431856 0.311951 -0.239565
0.450933 0.311951 -0.229304
0.470759 0.311951 -0.220106
0.480925 0.311951 -0.215929
0.491244 0.311951 -0.212046
0.501703 0.311951 -0.208464
0.512288 0.311951 -0.205190
0.522987 0.311951 -0.202231
0.533786 0.311951 -0.199592
0.544668 0.311951 -0.197279
0.555621 0.311951 -0.195294
0.566629 0.311951 -0.193641
0.577676 0.311951 -0.192322
0.588748 0.311951 -0.191337
0.599830 0.311951 -0.190688
0.610906 0.311951 -0.190374
0.621961 0.311951 -0.190392
0.632981 0.311951 -0.190740
0.643951 0.311951 -0.191416
0.665684 0.311951 -0.193730
0.687051 0.311951 -0.197291
0.707950 0.311951 -0.202045
0.705380 0.311951 -0.211997
0.685063 0.311951 -0.207376
0.664293 0.311951 -0.203914
0.643166 0.311951 -0.201665
0.621790 0.311951 -0.200669
0.600276 0.311951 -0.200957
0.578740 0.311951 -0.202545
0.568001 0.311951 -0.203828
0.557301 0.311951 -0.205434
0.546654 0.311951 -0.207364
0.536075 0.311951 -0.209613
0.515177 0.311951 -0.215054
0.494720 0.311951 -0.221719
0.474806 0.311951 -0.229554
0.455534 0.311951 -0.238496
0.436989 0.311951 -0.248471
0.419248 0.311951 -0.259396
0.877134 0.311951 -0.299055
0.885749 0.311951 -0.308021
0.894085 0.311951 -0.317306
0.902124 0.311951 -0.326895
0.909850 0.311951 -0.336776
0.917249 0.311951 -0.346931
0.924304 0.311951 -0.357346
0.931004 0.311951 -0.368001
0.937336 0.311951 -0.378879
0.943289 0.311951 -0.389960
0.948854 0.311951 -0.401225
0.954023 0.311951 -0.412653
0.958789 0.311951 -0.424224
0.963148 0.311951 -0.435915
0.967095 0.311951 -0.447706
0.970628 0.311951 -0.459575
0.974113 0.311951 -0.473016
0.974487 0.311951 -0.474593
0.974853 0.311951 -0.476171
0.975213 0.311951 -0.477750
0.975566 0.311951 -0.479332
0.965529 0.311951 -0.481547
0.962438 0.311951 -0.468679
0.958855 0.311951 -0.455871
0.954780 0.311951 -0.443152
0.950218 0.311951 -0.430550
0.945172 0.311951 -0.418093
0.939650 0.311951 -0.405807
0.933662 0.311951 -0.393722
0.927218 0.311951 -0.381862
0.920331 0.311951 -0.370253
0.913017 0.311951 -0.358920
0.905293 0.311951 -0.347885
0.897177 0.311951 -0.337172
0.888689 0.311951 -0.326800
0.879851 0.311951 -0.316787
0.870685 0.311951 -0.307150
0.971547 0.311951 -0.462923
0.972435 0.311951 -0.466280
0.973290 0.311951 -0.469645
0.970628 0.311951 -0.459575
0.971547 0.311951 -0.462923
0.972435 0.311951 -0.466280
0.973290 0.311951 -0.469645
0.974113 0.311951 -0.473016
0.971547 0.307310 -0.462923
0.972435 0.307310 -0.466280
0.973290 0.307310 -0.469645
0.971547 0.302669 -0.462923
0.972435 0.302669 -0.466280
0.973290 0.302669 -0.469645
0.971547 0.298028 -0.462923
0.972435 0.298028 -0.466280
0.973290 0.298028 -0.469645
0.970628 0.293387 -0.459575
0.971547 0.293387 -0.462923
0.972435 0.293387 -0.466280
0.973290 0.293387 -0.469645
0.974113 0.293387 -0.473016
0.970628 0.308857 -0.459575
0.970628 0.305763 -0.459575
0.970628 0.302669 -0.459575
0.970628 0.299575 -0.459575
0.970628 0.296481 -0.459575
0.974113 0.296481 -0.473016
0.974113 0.299575 -0.473016
0.974113 0.302669 -0.473016
0.974113 0.305763 -0.473016
0.974113 0.308857 -0.473016
0.974113 0.311951 -0.473016
0.974487 0.311951 -0.474593
0.974853 0.311951 -0.476171
0.975213 0.311951 -0.477750
0.975566 0.311951 -0.479332
0.974487 0.307310 -0.474593
0.974853 0.307310 -0.476171
0.975213 0.307310 -0.477750
0.975566 0.307310 -0.479332
0.974487 0.302669 -0.474593
0.974853 0.302669 -0.476171
0.975213 0.302669 -0.477750
0.975566 0.302669 -0.479332
0.974487 0.298028 -0.474593
0.974853 0.298028 -0.476171
0.975213 0.298028 -0.477750
0.975566 0.298028 -0.479332
0.974113 0.293387 -0.473016
0.974487 0.293387 -0.474593
0.974853 0.293387 -0.476171
0.975213 0.293387 -0.477750
0.975566 0.293387 -0.479332
0.974113 0.308857 -0.473016
0.974113 0.305763 -0.473016
0.974113 0.302669 -0.473016
0.974113 0.299575 -0.473016
0.974113 0.296481 -0.473016
0.262525 0.293387 -0.454360
0.262525 0.298028 -0.454360
0.262525 0.302669 -0.454360
0.262525 0.307310 -0.454360
0.262525 0.311951 -0.454360
0.268846 0.293387 -0.434959
0.268846 0.298028 -0.434959
0.268846 0.302669 -0.434959
0.268846 0.307310 -0.434959
0.268846 0.311951 -0.434959
0.276244 0.293387 -0.415908
0.276244 0.298028 -0.415908
0.276244 0.302669 -0.415908
0.276244 0.307310 -0.415908
0.276244 0.311951 -0.415908
0.284687 0.293387 -0.397297
0.284687 0.298028 -0.397297
0.284687 0.302669 -0.397297
0.284687 0.307310 -0.397297
0.284687 0.311951 -0.397297
0.294133 0.293387 -0.379210
0.294133 0.298028 -0.379210
0.294133 0.302669 -0.379210
0.294133 0.307310 -0.379210
0.294133 0.311951 -0.379210
0.294133 0.293387 -0.379210
0.294133 0.311951 -0.379210
0.303109 0.293387 -0.384219
0.303109 0.311951 -0.384219
0.294133 0.307310 -0.379210
0.294133 0.302669 -0.379210
0.294133 0.298028 -0.379210
0.303109 0.293387 -0.384219
0.303109 0.311951 -0.384219
0.296105 0.293387 -0.397409
0.296105 0.311951 -0.397409
0.289564 0.293387 -0.411084
0.289564 0.311951 -0.411084
0.283527 0.293387 -0.425224
0.283527 0.311951 -0.425224
0.278034 0.293387 -0.439803
0.278034 0.311951 -0.439803
0.273124 0.293387 -0.454794
0.273124 0.311951 -0.454794
0.268834 0.293387 -0.470164
0.268834 0.311951 -0.470164
0.265198 0.293387 -0.485876
0.265198 0.311951 -0.485876
0.262248 0.293387 -0.501890
0.262248 0.311951 -0.501890
0.260014 0.293387 -0.518162
0.260014 0.311951 -0.518162
0.258519 0.293387 -0.534645
0.258519 0.311951 -0.534645
0.257785 0.293387 -0.551289
0.257785 0.311951 -0.551289
0.257828 0.293387 -0.568040
0.257828 0.311951 -0.568040
0.258660 0.293387 -0.584846
0.258660 0.311951 -0.584846
0.260287 0.293387 -0.601650
0.260287 0.311951 -0.601650
0.262711 0.293387 -0.618396
0.262711 0.311951 -0.618396
0.265927 0.293387 -0.635027
0.265927 0.311951 -0.635027
0.269926 0.293387 -0.651488
0.269926 0.311951 -0.651488
0.274693 0.293387 -0.667723
0.274693 0.311951 -0.667723
0.280209 0.293387 -0.683679
0.280209 0.311951 -0.683679
0.286448 0.293387 -0.699306
0.286448 0.311951 -0.699306
0.293382 0.293387 -0.714555
0.293382 0.311951 -0.714555
0.300977 0.293387 -0.729383
0.300977 0.311951 -0.729383
0.309197 0.293387 -0.743747
0.309197 0.311951 -0.743747
0.318003 0.293387 -0.757612
0.318003 0.311951 -0.757612
0.327351 0.293387 -0.770945
0.327351 0.311951 -0.770945
0.337198 0.293387 -0.783718
0.337198 0.311951 -0.783718
0.347496 0.293387 -0.795907
0.347496 0.311951 -0.795907
0.358201 0.293387 -0.807493
0.358201 0.311951 -0.807493
0.369264 0.293387 -0.818463
0.369264 0.311951 -0.818463
0.380639 0.293387 -0.828807
0.380639 0.311951 -0.828807
0.392279 0.293387 -0.838518
0.392279 0.311951 -0.838518
0.404138 0.293387 -0.847595
0.404138 0.311951 -0.847595
0.416365 0.293387 -0.856170
0.416365 0.311951 -0.856170
0.429131 0.293387 -0.864344
0.429131 0.311951 -0.864344
0.442419 0.293387 -0.872076
0.442419 0.311951 -0.872076
0.456212 0.293387 -0.879321
0.456212 0.311951 -0.879321
0.470484 0.293387 -0.886039
0.470484 0.311951 -0.886039
0.485209 0.293387 -0.892189
0.485209 0.311951 -0.892189
0.500354 0.293387 -0.897732
0.500354 0.311951 -0.897732
0.515884 0.293387 -0.902630
0.515884 0.311951 -0.902630
0.531757 0.293387 -0.906851
0.531757 0.311951 -0.906851
0.547930 0.293387 -0.910364
0.547930 0.311951 -0.910364
0.564357 0.293387 -0.913141
0.564357 0.311951 -0.913141
0.580986 0.293387 -0.915160
0.580986 0.311951 -0.915160
0.597767 0.293387 -0.916403
0.597767 0.311951 -0.916403
0.614643 0.293387 -0.916857
0.614643 0.311951 -0.916857
0.631560 0.293387 -0.916513
0.631560 0.311951 -0.916513
0.648461 0.293387 -0.915369
0.648461 0.311951 -0.915369
0.665288 0.293387 -0.913427
0.665288 0.311951 -0.913427
0.681987 0.293387 -0.910695
0.681987 0.311951 -0.910695
0.698501 0.293387 -0.907186
0.698501 0.311951 -0.907186
0.714777 0.293387 -0.902918
0.714777 0.311951 -0.902918
0.730764 0.293387 -0.897914
0.730764 0.311951 -0.897914
0.746413 0.293387 -0.892202
0.746413 0.311951 -0.892202
0.761681 0.293387 -0.885812
0.761681 0.311951 -0.885812
0.776524 0.293387 -0.878780
0.776524 0.311951 -0.878780
0.790906 0.293387 -0.871145
0.790906 0.311951 -0.871145
0.804794 0.293387 -0.862945
0.804794 0.311951 -0.862945
0.818158 0.293387 -0.854225
0.818158 0.311951 -0.854225
0.830974 0.293387 -0.845028
0.830974 0.311951 -0.845028
0.843223 0.293387 -0.835400
0.843223 0.311951 -0.835400
0.854887 0.293387 -0.825385
0.854887 0.311951 -0.825385
0.865957 0.293387 -0.815029
0.865957 0.311951 -0.815029
0.876426 0.293387 -0.804378
0.876426 0.311951 -0.804378
0.876426 0.293387 -0.804378
0.876426 0.311951 -0.804378
0.883905 0.293387 -0.811428
0.883905 0.311951 -0.811428
0.883905 0.293387 -0.811428
0.883905 0.311951 -0.811428
0.873978 0.293387 -0.821562
0.873978 0.311951 -0.821562
0.863537 0.293387 -0.831425
0.863537 0.311951 -0.831425
0.852589 0.293387 -0.840983
0.852589 0.311951 -0.840983
0.841145 0.293387 -0.850200
0.841145 0.311951 -0.850200
0.829220 0.293387 -0.859041
0.829220 0.311951 -0.859041
0.816828 0.293387 -0.867472
0.816828 0.311951 -0.867472
0.803992 0.293387 -0.875459
0.803992 0.311951 -0.875459
0.790732 0.293387 -0.882970
0.790732 0.311951 -0.882970
0.777076 0.293387 -0.889974
0.777076 0.311951 -0.889974
0.763051 0.293387 -0.896441
0.763051 0.311951 -0.896441
0.748690 0.293387 -0.902345
0.748690 0.311951 -0.902345
0.734026 0.293387 -0.907661
0.734026 0.311951 -0.907661
0.719096 0.293387 -0.912368
0.719096 0.311951 -0.912368
0.703939 0.293387 -0.916446
0.703939 0.311951 -0.916446
0.688593 0.293387 -0.919880
0.688593 0.311951 -0.919880
0.673100 0.293387 -0.922659
0.673100 0.311951 -0.922659
0.657503 0.293387 -0.924773
0.657503 0.311951 -0.924773
0.641844 0.293387 -0.926218
0.641844 0.311951 -0.926218
0.626166 0.293387 -0.926993
0.626166 0.311951 -0.926993
0.610512 0.293387 -0.927100
0.610512 0.311951 -0.927100
0.594925 0.293387 -0.926544
0.594925 0.311951 -0.926544
0.579444 0.293387 -0.925337
0.579444 0.311951 -0.925337
0.564111 0.293387 -0.923490
0.564111 0.311951 -0.923490
0.548964 0.293387 -0.921019
0.548964 0.311951 -0.921019
0.534038 0.293387 -0.917944
0.534038 0.311951 -0.917944
0.519369 0.293387 -0.914286
0.519369 0.311951 -0.914286
0.504987 0.293387 -0.910068
0.504987 0.311951 -0.910068
0.490922 0.293387 -0.905317
0.490922 0.311951 -0.905317
0.477201 0.293387 -0.900061
0.477201 0.311951 -0.900061
0.463846 0.293387 -0.894328
0.463846 0.311951 -0.894328
0.450880 0.293387 -0.888148
0.450880 0.311951 -0.888148
0.438320 0.293387 -0.881553
0.438320 0.311951 -0.881553
0.426024 0.293387 -0.874480
0.426024 0.311951 -0.874480
0.413860 0.293387 -0.866841
0.413860 0.311951 -0.866841
0.401865 0.293387 -0.858636
0.401865 0.311951 -0.858636
0.390076 0.293387 -0.849865
0.390076 0.311951 -0.849865
0.378530 0.293387 -0.840533
0.378530 0.311951 -0.840533
0.367265 0.293387 -0.830648
0.367265 0.311951 -0.830648
0.356317 0.293387 -0.820220
0.356317 0.311951 -0.820220
0.345725 0.293387 -0.809264
0.345725 0.311951 -0.809264
0.335525 0.293387 -0.797796
0.335525 0.311951 -0.797796
0.325752 0.293387 -0.785838
0.325752 0.311951 -0.785838
0.316440 0.293387 -0.773413
0.316440 0.311951 -0.773413
0.307621 0.293387 -0.760548
0.307621 0.311951 -0.760548
0.299326 0.293387 -0.747272
0.299326 0.311951 -0.747272
0.291582 0.293387 -0.733619
0.291582 0.311951 -0.733619
0.284414 0.293387 -0.719622
0.284414 0.311951 -0.719622
0.277845 0.293387 -0.705318
0.277845 0.311951 -0.705318
0.271892 0.293387 -0.690748
0.271892 0.311951 -0.690748
0.266572 0.293387 -0.675949
0.266572 0.311951 -0.675949
0.261896 0.293387 -0.660965
0.261896 0.311951 -0.660965
0.257872 0.293387 -0.645837
0.257872 0.311951 -0.645837
0.254507 0.293387 -0.630607
0.254507 0.311951 -0.630607
0.251799 0.293387 -0.615318
0.251799 0.311951 -0.615318
0.249748 0.293387 -0.600011
0.249748 0.311951 -0.600011
0.248346 0.293387 -0.584727
0.248346 0.311951 -0.584727
0.247586 0.293387 -0.569507
0.247586 0.311951 -0.569507
0.247454 0.293387 -0.554388
0.247454 0.311951 -0.554388
0.247936 0.293387 -0.539409
0.247936 0.311951 -0.539409
0.249014 0.293387 -0.524602
0.249014 0.311951 -0.524602
0.250667 0.293387 -0.510002
0.250667 0.311951 -0.510002
0.252873 0.293387 -0.495637
0.252873 0.311951 -0.495637
0.255609 0.293387 -0.481537
0.255609 0.311951 -0.481537
0.258848 0.293387 -0.467726
0.258848 0.311951 -0.467726
0.258848 0.293387 -0.467726
0.258848 0.311951 -0.467726
0.244668 0.293387 -0.464111
0.244668 0.311951 -0.464111
0.244668 0.293387 -0.464111
0.244668 0.311951 -0.464111
0.248127 0.293387 -0.450545
0.248127 0.311951 -0.450545
0.248127 0.293387 -0.450545
0.248127 0.311951 -0.450545
0.262525 0.293387 -0.454360
0.262525 0.311951 -0.454360
0.262525 0.298028 -0.454360
0.262525 0.302669 -0.454360
0.262525 0.307310 -0.454360
0.262525 0.293387 -0.454360
0.268846 0.293387 -0.434959
0.276244 0.293387 -0.415908
0.284687 0.293387 -0.397297
0.294133 0.293387 -0.379210
0.303109 0.293387 -0.384219
0.296105 0.293387 -0.397409
0.289564 0.293387 -0.411084
0.283527 0.293387 -0.425224
0.278034 0.293387 -0.439803
0.273124 0.293387 -0.454794
0.268834 0.293387 -0.470164
0.265198 0.293387 -0.485876
0.262248 0.293387 -0.501890
0.260014 0.293387 -0.518162
0.258519 0.293387 -0.534645
0.257785 0.293387 -0.551289
0.257828 0.293387 -0.568040
0.258660 0.293387 -0.584846
0.260287 0.293387 -0.601650
0.262711 0.293387 -0.618396
0.265927 0.293387 -0.635027
0.269926 0.293387 -0.651488
0.274693 0.293387 -0.667723
0.280209 0.293387 -0.683679
0.286448 0.293387 -0.699306
0.293382 0.293387 -0.714555
0.300977 0.293387 -0.729383
0.309197 0.293387 -0.743747
0.318003 0.293387 -0.757612
0.327351 0.293387 -0.770945
0.337198 0.293387 -0.783718
0.347496 0.293387 -0.795907
0.358201 0.293387 -0.807493
0.369264 0.293387 -0.818463
0.380639 0.293387 -0.828807
0.392279 0.293387 -0.838518
0.404138 0.293387 -0.847595
0.416365 0.293387 -0.856170
0.429131 0.293387 -0.864344
0.442419 0.293387 -0.872076
0.456212 0.293387 -0.879321
0.470484 0.293387 -0.886039
0.485209 0.293387 -0.892189
0.500354 0.293387 -0.897732
0.515884 0.293387 -0.902630
0.531757 0.293387 -0.906851
0.547930 0.293387 -0.910364
0.564357 0.293387 -0.913141
0.580986 0.293387 -0.915160
0.597767 0.293387 -0.916403
0.614643 0.293387 -0.916857
0.631560 0.293387 -0.916513
0.648461 0.293387 -0.915369
0.665288 0.293387 -0.913427
0.681987 0.293387 -0.910695
0.698501 0.293387 -0.907186
0.714777 0.293387 -0.902918
0.730764 0.293387 -0.897914
0.746413 0.293387 -0.892202
0.761681 0.293387 -0.885812
0.776524 0.293387 -0.878780
0.790906 0.293387 -0.871145
0.804794 0.293387 -0.862945
0.818158 0.293387 -0.854225
0.830974 0.293387 -0.845028
0.843223 0.293387 -0.835400
0.854887 0.293387 -0.825385
0.865957 0.293387 -0.815029
0.876426 0.293387 -0.804378
0.883905 0.293387 -0.811428
0.873978 0.293387 -0.821562
0.863537 0.293387 -0.831425
0.852589 0.293387 -0.840983
0.841145 0.293387 -0.850200
0.829220 0.293387 -0.859041
0.816828 0.293387 -0.867472
0.803992 0.293387 -0.875459
0.790732 0.293387 -0.882970
0.777076 0.293387 -0.889974
0.763051 0.293387 -0.896441
0.748690 0.293387 -0.902345
0.734026 0.293387 -0.907661
0.719096 0.293387 -0.912368
0.703939 0.293387 -0.916446
0.688593 0.293387 -0.919880
0.673100 0.293387 -0.922659
0.657503 0.293387 -0.924773
0.641844 0.293387 -0.926218
0.626166 0.293387 -0.926993
0.610512 0.293387 -0.927100
0.594925 0.293387 -0.926544
0.579444 0.293387 -0.925337
0.564111 0.293387 -0.923490
0.548964 0.293387 -0.921019
0.534038 0.293387 -0.917944
0.519369 0.293387 -0.914286
0.504987 0.293387 -0.910068
0.490922 0.293387 -0.905317
0.477201 0.293387 -0.900061
0.463846 0.293387 -0.894328
0.450880 0.293387 -0.888148
0.438320 0.293387 -0.881553
0.426024 0.293387 -0.874480
0.413860 0.293387 -0.866841
0.401865 0.293387 -0.858636
0.390076 0.293387 -0.849865
0.378530 0.293387 -0.840533
0.367265 0.293387 -0.830648
0.356317 0.293387 -0.820220
0.345725 0.293387 -0.809264
0.335525 0.293387 -0.797796
0.325752 0.293387 -0.785838
0.316440 0.293387 -0.773413
0.307621 0.293387 -0.760548
0.299326 0.293387 -0.747272
0.291582 0.293387 -0.733619
0.284414 0.293387 -0.719622
0.277845 0.293387 -0.705318
0.271892 0.293387 -0.690748
0.266572 0.293387 -0.675949
0.261896 0.293387 -0.660965
0.257872 0.293387 -0.645837
0.254507 0.293387 -0.630607
0.251799 0.293387 -0.615318
0.249748 0.293387 -0.600011
0.248346 0.293387 -0.584727
0.247586 0.293387 -0.569507
0.247454 0.293387 -0.554388
0.247936 0.293387 -0.539409
0.249014 0.293387 -0.524602
0.250667 0.293387 -0.510002
0.252873 0.293387 -0.495637
0.255609 0.293387 -0.481537
0.258848 0.293387 -0.467726
0.244668 0.293387 -0.464111
0.248127 0.293387 -0.450545
0.262525 0.311951 -0.454360
0.268846 0.311951 -0.434959
0.276244 0.311951 -0.415908
0.284687 0.311951 -0.397297
0.294133 0.311951 -0.379210
0.303109 0.311951 -0.384219
0.296105 0.311951 -0.397409
0.289564 0.311951 -0.411084
0.283527 0.311951 -0.425224
0.278034 0.311951 -0.439803
0.273124 0.311951 -0.454794
0.268834 0.311951 -0.470164
0.265198 0.311951 -0.485876
0.262248 0.311951 -0.501890
0.260014 0.311951 -0.518162
0.258519 0.311951 -0.534645
0.257785 0.311951 -0.551289
0.257828 0.311951 -0.568040
0.258660 0.311951 -0.584846
0.260287 0.311951 -0.601650
0.262711 0.311951 -0.618396
0.265927 0.311951 -0.635027
0.269926 0.311951 -0.651488
0.274693 0.311951 -0.667723
0.280209 0.311951 -0.683679
0.286448 0.311951 -0.699306
0.293382 0.311951 -0.714555
0.300977 0.311951 -0.729383
0.309197 0.311951 -0.743747
0.318003 0.311951 -0.757612
0.327351 0.311951 -0.770945
0.337198 0.311951 -0.783718
0.347496 0.311951 -0.795907
0.358201 0.311951 -0.807493
0.369264 0.311951 -0.818463
0.380639 0.311951 -0.828807
0.392279 0.311951 -0.838518
0.404138 0.311951 -0.847595
0.416365 0.311951 -0.856170
0.429131 0.311951 -0.864344
0.442419 0.311951 -0.872076
0.456212 0.311951 -0.879321
0.470484 0.311951 -0.886039
0.485209 0.311951 -0.892189
0.500354 0.311951 -0.897732
0.515884 0.311951 -0.902630
0.531757 0.311951 -0.906851
0.547930 0.311951 -0.910364
0.564357 0.311951 -0.913141
0.580986 0.311951 -0.915160
0.597767 0.311951 -0.916403
0.614643 0.311951 -0.916857
0.631560 0.311951 -0.916513
0.648461 0.311951 -0.915369
0.665288 0.311951 -0.913427
0.681987 0.311951 -0.910695
0.698501 0.311951 -0.907186
0.714777 0.311951 -0.902918
0.730764 0.311951 -0.897914
0.746413 0.311951 -0.892202
0.761681 0.311951 -0.885812
0.776524 0.311951 -0.878780
0.790906 0.311951 -0.871145
0.804794 0.311951 -0.862945
0.818158 0.311951 -0.854225
0.830974 0.311951 -0.845028
0.843223 0.311951 -0.835400
0.854887 0.311951 -0.825385
0.865957 0.311951 -0.815029
0.876426 0.311951 -0.804378
0.883905 0.311951 -0.811428
0.873978 0.311951 -0.821562
0.863537 0.311951 -0.831425
0.852589 0.311951 -0.840983
0.841145 0.311951 -0.850200
0.829220 0.311951 -0.859041
0.816828 0.311951 -0.867472
0.803992 0.311951 -0.875459
0.790732 0.311951 -0.882970
0.777076 0.311951 -0.889974
0.763051 0.311951 -0.896441
0.748690 0.311951 -0.902345
0.734026 0.311951 -0.907661
0.719096 0.311951 -0.912368
0.703939 0.311951 -0.916446
0.688593 0.311951 -0.919880
0.673100 0.311951 -0.922659
0.657503 0.311951 -0.924773
0.641844 0.311951 -0.926218
0.626166 0.311951 -0.926993
0.610512 0.311951 -0.927100
0.594925 0.311951 -0.926544
0.579444 0.311951 -0.925337
0.564111 0.311951 -0.923490
0.548964 0.311951 -0.921019
0.534038 0.311951 -0.917944
0.519369 0.311951 -0.914286
0.504987 0.311951 -0.910068
0.490922 0.311951 -0.905317
0.477201 0.311951 -0.900061
0.463846 0.311951 -0.894328
0.450880 0.311951 -0.888148
0.438320 0.311951 -0.881553
0.426024 0.311951 -0.874480
0.413860 0.311951 -0.866841
0.401865 0.311951 -0.858636
0.390076 0.311951 -0.849865
0.378530 0.311951 -0.840533
0.367265 0.311951 -0.830648
0.356317 0.311951 -0.820220
0.345725 0.311951 -0.809264
0.335525 0.311951 -0.797796
0.325752 0.311951 -0.785838
0.316440 0.311951 -0.773413
0.307621 0.311951 -0.760548
0.299326 0.311951 -0.747272
0.291582 0.311951 -0.733619
0.284414 0.311951 -0.719622
0.277845 0.311951 -0.705318
0.271892 0.311951 -0.690748
0.266572 0.311951 -0.675949
0.261896 0.311951 -0.660965
0.257872 0.311951 -0.645837
0.254507 0.311951 -0.630607
0.251799 0.311951 -0.615318
0.249748 0.311951 -0.600011
0.248346 0.311951 -0.584727
0.247586 0.311951 -0.569507
0.247454 0.311951 -0.554388
0.247936 0.311951 -0.539409
0.249014 0.311951 -0.524602
0.250667 0.311951 -0.510002
0.252873 0.311951 -0.495637
0.255609 0.311951 -0.481537
0.258848 0.311951 -0.467726
0.244668 0.311951 -0.464111
0.248127 0.311951 -0.450545
1.072466 0.293387 -0.511076
1.072466 0.311951 -0.511076
1.086390 0.293387 -0.509623
1.086390 0.311951 -0.509623
0.969176 0.293387 -0.662960
0.969176 0.311951 -0.662960
0.966657 0.293387 -0.671149
0.966657 0.311951 -0.671149
0.963942 0.293387 -0.679294
0.963942 0.311951 -0.679294
0.961034 0.293387 -0.687385
0.961034 0.311951 -0.687385
0.957933 0.293387 -0.695418
0.957933 0.311951 -0.695418
0.954642 0.293387 -0.703385
0.954642 0.311951 -0.703385
0.951162 0.293387 -0.711279
0.951162 0.311951 -0.711279
0.947496 0.293387 -0.719093
0.947496 0.311951 -0.719093
0.943647 0.293387 -0.726822
0.943647 0.311951 -0.726822
0.939618 0.293387 -0.734459
0.939618 0.311951 -0.734459
0.935412 0.293387 -0.741996
0.935412 0.311951 -0.741996
0.931033 0.293387 -0.749429
0.931033 0.311951 -0.749429
0.926485 0.293387 -0.756752
0.926485 0.311951 -0.756752
0.921773 0.293387 -0.763958
0.921773 0.311951 -0.763958
0.916900 0.293387 -0.771043
0.916900 0.311951 -0.771043
0.911871 0.293387 -0.778001
0.911871 0.311951 -0.778001
0.906692 0.293387 -0.784826
0.906692 0.311951 -0.784826
0.906692 0.293387 -0.784826
0.906692 0.311951 -0.784826
0.898576 0.293387 -0.778518
0.898576 0.311951 -0.778518
0.898576 0.293387 -0.778518
0.898576 0.311951 -0.778518
0.903832 0.293387 -0.771585
0.903832 0.311951 -0.771585
0.908940 0.293387 -0.764493
0.908940 0.311951 -0.764493
0.913895 0.293387 -0.757247
0.913895 0.311951 -0.757247
0.918689 0.293387 -0.749852
0.918689 0.311951 -0.749852
0.923317 0.293387 -0.742314
0.923317 0.311951 -0.742314
0.927773 0.293387 -0.734636
0.927773 0.311951 -0.734636
0.932050 0.293387 -0.726826
0.932050 0.311951 -0.726826
0.936142 0.293387 -0.718889
0.936142 0.311951 -0.718889
0.940045 0.293387 -0.710833
0.940045 0.311951 -0.710833
0.943754 0.293387 -0.702663
0.943754 0.311951 -0.702663
0.947263 0.293387 -0.694387
0.947263 0.311951 -0.694387
0.950568 0.293387 -0.686013
0.950568 0.311951 -0.686013
0.953665 0.293387 -0.677547
0.953665 0.311951 -0.677547
0.956551 0.293387 -0.668998
0.956551 0.311951 -0.668998
0.959223 0.293387 -0.660373
0.959223 0.311951 -0.660373
0.961676 0.293387 -0.651681
0.961676 0.311951 -0.651681
0.963910 0.293387 -0.642929
0.963910 0.311951 -0.642929
0.965922 0.293387 -0.634127
0.965922 0.311951 -0.634127
0.967710 0.293387 -0.625283
0.967710 0.311951 -0.625283
0.969274 0.293387 -0.616405
0.969274 0.311951 -0.616405
0.970612 0.293387 -0.607502
0.970612 0.311951 -0.607502
0.971724 0.293387 -0.598582
0.971724 0.311951 -0.598582
0.972610 0.293387 -0.589654
0.972610 0.311951 -0.589654
0.973271 0.293387 -0.580726
0.973271 0.311951 -0.580726
0.973708 0.293387 -0.571807
0.973708 0.311951 -0.571807
0.973923 0.293387 -0.562905
0.973923 0.311951 -0.562905
0.973916 0.293387 -0.554029
0.973916 0.311951 -0.554029
0.973690 0.293387 -0.545185
0.973690 0.311951 -0.545185
0.973248 0.293387 -0.536383
0.973248 0.311951 -0.536383
0.972593 0.293387 -0.527630
0.972593 0.311951 -0.527630
0.971728 0.293387 -0.518933
0.971728 0.311951 -0.518933
0.970656 0.293387 -0.510299
0.970656 0.311951 -0.510299
0.970656 0.293387 -0.510299
0.970656 0.311951 -0.510299
0.980840 0.293387 -0.508909
0.980840 0.311951 -0.508909
0.980840 0.293387 -0.508909
0.980840 0.311951 -0.508909
0.981928 0.293387 -0.517656
0.981928 0.311951 -0.517656
0.982807 0.293387 -0.526444
0.982807 0.311951 -0.526444
0.983477 0.293387 -0.535267
0.983477 0.311951 -0.535267
0.983935 0.293387 -0.544115
0.983935 0.311951 -0.544115
0.984181 0.293387 -0.552983
0.984181 0.311951 -0.552983
0.984212 0.293387 -0.561861
0.984212 0.311951 -0.561861
0.984030 0.293387 -0.570743
0.984030 0.311951 -0.570743
0.983633 0.293387 -0.579620
0.983633 0.311951 -0.579620
0.983023 0.293387 -0.588486
0.983023 0.311951 -0.588486
0.982199 0.293387 -0.597331
0.982199 0.311951 -0.597331
0.981162 0.293387 -0.606149
0.981162 0.311951 -0.606149
0.979915 0.293387 -0.614932
0.979915 0.311951 -0.614932
0.978458 0.293387 -0.623672
0.978458 0.311951 -0.623672
0.976794 0.293387 -0.632361
0.976794 0.311951 -0.632361
0.974926 0.293387 -0.640994
0.974926 0.311951 -0.640994
0.972855 0.293387 -0.649561
0.972855 0.311951 -0.649561
0.972855 0.293387 -0.649561
0.972855 0.311951 -0.649561
1.061859 0.293387 -0.667582
1.061859 0.311951 -0.667582
1.061859 0.293387 -0.667582
1.061859 0.311951 -0.667582
1.064083 0.293387 -0.658025
1.064083 0.311951 -0.658025
1.066105 0.293387 -0.648407
1.066105 0.311951 -0.648407
1.067924 0.293387 -0.638735
1.067924 0.311951 -0.638735
1.069537 0.293387 -0.629014
1.069537 0.311951 -0.629014
1.070942 0.293387 -0.619253
1.070942 0.311951 -0.619253
1.072137 0.293387 -0.609456
1.072137 0.311951 -0.609456
1.073122 0.293387 -0.599631
1.073122 0.311951 -0.599631
1.073896 0.293387 -0.589786
1.073896 0.311951 -0.589786
1.074458 0.293387 -0.579926
1.074458 0.311951 -0.579926
1.074807 0.293387 -0.570058
1.074807 0.311951 -0.570058
1.074945 0.293387 -0.560190
1.074945 0.311951 -0.560190
1.074870 0.293387 -0.550328
1.074870 0.311951 -0.550328
1.074584 0.293387 -0.540479
1.074584 0.311951 -0.540479
1.074087 0.293387 -0.530649
1.074087 0.311951 -0.530649
1.073380 0.293387 -0.520846
1.073380 0.311951 -0.520846
1.072466 0.293387 -0.511076
1.072466 0.311951 -0.511076
1.075598 0.311951 -0.670334
1.074758 0.311951 -0.673738
1.073893 0.311951 -0.677137
1.073003 0.311951 -0.680528
1.072089 0.311951 -0.683909
1.074758 0.307310 -0.673738
1.073893 0.307310 -0.677137
1.073003 0.307310 -0.680528
1.072089 0.307310 -0.683909
1.074758 0.302669 -0.673738
1.073893 0.302669 -0.677137
1.073003 0.302669 -0.680528
1.072089 0.302669 -0.683909
1.074758 0.298028 -0.673738
1.073893 0.298028 -0.677137
1.073003 0.298028 -0.680528
1.072089 0.298028 -0.683909
1.075598 0.293387 -0.670334
1.074758 0.293387 -0.673738
1.073893 0.293387 -0.677137
1.073003 0.293387 -0.680528
1.072089 0.293387 -0.683909
1.075598 0.308857 -0.670334
1.075598 0.305763 -0.670334
1.075598 0.302669 -0.670334
1.075598 0.299575 -0.670334
1.075598 0.296481 -0.670334
1.072089 0.293387 -0.683909
1.072089 0.311951 -0.683909
0.969176 0.293387 -0.662960
0.969176 0.311951 -0.662960
1.072089 0.307310 -0.683909
1.072089 0.302669 -0.683909
1.072089 0.298028 -0.683909
1.072466 0.293387 -0.511076
1.086390 0.293387 -0.509623
1.087334 0.293387 -0.519704
1.088062 0.293387 -0.529813
1.088573 0.293387 -0.539942
1.088868 0.293387 -0.550085
1.088944 0.293387 -0.560235
1.088804 0.293387 -0.570384
1.088445 0.293387 -0.580526
1.087869 0.293387 -0.590653
1.087077 0.293387 -0.600759
1.086070 0.293387 -0.610837
1.084848 0.293387 -0.620880
1.083415 0.293387 -0.630880
1.081770 0.293387 -0.640833
1.079918 0.293387 -0.650730
1.077859 0.293387 -0.660566
1.075598 0.293387 -0.670334
0.969176 0.293387 -0.662960
0.966657 0.293387 -0.671149
0.963942 0.293387 -0.679294
0.961034 0.293387 -0.687385
0.957933 0.293387 -0.695418
0.954642 0.293387 -0.703385
0.951162 0.293387 -0.711279
0.947496 0.293387 -0.719093
0.943647 0.293387 -0.726822
0.939618 0.293387 -0.734459
0.935412 0.293387 -0.741996
0.931033 0.293387 -0.749429
0.926485 0.293387 -0.756752
0.921773 0.293387 -0.763958
0.916900 0.293387 -0.771043
0.911871 0.293387 -0.778001
0.906692 0.293387 -0.784826
0.898576 0.293387 -0.778518
0.903832 0.293387 -0.771585
0.908940 0.293387 -0.764493
0.913895 0.293387 -0.757247
0.918689 0.293387 -0.749852
0.923317 0.293387 -0.742314
0.927773 0.293387 -0.734636
0.932050 0.293387 -0.726826
0.936142 0.293387 -0.718889
0.940045 0.293387 -0.710833
0.943754 0.293387 -0.702663
0.947263 0.293387 -0.694387
0.950568 0.293387 -0.686013
0.953665 0.293387 -0.677547
0.956551 0.293387 -0.668998
0.959223 0.293387 -0.660373
0.961676 0.293387 -0.651681
0.963910 0.293387 -0.642929
0.965922 0.293387 -0.634127
0.967710 0.293387 -0.625283
0.969274 0.293387 -0.616405
0.970612 0.293387 -0.607502
0.971724 0.293387 -0.598582
0.972610 0.293387 -0.589654
0.973271 0.293387 -0.580726
0.973708 0.293387 -0.571807
0.973923 0.293387 -0.562905
0.973916 0.293387 -0.554029
0.973690 0.293387 -0.545185
0.973248 0.293387 -0.536383
0.972593 0.293387 -0.527630
0.971728 0.293387 -0.518933
0.970656 0.293387 -0.510299
0.980840 0.293387 -0.508909
0.981928 0.293387 -0.517656
0.982807 0.293387 -0.526444
0.983477 0.293387 -0.535267
0.983935 0.293387 -0.544115
0.984181 0.293387 -0.552983
0.984212 0.293387 -0.561861
0.984030 0.293387 -0.570743
0.983633 0.293387 -0.579620
0.983023 0.293387 -0.588486
0.982199 0.293387 -0.597331
0.981162 0.293387 -0.606149
0.979915 0.293387 -0.614932
0.978458 0.293387 -0.623672
0.976794 0.293387 -0.632361
0.974926 0.293387 -0.640994
0.972855 0.293387 -0.649561
1.061859 0.293387 -0.667582
1.064083 0.293387 -0.658025
1.066105 0.293387 -0.648407
1.067924 0.293387 -0.638735
1.069537 0.293387 -0.629014
1.070942 0.293387 -0.619253
1.072137 0.293387 -0.609456
1.073122 0.293387 -0.599631
1.073896 0.293387 -0.589786
1.074458 0.293387 -0.579926
1.074807 0.293387 -0.570058
1.074945 0.293387 -0.560190
1.074870 0.293387 -0.550328
1.074584 0.293387 -0.540479
1.074087 0.293387 -0.530649
1.073380 0.293387 -0.520846
1.074758 0.293387 -0.673738
1.073893 0.293387 -0.677137
1.073003 0.293387 -0.680528
1.072089 0.293387 -0.683909
1.072466 0.311951 -0.511076
1.086390 0.311951 -0.509623
1.087334 0.311951 -0.519704
1.088062 0.311951 -0.529813
1.088573 0.311951 -0.539942
1.088868 0.311951 -0.550085
1.088944 0.311951 -0.560235
1.088804 0.311951 -0.570384
1.088445 0.311951 -0.580526
1.087869 0.311951 -0.590653
1.087077 0.311951 -0.600759
1.086070 0.311951 -0.610837
1.084848 0.311951 -0.620880
1.083415 0.311951 -0.630880
1.081770 0.311951 -0.640833
1.079918 0.311951 -0.650730
1.077859 0.311951 -0.660566
1.075598 0.311951 -0.670334
0.969176 0.311951 -0.662960
0.966657 0.311951 -0.671149
0.963942 0.311951 -0.679294
0.961034 0.311951 -0.687385
0.957933 0.311951 -0.695418
0.954642 0.311951 -0.703385
0.951162 0.311951 -0.711279
0.947496 0.311951 -0.719093
0.943647 0.311951 -0.726822
0.939618 0.311951 -0.734459
0.935412 0.311951 -0.741996
0.931033 0.311951 -0.749429
0.926485 0.311951 -0.756752
0.921773 0.311951 -0.763958
0.916900 0.311951 -0.771043
0.911871 0.311951 -0.778001
0.906692 0.311951 -0.784826
0.898576 0.311951 -0.778518
0.903832 0.311951 -0.771585
0.908940 0.311951 -0.764493
0.913895 0.311951 -0.757247
0.918689 0.311951 -0.749852
0.923317 0.311951 -0.742314
0.927773 0.311951 -0.734636
0.932050 0.311951 -0.726826
0.936142 0.311951 -0.718889
0.940045 0.311951 -0.710833
0.943754 0.311951 -0.702663
0.947263 0.311951 -0.694387
0.950568 0.311951 -0.686013
0.953665 0.311951 -0.677547
0.956551 0.311951 -0.668998
0.959223 0.311951 -0.660373
0.961676 0.311951 -0.651681
0.963910 0.311951 -0.642929
0.965922 0.311951 -0.634127
0.967710 0.311951 -0.625283
0.969274 0.311951 -0.616405
0.970612 0.311951 -0.607502
0.971724 0.311951 -0.598582
0.972610 0.311951 -0.589654
0.973271 0.311951 -0.580726
0.973708 0.311951 -0.571807
0.973923 0.311951 -0.562905
0.973916 0.311951 -0.554029
0.973690 0.311951 -0.545185
0.973248 0.311951 -0.536383
0.972593 0.311951 -0.527630
0.971728 0.311951 -0.518933
0.970656 0.311951 -0.510299
0.980840 0.311951 -0.508909
0.981928 0.311951 -0.517656
0.982807 0.311951 -0.526444
0.983477 0.311951 -0.535267
0.983935 0.311951 -0.544115
0.984181 0.311951 -0.552983
0.984212 0.311951 -0.561861
0.984030 0.311951 -0.570743
0.983633 0.311951 -0.579620
0.983023 0.311951 -0.588486
0.982199 0.311951 -0.597331
0.981162 0.311951 -0.606149
0.979915 0.311951 -0.614932
0.978458 0.311951 -0.623672
0.976794 0.311951 -0.632361
0.974926 0.311951 -0.640994
0.972855 0.311951 -0.649561
1.061859 0.311951 -0.667582
1.064083 0.311951 -0.658025
1.066105 0.311951 -0.648407
1.067924 0.311951 -0.638735
1.069537 0.311951 -0.629014
1.070942 0.311951 -0.619253
1.072137 0.311951 -0.609456
1.073122 0.311951 -0.599631
1.073896 0.311951 -0.589786
1.074458 0.311951 -0.579926
1.074807 0.311951 -0.570058
1.074945 0.311951 -0.560190
1.074870 0.311951 -0.550328
1.074584 0.311951 -0.540479
1.074087 0.311951 -0.530649
1.073380 0.311951 -0.520846
1.074758 0.311951 -0.673738
1.073893 0.311951 -0.677137
1.073003 0.311951 -0.680528
1.072089 0.311951 -0.683909
1.086390 0.311951 -0.509623
1.087334 0.311951 -0.519704
1.088062 0.311951 -0.529813
1.088573 0.311951 -0.539942
1.088868 0.311951 -0.550085
1.088944 0.311951 -0.560235
1.088804 0.311951 -0.570384
1.088445 0.311951 -0.580526
1.087869 0.311951 -0.590653
1.087077 0.311951 -0.600759
1.086070 0.311951 -0.610837
1.084848 0.311951 -0.620880
1.083415 0.311951 -0.630880
1.081770 0.311951 -0.640833
1.079918 0.311951 -0.650730
1.077859 0.311951 -0.660566
1.075598 0.311951 -0.670334
1.086390 0.293387 -0.509623
1.087334 0.293387 -0.519704
1.088062 0.293387 -0.529813
1.088573 0.293387 -0.539942
1.088868 0.293387 -0.550085
1.088944 0.293387 -0.560235
1.088804 0.293387 -0.570384
1.088445 0.293387 -0.580526
1.087869 0.293387 -0.590653
1.087077 0.293387 -0.600759
1.086070 0.293387 -0.610837
1.084848 0.293387 -0.620880
1.083415 0.293387 -0.630880
1.081770 0.293387 -0.640833
1.079918 0.293387 -0.650730
1.077859 0.293387 -0.660566
1.075598 0.293387 -0.670334
1.075598 0.296481 -0.670334
1.075598 0.299575 -0.670334
1.075598 0.302669 -0.670334
1.075598 0.305763 -0.670334
1.075598 0.308857 -0.670334
1.072466 0.412675 -0.511076
1.072466 0.431491 -0.511076
1.086390 0.412675 -0.509623
1.086390 0.431491 -0.509623
0.969176 0.412675 -0.662960
0.969176 0.431491 -0.662960
0.966657 0.412675 -0.671149
0.966657 0.431491 -0.671149
0.963942 0.412675 -0.679294
0.963942 0.431491 -0.679294
0.961034 0.412675 -0.687385
0.961034 0.431491 -0.687385
0.957933 0.412675 -0.695418
0.957933 0.431491 -0.695418
0.954642 0.412675 -0.703385
0.954642 0.431491 -0.703385
0.951162 0.412675 -0.711279
0.951162 0.431491 -0.711279
0.947496 0.412675 -0.719093
0.947496 0.431491 -0.719093
0.943647 0.412675 -0.726822
0.943647 0.431491 -0.726822
0.939618 0.412675 -0.734459
0.939618 0.431491 -0.734459
0.935412 0.412675 -0.741996
0.935412 0.431491 -0.741996
0.931033 0.412675 -0.749429
0.931033 0.431491 -0.749429
0.926485 0.412675 -0.756752
0.926485 0.431491 -0.756752
0.921773 0.412675 -0.763958
0.921773 0.431491 -0.763958
0.916900 0.412675 -0.771043
0.916900 0.431491 -0.771043
0.911871 0.412675 -0.778001
0.911871 0.431491 -0.778001
0.906692 0.412675 -0.784826
0.906692 0.431491 -0.784826
0.906692 0.412675 -0.784826
0.906692 0.431491 -0.784826
0.898576 0.412675 -0.778518
0.898576 0.431491 -0.778518
0.898576 0.412675 -0.778518
0.898576 0.431491 -0.778518
0.903832 0.412675 -0.771585
0.903832 0.431491 -0.771585
0.908940 0.412675 -0.764493
0.908940 0.431491 -0.764493
0.913895 0.412675 -0.757247
0.913895 0.431491 -0.757247
0.918689 0.412675 -0.749852
0.918689 0.431491 -0.749852
0.923317 0.412675 -0.742314
0.923317 0.431491 -0.742314
0.927773 0.412675 -0.734636
0.927773 0.431491 -0.734636
0.932050 0.412675 -0.726826
0.932050 0.431491 -0.726826
0.936142 0.412675 -0.718889
0.936142 0.431491 -0.718889
0.940045 0.412675 -0.710833
0.940045 0.431491 -0.710833
0.943754 0.412675 -0.702663
0.943754 0.431491 -0.702663
0.947263 0.412675 -0.694387
0.947263 0.431491 -0.694387
0.950568 0.412675 -0.686013
0.950568 0.431491 -0.686013
0.953665 0.412675 -0.677547
0.953665 0.431491 -0.677547
0.956551 0.412675 -0.668998
0.956551 0.431491 -0.668998
0.959223 0.412675 -0.660373
0.959223 0.431491 -0.660373
0.961676 0.412675 -0.651681
0.961676 0.431491 -0.651681
0.963910 0.412675 -0.642929
0.963910 0.431491 -0.642929
0.965922 0.412675 -0.634127
0.965922 0.431491 -0.634127
0.967710 0.412675 -0.625283
0.967710 0.431491 -0.625283
0.969274 0.412675 -0.616405
0.969274 0.431491 -0.616405
0.970612 0.412675 -0.607502
0.970612 0.431491 -0.607502
0.971724 0.412675 -0.598582
0.971724 0.431491 -0.598582
0.972610 0.412675 -0.589654
0.972610 0.431491 -0.589654
0.973271 0.412675 -0.580726
0.973271 0.431491 -0.580726
0.973708 0.412675 -0.571807
0.973708 0.431491 -0.571807
0.973923 0.412675 -0.562905
0.973923 0.431491 -0.562905
0.973916 0.412675 -0.554029
0.973916 0.431491 -0.554029
0.973690 0.412675 -0.545185
0.973690 0.431491 -0.545185
0.973248 0.412675 -0.536383
0.973248 0.431491 -0.536383
0.972593 0.412675 -0.527630
0.972593 0.431491 -0.527630
0.971728 0.412675 -0.518933
0.971728 0.431491 -0.518933
0.970656 0.412675 -0.510299
0.970656 0.431491 -0.510299
0.970656 0.412675 -0.510299
0.970656 0.431491 -0.510299
0.980840 0.412675 -0.508909
0.980840 0.431491 -0.508909
0.980840 0.412675 -0.508909
0.980840 0.431491 -0.508909
0.981928 0.412675 -0.517656
0.981928 0.431491 -0.517656
0.982807 0.412675 -0.526444
0.982807 0.431491 -0.526444
0.983477 0.412675 -0.535267
0.983477 0.431491 -0.535267
0.983935 0.412675 -0.544115
0.983935 0.431491 -0.544115
0.984181 0.412675 -0.552983
0.984181 0.431491 -0.552983
0.984212 0.412675 -0.561861
0.984212 0.431491 -0.561861
0.984030 0.412675 -0.570743
0.984030 0.431491 -0.570743
0.983633 0.412675 -0.579620
0.983633 0.431491 -0.579620
0.983023 0.412675 -0.588486
0.983023 0.431491 -0.588486
0.982199 0.412675 -0.597331
0.982199 0.431491 -0.597331
0.981162 0.412675 -0.606149
0.981162 0.431491 -0.606149
0.979915 0.412675 -0.614932
0.979915 0.431491 -0.614932
0.978458 0.412675 -0.623672
0.978458 0.431491 -0.623672
0.976794 0.412675 -0.632361
0.976794 0.431491 -0.632361
0.974926 0.412675 -0.640994
0.974926 0.431491 -0.640994
0.972855 0.412675 -0.649561
0.972855 0.431491 -0.649561
0.972855 0.412675 -0.649561
0.972855 0.431491 -0.649561
1.061859 0.412675 -0.667582
1.061859 0.431491 -0.667582
1.061859 0.412675 -0.667582
1.061859 0.431491 -0.667582
1.064083 0.412675 -0.658025
1.064083 0.431491 -0.658025
1.066105 0.412675 -0.648407
1.066105 0.431491 -0.648407
1.067924 0.412675 -0.638735
1.067924 0.431491 -0.638735
1.069537 0.412675 -0.629014
1.069537 0.431491 -0.629014
1.070942 0.412675 -0.619253
1.070942 0.431491 -0.619253
1.072137 0.412675 -0.609456
1.072137 0.431491 -0.609456
1.073122 0.412675 -0.599631
1.073122 0.431491 -0.599631
1.073896 0.412675 -0.589786
1.073896 0.431491 -0.589786
1.074458 0.412675 -0.579926
1.074458 0.431491 -0.579926
1.074807 0.412675 -0.570058
1.074807 0.431491 -0.570058
1.074945 0.412675 -0.560190
1.074945 0.431491 -0.560190
1.074870 0.412675 -0.550328
1.074870 0.431491 -0.550328
1.074584 0.412675 -0.540479
1.074584 0.431491 -0.540479
1.074087 0.412675 -0.530649
1.074087 0.431491 -0.530649
1.073380 0.412675 -0.520846
1.073380 0.431491 -0.520846
1.072466 0.412675 -0.511076
1.072466 0.431491 -0.511076
1.075598 0.431491 -0.670334
1.074758 0.431491 -0.673738
1.073893 0.431491 -0.677137
1.073003 0.431491 -0.680528
1.072089 0.431491 -0.683909
1.074758 0.426787 -0.673738
1.073893 0.426787 -0.677137
1.073003 0.426787 -0.680528
1.072089 0.426787 -0.683909
1.074758 0.422083 -0.673738
1.073893 0.422083 -0.677137
1.073003 0.422083 -0.680528
1.072089 0.422083 -0.683909
1.074758 0.417379 -0.673738
1.073893 0.417379 -0.677137
1.073003 0.417379 -0.680528
1.072089 0.417379 -0.683909
1.075598 0.412675 -0.670334
1.074758 0.412675 -0.673738
1.073893 0.412675 -0.677137
1.073003 0.412675 -0.680528
1.072089 0.412675 -0.683909
1.075598 0.428355 -0.670334
1.075598 0.425219 -0.670334
1.075598 0.422083 -0.670334
1.075598 0.418947 -0.670334
1.075598 0.415811 -0.670334
1.072089 0.412675 -0.683909
1.072089 0.431491 -0.683909
0.969176 0.412675 -0.662960
0.969176 0.431491 -0.662960
1.072089 0.426787 -0.683909
1.072089 0.422083 -0.683909
1.072089 0.417379 -0.683909
1.072466 0.412675 -0.511076
1.086390 0.412675 -0.509623
1.087334 0.412675 -0.519704
1.088062 0.412675 -0.529813
1.088573 0.412675 -0.539942
1.088868 0.412675 -0.550085
1.088944 0.412675 -0.560235
1.088804 0.412675 -0.570384
1.088445 0.412675 -0.580526
1.087869 0.412675 -0.590653
1.087077 0.412675 -0.600759
1.086070 0.412675 -0.610837
1.084848 0.412675 -0.620880
1.083415 0.412675 -0.630880
1.081770 0.412675 -0.640833
1.079918 0.412675 -0.650730
1.077859 0.412675 -0.660566
1.075598 0.412675 -0.670334
0.969176 0.412675 -0.662960
0.966657 0.412675 -0.671149
0.963942 0.412675 -0.679294
0.961034 0.412675 -0.687385
0.957933 0.412675 -0.695418
0.954642 0.412675 -0.703385
0.951162 0.412675 -0.711279
0.947496 0.412675 -0.719093
0.943647 0.412675 -0.726822
0.939618 0.412675 -0.734459
0.935412 0.412675 -0.741996
0.931033 0.412675 -0.749429
0.926485 0.412675 -0.756752
0.921773 0.412675 -0.763958
0.916900 0.412675 -0.771043
0.911871 0.412675 -0.778001
0.906692 0.412675 -0.784826
0.898576 0.412675 -0.778518
0.903832 0.412675 -0.771585
0.908940 0.412675 -0.764493
0.913895 0.412675 -0.757247
0.918689 0.412675 -0.749852
0.923317 0.412675 -0.742314
0.927773 0.412675 -0.734636
0.932050 0.412675 -0.726826
0.936142 0.412675 -0.718889
0.940045 0.412675 -0.710833
0.943754 0.412675 -0.702663
0.947263 0.412675 -0.694387
0.950568 0.412675 -0.686013
0.953665 0.412675 -0.677547
0.956551 0.412675 -0.668998
0.959223 0.412675 -0.660373
0.961676 0.412675 -0.651681
0.963910 0.412675 -0.642929
0.965922 0.412675 -0.634127
0.967710 0.412675 -0.625283
0.969274 0.412675 -0.616405
0.970612 0.412675 -0.607502
0.971724 0.412675 -0.598582
0.972610 0.412675 -0.589654
0.973271 0.412675 -0.580726
0.973708 0.412675 -0.571807
0.973923 0.412675 -0.562905
0.973916 0.412675 -0.554029
0.973690 0.412675 -0.545185
0.973248 0.412675 -0.536383
0.972593 0.412675 -0.527630
0.971728 0.412675 -0.518933
0.970656 0.412675 -0.510299
0.980840 0.412675 -0.508909
0.981928 0.412675 -0.517656
0.982807 0.412675 -0.526444
0.983477 0.412675 -0.535267
0.983935 0.412675 -0.544115
0.984181 0.412675 -0.552983
0.984212 0.412675 -0.561861
0.984030 0.412675 -0.570743
0.983633 0.412675 -0.579620
0.983023 0.412675 -0.588486
0.982199 0.412675 -0.597331
0.981162 0.412675 -0.606149
0.979915 0.412675 -0.614932
0.978458 0.412675 -0.623672
0.976794 0.412675 -0.632361
0.974926 0.412675 -0.640994
0.972855 0.412675 -0.649561
1.061859 0.412675 -0.667582
1.064083 0.412675 -0.658025
1.066105 0.412675 -0.648407
1.067924 0.412675 -0.638735
1.069537 0.412675 -0.629014
1.070942 0.412675 -0.619253
1.072137 0.412675 -0.609456
1.073122 0.412675 -0.599631
1.073896 0.412675 -0.589786
1.074458 0.412675 -0.579926
1.074807 0.412675 -0.570058
1.074945 0.412675 -0.560190
1.074870 0.412675 -0.550328
1.074584 0.412675 -0.540479
1.074087 0.412675 -0.530649
1.073380 0.412675 -0.520846
1.074758 0.412675 -0.673738
1.073893 0.412675 -0.677137
1.073003 0.412675 -0.680528
1.072089 0.412675 -0.683909
1.072466 0.431491 -0.511076
1.086390 0.431491 -0.509623
1.087334 0.431491 -0.519704
1.088062 0.431491 -0.529813
1.088573 0.431491 -0.539942
1.088868 0.431491 -0.550085
1.088944 0.431491 -0.560235
1.088804 0.431491 -0.570384
1.088445 0.431491 -0.580526
1.087869 0.431491 -0.590653
1.087077 0.431491 -0.600759
1.086070 0.431491 -0.610837
1.084848 0.431491 -0.620880
1.083415 0.431491 -0.630880
1.081770 0.431491 -0.640833
1.079918 0.431491 -0.650730
1.077859 0.431491 -0.660566
1.075598 0.431491 -0.670334
0.969176 0.431491 -0.662960
0.966657 0.431491 -0.671149
0.963942 0.431491 -0.679294
0.961034 0.431491 -0.687385
0.957933 0.431491 -0.695418
0.954642 0.431491 -0.703385
0.951162 0.431491 -0.711279
0.947496 0.431491 -0.719093
0.943647 0.431491 -0.726822
0.939618 0.431491 -0.734459
0.935412 0.431491 -0.741996
0.931033 0.431491 -0.749429
0.926485 0.431491 -0.756752
0.921773 0.431491 -0.763958
0.916900 0.431491 -0.771043
0.911871 0.431491 -0.778001
0.906692 0.431491 -0.784826
0.898576 0.431491 -0.778518
0.903832 0.431491 -0.771585
0.908940 0.431491 -0.764493
0.913895 0.431491 -0.757247
0.918689 0.431491 -0.749852
0.923317 0.431491 -0.742314
0.927773 0.431491 -0.734636
0.932050 0.431491 -0.726826
0.936142 0.431491 -0.718889
0.940045 0.431491 -0.710833
0.943754 0.431491 -0.702663
0.947263 0.431491 -0.694387
0.950568 0.431491 -0.686013
0.953665 0.431491 -0.677547
0.956551 0.431491 -0.668998
0.959223 0.431491 -0.660373
0.961676 0.431491 -0.651681
0.963910 0.431491 -0.642929
0.965922 0.431491 -0.634127
0.967710 0.431491 -0.625283
0.969274 0.431491 -0.616405
0.970612 0.431491 -0.607502
0.971724 0.431491 -0.598582
0.972610 0.431491 -0.589654
0.973271 0.431491 -0.580726
0.973708 0.431491 -0.571807
0.973923 0.431491 -0.562905
0.973916 0.431491 -0.554029
0.973690 0.431491 -0.545185
0.973248 0.431491 -0.536383
0.972593 0.431491 -0.527630
0.971728 0.431491 -0.518933
0.970656 0.431491 -0.510299
0.980840 0.431491 -0.508909
0.981928 0.431491 -0.517656
0.982807 0.431491 -0.526444
0.983477 0.431491 -0.535267
0.983935 0.431491 -0.544115
0.984181 0.431491 -0.552983
0.984212 0.431491 -0.561861
0.984030 0.431491 -0.570743
0.983633 0.431491 -0.579620
0.983023 0.431491 -0.588486
0.982199 0.431491 -0.597331
0.981162 0.431491 -0.606149
0.979915 0.431491 -0.614932
0.978458 0.431491 -0.623672
0.976794 0.431491 -0.632361
0.974926 0.431491 -0.640994
0.972855 0.431491 -0.649561
1.061859 0.431491 -0.667582
1.064083 0.431491 -0.658025
1.066105 0.431491 -0.648407
1.067924 0.431491 -0.638735
1.069537 0.431491 -0.629014
1.070942 0.431491 -0.619253
1.072137 0.431491 -0.609456
1.073122 0.431491 -0.599631
1.073896 0.431491 -0.589786
1.074458 0.431491 -0.579926
1.074807 0.431491 -0.570058
1.074945 0.431491 -0.560190
1.074870 0.431491 -0.550328
1.074584 0.431491 -0.540479
1.074087 0.431491 -0.530649
1.073380 0.431491 -0.520846
1.074758 0.431491 -0.673738
1.073893 0.431491 -0.677137
1.073003 0.431491 -0.680528
1.072089 0.431491 -0.683909
1.086390 0.431491 -0.509623
1.087334 0.431491 -0.519704
1.088062 0.431491 -0.529813
1.088573 0.431491 -0.539942
1.088868 0.431491 -0.550085
1.088944 0.431491 -0.560235
1.088804 0.431491 -0.570384
1.088445 0.431491 -0.580526
1.087869 0.431491 -0.590653
1.087077 0.431491 -0.600759
1.086070 0.431491 -0.610837
1.084848 0.431491 -0.620880
1.083415 0.431491 -0.630880
1.081770 0.431491 -0.640833
1.079918 0.431491 -0.650730
1.077859 0.431491 -0.660566
1.075598 0.431491 -0.670334
1.086390 0.412675 -0.509623
1.087334 0.412675 -0.519704
1.088062 0.412675 -0.529813
1.088573 0.412675 -0.539942
1.088868 0.412675 -0.550085
1.088944 0.412675 -0.560235
1.088804 0.412675 -0.570384
1.088445 0.412675 -0.580526
1.087869 0.412675 -0.590653
1.087077 0.412675 -0.600759
1.086070 0.412675 -0.610837
1.084848 0.412675 -0.620880
1.083415 0.412675 -0.630880
1.081770 0.412675 -0.640833
1.079918 0.412675 -0.650730
1.077859 0.412675 -0.660566
1.075598 0.412675 -0.670334
1.075598 0.415811 -0.670334
1.075598 0.418947 -0.670334
1.075598 0.422083 -0.670334
1.075598 0.425219 -0.670334
1.075598 0.428355 -0.670334
0.728289 0.412675 -0.207926
0.728289 0.422083 -0.207926
0.728289 0.431491 -0.207926
0.747502 0.412675 -0.214676
0.747502 0.431491 -0.214676
0.766398 0.412675 -0.222516
0.766398 0.431491 -0.222516
0.784887 0.412675 -0.231422
0.784887 0.431491 -0.231422
0.802878 0.412675 -0.241360
0.802878 0.431491 -0.241360
0.820287 0.412675 -0.252286
0.820287 0.431491 -0.252286
0.837035 0.412675 -0.264147
0.837035 0.431491 -0.264147
0.853047 0.412675 -0.276881
0.853047 0.431491 -0.276881
0.868258 0.412675 -0.290419
0.868258 0.431491 -0.290419
0.868258 0.422083 -0.290419
0.766398 0.422083 -0.222516
0.784887 0.422083 -0.231422
0.802878 0.422083 -0.241360
0.820287 0.422083 -0.252286
0.837035 0.422083 -0.264147
0.853047 0.422083 -0.276881
0.861215 0.412675 -0.297905
0.861215 0.422083 -0.297905
0.861215 0.431491 -0.297905
0.846428 0.412675 -0.284745
0.846428 0.431491 -0.284745
0.830863 0.412675 -0.272366
0.830863 0.431491 -0.272366
0.814583 0.412675 -0.260837
0.814583 0.431491 -0.260837
0.797659 0.412675 -0.250216
0.797659 0.431491 -0.250216
0.780170 0.412675 -0.240555
0.780170 0.431491 -0.240555
0.762197 0.412675 -0.231897
0.762197 0.431491 -0.231897
0.743828 0.412675 -0.224276
0.743828 0.431491 -0.224276
0.725152 0.412675 -0.217715
0.725152 0.431491 -0.217715
0.725152 0.422083 -0.217715
0.830863 0.422083 -0.272366
0.814583 0.422083 -0.260837
0.797659 0.422083 -0.250216
0.780170 0.422083 -0.240555
0.762197 0.422083 -0.231897
0.743828 0.422083 -0.224276
0.402376 0.412675 -0.271184
0.402376 0.431491 -0.271184
0.396249 0.412675 -0.262930
0.396249 0.431491 -0.262930
0.396249 0.412675 -0.262930
0.396249 0.431491 -0.262930
0.413606 0.412675 -0.250804
0.413606 0.431491 -0.250804
0.431856 0.412675 -0.239565
0.431856 0.431491 -0.239565
0.450933 0.412675 -0.229304
0.450933 0.431491 -0.229304
0.470759 0.412675 -0.220106
0.470759 0.431491 -0.220106
0.480925 0.412675 -0.215929
0.480925 0.431491 -0.215929
0.491244 0.412675 -0.212046
0.491244 0.431491 -0.212046
0.501703 0.412675 -0.208464
0.501703 0.431491 -0.208464
0.512288 0.412675 -0.205190
0.512288 0.431491 -0.205190
0.522987 0.412675 -0.202231
0.522987 0.431491 -0.202231
0.533786 0.412675 -0.199592
0.533786 0.431491 -0.199592
0.544668 0.412675 -0.197279
0.544668 0.431491 -0.197279
0.555621 0.412675 -0.195294
0.555621 0.431491 -0.195294
0.566629 0.412675 -0.193641
0.566629 0.431491 -0.193641
0.577676 0.412675 -0.192322
0.577676 0.431491 -0.192322
0.588748 0.412675 -0.191337
0.588748 0.431491 -0.191337
0.599830 0.412675 -0.190688
0.599830 0.431491 -0.190688
0.610906 0.412675 -0.190374
0.610906 0.431491 -0.190374
0.621961 0.412675 -0.190392
0.621961 0.431491 -0.190392
0.632981 0.412675 -0.190740
0.632981 0.431491 -0.190740
0.643951 0.412675 -0.191416
0.643951 0.431491 -0.191416
0.665684 0.412675 -0.193730
0.665684 0.431491 -0.193730
0.687051 0.412675 -0.197291
0.687051 0.431491 -0.197291
0.707950 0.412675 -0.202045
0.707950 0.431491 -0.202045
0.728289 0.412675 -0.207926
0.728289 0.431491 -0.207926
0.728289 0.422083 -0.207926
0.725152 0.412675 -0.217715
0.725152 0.431491 -0.217715
0.705380 0.412675 -0.211997
0.705380 0.431491 -0.211997
0.685063 0.412675 -0.207376
0.685063 0.431491 -0.207376
0.664293 0.412675 -0.203914
0.664293 0.431491 -0.203914
0.643166 0.412675 -0.201665
0.643166 0.431491 -0.201665
0.621790 0.412675 -0.200669
0.621790 0.431491 -0.200669
0.600276 0.412675 -0.200957
0.600276 0.431491 -0.200957
0.578740 0.412675 -0.202545
0.578740 0.431491 -0.202545
0.568001 0.412675 -0.203828
0.568001 0.431491 -0.203828
0.557301 0.412675 -0.205434
0.557301 0.431491 -0.205434
0.546654 0.412675 -0.207364
0.546654 0.431491 -0.207364
0.536075 0.412675 -0.209613
0.536075 0.431491 -0.209613
0.515177 0.412675 -0.215054
0.515177 0.431491 -0.215054
0.494720 0.412675 -0.221719
0.494720 0.431491 -0.221719
0.474806 0.412675 -0.229554
0.474806 0.431491 -0.229554
0.455534 0.412675 -0.238496
0.455534 0.431491 -0.238496
0.436989 0.412675 -0.248471
0.436989 0.431491 -0.248471
0.419248 0.412675 -0.259396
0.419248 0.431491 -0.259396
0.402376 0.412675 -0.271184
0.402376 0.431491 -0.271184
0.725152 0.422083 -0.217715
0.868258 0.412675 -0.290419
0.868258 0.431491 -0.290419
0.877134 0.412675 -0.299055
0.877134 0.431491 -0.299055
0.885749 0.412675 -0.308021
0.885749 0.431491 -0.308021
0.894085 0.412675 -0.317306
0.894085 0.431491 -0.317306
0.902124 0.412675 -0.326895
0.902124 0.431491 -0.326895
0.909850 0.412675 -0.336776
0.909850 0.431491 -0.336776
0.917249 0.412675 -0.346931
0.917249 0.431491 -0.346931
0.924304 0.412675 -0.357346
0.924304 0.431491 -0.357346
0.931004 0.412675 -0.368001
0.931004 0.431491 -0.368001
0.937336 0.412675 -0.378879
0.937336 0.431491 -0.378879
0.943289 0.412675 -0.389960
0.943289 0.431491 -0.389960
0.948854 0.412675 -0.401225
0.948854 0.431491 -0.401225
0.954023 0.412675 -0.412653
0.954023 0.431491 -0.412653
0.958789 0.412675 -0.424224
0.958789 0.431491 -0.424224
0.963148 0.412675 -0.435915
0.963148 0.431491 -0.435915
0.967095 0.412675 -0.447706
0.967095 0.431491 -0.447706
0.970628 0.412675 -0.459575
0.970628 0.431491 -0.459575
0.868258 0.422083 -0.290419
0.970628 0.415811 -0.459575
0.970628 0.418947 -0.459575
0.970628 0.422083 -0.459575
0.970628 0.425219 -0.459575
0.970628 0.428355 -0.459575
0.975566 0.412675 -0.479332
0.975566 0.431491 -0.479332
0.965529 0.412675 -0.481547
0.965529 0.431491 -0.481547
0.975566 0.426787 -0.479332
0.975566 0.422083 -0.479332
0.965529 0.412675 -0.481547
0.965529 0.431491 -0.481547
0.962438 0.412675 -0.468679
0.962438 0.431491 -0.468679
0.958855 0.412675 -0.455871
0.958855 0.431491 -0.455871
0.954780 0.412675 -0.443152
0.954780 0.431491 -0.443152
0.950218 0.412675 -0.430550
0.950218 0.431491 -0.430550
0.945172 0.412675 -0.418093
0.945172 0.431491 -0.418093
0.939650 0.412675 -0.405807
0.939650 0.431491 -0.405807
0.933662 0.412675 -0.393722
0.933662 0.431491 -0.393722
0.927218 0.412675 -0.381862
0.927218 0.431491 -0.381862
0.920331 0.412675 -0.370253
0.920331 0.431491 -0.370253
0.913017 0.412675 -0.358920
0.913017 0.431491 -0.358920
0.905293 0.412675 -0.347885
0.905293 0.431491 -0.347885
0.897177 0.412675 -0.337172
0.897177 0.431491 -0.337172
0.888689 0.412675 -0.326800
0.888689 0.431491 -0.326800
0.879851 0.412675 -0.316787
0.879851 0.431491 -0.316787
0.870685 0.412675 -0.307150
0.870685 0.431491 -0.307150
0.861215 0.412675 -0.297905
0.861215 0.431491 -0.297905
0.861215 0.422083 -0.297905
0.396249 0.412675 -0.262930
0.728289 0.412675 -0.207926
0.747502 0.412675 -0.214676
0.766398 0.412675 -0.222516
0.784887 0.412675 -0.231422
0.802878 0.412675 -0.241360
0.820287 0.412675 -0.252286
0.837035 0.412675 -0.264147
0.853047 0.412675 -0.276881
0.868258 0.412675 -0.290419
0.861215 0.412675 -0.297905
0.846428 0.412675 -0.284745
0.830863 0.412675 -0.272366
0.814583 0.412675 -0.260837
0.797659 0.412675 -0.250216
0.780170 0.412675 -0.240555
0.762197 0.412675 -0.231897
0.743828 0.412675 -0.224276
0.725152 0.412675 -0.217715
0.402376 0.412675 -0.271184
0.413606 0.412675 -0.250804
0.431856 0.412675 -0.239565
0.450933 0.412675 -0.229304
0.470759 0.412675 -0.220106
0.480925 0.412675 -0.215929
0.491244 0.412675 -0.212046
0.501703 0.412675 -0.208464
0.512288 0.412675 -0.205190
0.522987 0.412675 -0.202231
0.533786 0.412675 -0.199592
0.544668 0.412675 -0.197279
0.555621 0.412675 -0.195294
0.566629 0.412675 -0.193641
0.577676 0.412675 -0.192322
0.588748 0.412675 -0.191337
0.599830 0.412675 -0.190688
0.610906 0.412675 -0.190374
0.621961 0.412675 -0.190392
0.632981 0.412675 -0.190740
0.643951 0.412675 -0.191416
0.665684 0.412675 -0.193730
0.687051 0.412675 -0.197291
0.707950 0.412675 -0.202045
0.705380 0.412675 -0.211997
0.685063 0.412675 -0.207376
0.664293 0.412675 -0.203914
0.643166 0.412675 -0.201665
0.621790 0.412675 -0.200669
0.600276 0.412675 -0.200957
0.578740 0.412675 -0.202545
0.568001 0.412675 -0.203828
0.557301 0.412675 -0.205434
0.546654 0.412675 -0.207364
0.536075 0.412675 -0.209613
0.515177 0.412675 -0.215054
0.494720 0.412675 -0.221719
0.474806 0.412675 -0.229554
0.455534 0.412675 -0.238496
0.436989 0.412675 -0.248471
0.419248 0.412675 -0.259396
0.877134 0.412675 -0.299055
0.885749 0.412675 -0.308021
0.894085 0.412675 -0.317306
0.902124 0.412675 -0.326895
0.909850 0.412675 -0.336776
0.917249 0.412675 -0.346931
0.924304 0.412675 -0.357346
0.931004 0.412675 -0.368001
0.937336 0.412675 -0.378879
0.943289 0.412675 -0.389960
0.948854 0.412675 -0.401225
0.954023 0.412675 -0.412653
0.958789 0.412675 -0.424224
0.963148 0.412675 -0.435915
0.967095 0.412675 -0.447706
0.970628 0.412675 -0.459575
0.974113 0.412675 -0.473016
0.974487 0.412675 -0.474593
0.974853 0.412675 -0.476171
0.975213 0.412675 -0.477750
0.975566 0.412675 -0.479332
0.965529 0.412675 -0.481547
0.962438 0.412675 -0.468679
0.958855 0.412675 -0.455871
0.954780 0.412675 -0.443152
0.950218 0.412675 -0.430550
0.945172 0.412675 -0.418093
0.939650 0.412675 -0.405807
0.933662 0.412675 -0.393722
0.927218 0.412675 -0.381862
0.920331 0.412675 -0.370253
0.913017 0.412675 -0.358920
0.905293 0.412675 -0.347885
0.897177 0.412675 -0.337172
0.888689 0.412675 -0.326800
0.879851 0.412675 -0.316787
0.870685 0.412675 -0.307150
0.971547 0.412675 -0.462923
0.972435 0.412675 -0.466280
0.973290 0.412675 -0.469645
0.396249 0.431491 -0.262930
0.728289 0.431491 -0.207926
0.747502 0.431491 -0.214676
0.766398 0.431491 -0.222516
0.784887 0.431491 -0.231422
0.802878 0.431491 -0.241360
0.820287 0.431491 -0.252286
0.837035 0.431491 -0.264147
0.853047 0.431491 -0.276881
0.868258 0.431491 -0.290419
0.861215 0.431491 -0.297905
0.846428 0.431491 -0.284745
0.830863 0.431491 -0.272366
0.814583 0.431491 -0.260837
0.797659 0.431491 -0.250216
0.780170 0.431491 -0.240555
0.762197 0.431491 -0.231897
0.743828 0.431491 -0.224276
0.725152 0.431491 -0.217715
0.402376 0.431491 -0.271184
0.413606 0.431491 -0.250804
0.431856 0.431491 -0.239565
0.450933 0.431491 -0.229304
0.470759 0.431491 -0.220106
0.480925 0.431491 -0.215929
0.491244 0.431491 -0.212046
0.501703 0.431491 -0.208464
0.512288 0.431491 -0.205190
0.522987 0.431491 -0.202231
0.533786 0.431491 -0.199592
0.544668 0.431491 -0.197279
0.555621 0.431491 -0.195294
0.566629 0.431491 -0.193641
0.577676 0.431491 -0.192322
0.588748 0.431491 -0.191337
0.599830 0.431491 -0.190688
0.610906 0.431491 -0.190374
0.621961 0.431491 -0.190392
0.632981 0.431491 -0.190740
0.643951 0.431491 -0.191416
0.665684 0.431491 -0.193730
0.687051 0.431491 -0.197291
0.707950 0.431491 -0.202045
0.705380 0.431491 -0.211997
0.685063 0.431491 -0.207376
0.664293 0.431491 -0.203914
0.643166 0.431491 -0.201665
0.621790 0.431491 -0.200669
0.600276 0.431491 -0.200957
0.578740 0.431491 -0.202545
0.568001 0.431491 -0.203828
0.557301 0.431491 -0.205434
0.546654 0.431491 -0.207364
0.536075 0.431491 -0.209613
0.515177 0.431491 -0.215054
0.494720 0.431491 -0.221719
0.474806 0.431491 -0.229554
0.455534 0.431491 -0.238496
0.436989 0.431491 -0.248471
0.419248 0.431491 -0.259396
0.877134 0.431491 -0.299055
0.885749 0.431491 -0.308021
0.894085 0.431491 -0.317306
0.902124 0.431491 -0.326895
0.909850 0.431491 -0.336776
0.917249 0.431491 -0.346931
0.924304 0.431491 -0.357346
0.931004 0.431491 -0.368001
0.937336 0.431491 -0.378879
0.943289 0.431491 -0.389960
0.948854 0.431491 -0.401225
0.954023 0.431491 -0.412653
0.958789 0.431491 -0.424224
0.963148 0.431491 -0.435915
0.967095 0.431491 -0.447706
0.970628 0.431491 -0.459575
0.974113 0.431491 -0.473016
0.974487 0.431491 -0.474593
0.974853 0.431491 -0.476171
0.975213 0.431491 -0.477750
0.975566 0.431491 -0.479332
0.965529 0.431491 -0.481547
0.962438 0.431491 -0.468679
0.958855 0.431491 -0.455871
0.954780 0.431491 -0.443152
0.950218 0.431491 -0.430550
0.945172 0.431491 -0.418093
0.939650 0.431491 -0.405807
0.933662 0.431491 -0.393722
0.927218 0.431491 -0.381862
0.920331 0.431491 -0.370253
0.913017 0.431491 -0.358920
0.905293 0.431491 -0.347885
0.897177 0.431491 -0.337172
0.888689 0.431491 -0.326800
0.879851 0.431491 -0.316787
0.870685 0.431491 -0.307150
0.971547 0.431491 -0.462923
0.972435 0.431491 -0.466280
0.973290 0.431491 -0.469645
0.970628 0.431491 -0.459575
0.971547 0.431491 -0.462923
0.972435 0.431491 -0.466280
0.973290 0.431491 -0.469645
0.974113 0.431491 -0.473016
0.971547 0.426787 -0.462923
0.972435 0.426787 -0.466280
0.973290 0.426787 -0.469645
0.971547 0.422083 -0.462923
0.972435 0.422083 -0.466280
0.973290 0.422083 -0.469645
0.971547 0.417379 -0.462923
0.972435 0.417379 -0.466280
0.973290 0.417379 -0.469645
0.970628 0.412675 -0.459575
0.971547 0.412675 -0.462923
0.972435 0.412675 -0.466280
0.973290 0.412675 -0.469645
0.974113 0.412675 -0.473016
0.970628 0.428355 -0.459575
0.970628 0.425219 -0.459575
0.970628 0.422083 -0.459575
0.970628 0.418947 -0.459575
0.970628 0.415811 -0.459575
0.974113 0.415811 -0.473016
0.974113 0.418947 -0.473016
0.974113 0.422083 -0.473016
0.974113 0.425219 -0.473016
0.974113 0.428355 -0.473016
0.974113 0.431491 -0.473016
0.974487 0.431491 -0.474593
0.974853 0.431491 -0.476171
0.975213 0.431491 -0.477750
0.975566 0.431491 -0.479332
0.974487 0.426787 -0.474593
0.974853 0.426787 -0.476171
0.975213 0.426787 -0.477750
0.975566 0.426787 -0.479332
0.974487 0.422083 -0.474593
0.974853 0.422083 -0.476171
0.975213 0.422083 -0.477750
0.975566 0.422083 -0.479332
0.974487 0.417379 -0.474593
0.974853 0.417379 -0.476171
0.975213 0.417379 -0.477750
0.974113 0.412675 -0.473016
0.974487 0.412675 -0.474593
0.974853 0.412675 -0.476171
0.975213 0.412675 -0.477750
0.975566 0.412675 -0.479332
0.974113 0.428355 -0.473016
0.974113 0.425219 -0.473016
0.974113 0.422083 -0.473016
0.974113 0.418947 -0.473016
0.974113 0.415811 -0.473016
0.262525 0.412675 -0.454360
0.262525 0.417379 -0.454360
0.262525 0.422083 -0.454360
0.262525 0.426787 -0.454360
0.262525 0.431491 -0.454360
0.268846 0.412675 -0.434959
0.268846 0.417379 -0.434959
0.268846 0.422083 -0.434959
0.268846 0.426787 -0.434959
0.268846 0.431491 -0.434959
0.276244 0.412675 -0.415908
0.276244 0.417379 -0.415908
0.276244 0.422083 -0.415908
0.276244 0.426787 -0.415908
0.276244 0.431491 -0.415908
0.284687 0.412675 -0.397297
0.284687 0.417379 -0.397297
0.284687 0.422083 -0.397297
0.284687 0.426787 -0.397297
0.284687 0.431491 -0.397297
0.294133 0.412675 -0.379210
0.294133 0.417379 -0.379210
0.294133 0.422083 -0.379210
0.294133 0.426787 -0.379210
0.294133 0.431491 -0.379210
0.294133 0.412675 -0.379210
0.294133 0.431491 -0.379210
0.303109 0.412675 -0.384219
0.303109 0.431491 -0.384219
0.294133 0.426787 -0.379210
0.294133 0.422083 -0.379210
0.294133 0.417379 -0.379210
0.303109 0.412675 -0.384219
0.303109 0.431491 -0.384219
0.296105 0.412675 -0.397409
0.296105 0.431491 -0.397409
0.289564 0.412675 -0.411084
0.289564 0.431491 -0.411084
0.283527 0.412675 -0.425224
0.283527 0.431491 -0.425224
0.278034 0.412675 -0.439803
0.278034 0.431491 -0.439803
0.273124 0.412675 -0.454794
0.273124 0.431491 -0.454794
0.268834 0.412675 -0.470164
0.268834 0.431491 -0.470164
0.265198 0.412675 -0.485876
0.265198 0.431491 -0.485876
0.262248 0.412675 -0.501890
0.262248 0.431491 -0.501890
0.260014 0.412675 -0.518162
0.260014 0.431491 -0.518162
0.258519 0.412675 -0.534645
0.258519 0.431491 -0.534645
0.257785 0.412675 -0.551289
0.257785 0.431491 -0.551289
0.257828 0.412675 -0.568040
0.257828 0.431491 -0.568040
0.258660 0.412675 -0.584846
0.258660 0.431491 -0.584846
0.260287 0.412675 -0.601650
0.260287 0.431491 -0.601650
0.262711 0.412675 -0.618396
0.262711 0.431491 -0.618396
0.265927 0.412675 -0.635027
0.265927 0.431491 -0.635027
0.269926 0.412675 -0.651488
0.269926 0.431491 -0.651488
0.274693 0.412675 -0.667723
0.274693 0.431491 -0.667723
0.280209 0.412675 -0.683679
0.280209 0.431491 -0.683679
0.286448 0.412675 -0.699306
0.286448 0.431491 -0.699306
0.293382 0.412675 -0.714555
0.293382 0.431491 -0.714555
0.300977 0.412675 -0.729383
0.300977 0.431491 -0.729383
0.309197 0.412675 -0.743747
0.309197 0.431491 -0.743747
0.318003 0.412675 -0.757612
0.318003 0.431491 -0.757612
0.327351 0.412675 -0.770945
0.327351 0.431491 -0.770945
0.337198 0.412675 -0.783718
0.337198 0.431491 -0.783718
0.347496 0.412675 -0.795907
0.347496 0.431491 -0.795907
0.358201 0.412675 -0.807493
0.358201 0.431491 -0.807493
0.369264 0.412675 -0.818463
0.369264 0.431491 -0.818463
0.380639 0.412675 -0.828807
0.380639 0.431491 -0.828807
0.392279 0.412675 -0.838518
0.392279 0.431491 -0.838518
0.404138 0.412675 -0.847595
0.404138 0.431491 -0.847595
0.416365 0.412675 -0.856170
0.416365 0.431491 -0.856170
0.429131 0.412675 -0.864344
0.429131 0.431491 -0.864344
0.442419 0.412675 -0.872076
0.442419 0.431491 -0.872076
0.456212 0.412675 -0.879321
0.456212 0.431491 -0.879321
0.470484 0.412675 -0.886039
0.470484 0.431491 -0.886039
0.485209 0.412675 -0.892189
0.485209 0.431491 -0.892189
0.500354 0.412675 -0.897732
0.500354 0.431491 -0.897732
0.515884 0.412675 -0.902630
0.515884 0.431491 -0.902630
0.531757 0.412675 -0.906851
0.531757 0.431491 -0.906851
0.547930 0.412675 -0.910364
0.547930 0.431491 -0.910364
0.564357 0.412675 -0.913141
0.564357 0.431491 -0.913141
0.580986 0.412675 -0.915160
0.580986 0.431491 -0.915160
0.597767 0.412675 -0.916403
0.597767 0.431491 -0.916403
0.614643 0.412675 -0.916857
0.614643 0.431491 -0.916857
0.631560 0.412675 -0.916513
0.631560 0.431491 -0.916513
0.648461 0.412675 -0.915369
0.648461 0.431491 -0.915369
0.665288 0.412675 -0.913427
0.665288 0.431491 -0.913427
0.681987 0.412675 -0.910695
0.681987 0.431491 -0.910695
0.698501 0.412675 -0.907186
0.698501 0.431491 -0.907186
0.714777 0.412675 -0.902918
0.714777 0.431491 -0.902918
0.730764 0.412675 -0.897914
0.730764 0.431491 -0.897914
0.746413 0.412675 -0.892202
0.746413 0.431491 -0.892202
0.761681 0.412675 -0.885812
0.761681 0.431491 -0.885812
0.776524 0.412675 -0.878780
0.776524 0.431491 -0.878780
0.790906 0.412675 -0.871145
0.790906 0.431491 -0.871145
0.804794 0.412675 -0.862945
0.804794 0.431491 -0.862945
0.818158 0.412675 -0.854225
0.818158 0.431491 -0.854225
0.830974 0.412675 -0.845028
0.830974 0.431491 -0.845028
0.843223 0.412675 -0.835400
0.843223 0.431491 -0.835400
0.854887 0.412675 -0.825385
0.854887 0.431491 -0.825385
0.865957 0.412675 -0.815029
0.865957 0.431491 -0.815029
0.876426 0.412675 -0.804378
0.876426 0.431491 -0.804378
0.876426 0.412675 -0.804378
0.876426 0.431491 -0.804378
0.883905 0.412675 -0.811428
0.883905 0.431491 -0.811428
0.883905 0.412675 -0.811428
0.883905 0.431491 -0.811428
0.873978 0.412675 -0.821562
0.873978 0.431491 -0.821562
0.863537 0.412675 -0.831425
0.863537 0.431491 -0.831425
0.852589 0.412675 -0.840983
0.852589 0.431491 -0.840983
0.841145 0.412675 -0.850200
0.841145 0.431491 -0.850200
0.829220 0.412675 -0.859041
0.829220 0.431491 -0.859041
0.816828 0.412675 -0.867472
0.816828 0.431491 -0.867472
0.803992 0.412675 -0.875459
0.803992 0.431491 -0.875459
0.790732 0.412675 -0.882970
0.790732 0.431491 -0.882970
0.777076 0.412675 -0.889974
0.777076 0.431491 -0.889974
0.763051 0.412675 -0.896441
0.763051 0.431491 -0.896441
0.748690 0.412675 -0.902345
0.748690 0.431491 -0.902345
0.734026 0.412675 -0.907661
0.734026 0.431491 -0.907661
0.719096 0.412675 -0.912368
0.719096 0.431491 -0.912368
0.703939 0.412675 -0.916446
0.703939 0.431491 -0.916446
0.688593 0.412675 -0.919880
0.688593 0.431491 -0.919880
0.673100 0.412675 -0.922659
0.673100 0.431491 -0.922659
0.657503 0.412675 -0.924773
0.657503 0.431491 -0.924773
0.641844 0.412675 -0.926218
0.641844 0.431491 -0.926218
0.626166 0.412675 -0.926993
0.626166 0.431491 -0.926993
0.610512 0.412675 -0.927100
0.610512 0.431491 -0.927100
0.594925 0.412675 -0.926544
0.594925 0.431491 -0.926544
0.579444 0.412675 -0.925337
0.579444 0.431491 -0.925337
0.564111 0.412675 -0.923490
0.564111 0.431491 -0.923490
0.548964 0.412675 -0.921019
0.548964 0.431491 -0.921019
0.534038 0.412675 -0.917944
0.534038 0.431491 -0.917944
0.519369 0.412675 -0.914286
0.519369 0.431491 -0.914286
0.504987 0.412675 -0.910068
0.504987 0.431491 -0.910068
0.490922 0.412675 -0.905317
0.490922 0.431491 -0.905317
0.477201 0.412675 -0.900061
0.477201 0.431491 -0.900061
0.463846 0.412675 -0.894328
0.463846 0.431491 -0.894328
0.450880 0.412675 -0.888148
0.450880 0.431491 -0.888148
0.438320 0.412675 -0.881553
0.438320 0.431491 -0.881553
0.426024 0.412675 -0.874480
0.426024 0.431491 -0.874480
0.413860 0.412675 -0.866841
0.413860 0.431491 -0.866841
0.401865 0.412675 -0.858636
0.401865 0.431491 -0.858636
0.390076 0.412675 -0.849865
0.390076 0.431491 -0.849865
0.378530 0.412675 -0.840533
0.378530 0.431491 -0.840533
0.367265 0.412675 -0.830648
0.367265 0.431491 -0.830648
0.356317 0.412675 -0.820220
0.356317 0.431491 -0.820220
0.345725 0.412675 -0.809264
0.345725 0.431491 -0.809264
0.335525 0.412675 -0.797796
0.335525 0.431491 -0.797796
0.325752 0.412675 -0.785838
0.325752 0.431491 -0.785838
0.316440 0.412675 -0.773413
0.316440 0.431491 -0.773413
0.307621 0.412675 -0.760548
0.307621 0.431491 -0.760548
0.299326 0.412675 -0.747272
0.299326 0.431491 -0.747272
0.291582 0.412675 -0.733619
0.291582 0.431491 -0.733619
0.284414 0.412675 -0.719622
0.284414 0.431491 -0.719622
0.277845 0.412675 -0.705318
0.277845 0.431491 -0.705318
0.271892 0.412675 -0.690748
0.271892 0.431491 -0.690748
0.266572 0.412675 -0.675949
0.266572 0.431491 -0.675949
0.261896 0.412675 -0.660965
0.261896 0.431491 -0.660965
0.257872 0.412675 -0.645837
0.257872 0.431491 -0.645837
0.254507 0.412675 -0.630607
0.254507 0.431491 -0.630607
0.251799 0.412675 -0.615318
0.251799 0.431491 -0.615318
0.249748 0.412675 -0.600011
0.249748 0.431491 -0.600011
0.248346 0.412675 -0.584727
0.248346 0.431491 -0.584727
0.247586 0.412675 -0.569507
0.247586 0.431491 -0.569507
0.247454 0.412675 -0.554388
0.247454 0.431491 -0.554388
0.247936 0.412675 -0.539409
0.247936 0.431491 -0.539409
0.249014 0.412675 -0.524602
0.249014 0.431491 -0.524602
0.250667 0.412675 -0.510002
0.250667 0.431491 -0.510002
0.252873 0.412675 -0.495637
0.252873 0.431491 -0.495637
0.255609 0.412675 -0.481537
0.255609 0.431491 -0.481537
0.258848 0.412675 -0.467726
0.258848 0.431491 -0.467726
0.258848 0.412675 -0.467726
0.258848 0.431491 -0.467726
0.244668 0.412675 -0.464111
0.244668 0.431491 -0.464111
0.244668 0.412675 -0.464111
0.244668 0.431491 -0.464111
0.248127 0.412675 -0.450545
0.248127 0.431491 -0.450545
0.248127 0.412675 -0.450545
0.248127 0.431491 -0.450545
0.262525 0.412675 -0.454360
0.262525 0.431491 -0.454360
0.262525 0.417379 -0.454360
0.262525 0.422083 -0.454360
0.262525 0.426787 -0.454360
0.262525 0.412675 -0.454360
0.268846 0.412675 -0.434959
0.276244 0.412675 -0.415908
0.284687 0.412675 -0.397297
0.294133 0.412675 -0.379210
0.303109 0.412675 -0.384219
0.296105 0.412675 -0.397409
0.289564 0.412675 -0.411084
0.283527 0.412675 -0.425224
0.278034 0.412675 -0.439803
0.273124 0.412675 -0.454794
0.268834 0.412675 -0.470164
0.265198 0.412675 -0.485876
0.262248 0.412675 -0.501890
0.260014 0.412675 -0.518162
0.258519 0.412675 -0.534645
0.257785 0.412675 -0.551289
0.257828 0.412675 -0.568040
0.258660 0.412675 -0.584846
0.260287 0.412675 -0.601650
0.262711 0.412675 -0.618396
0.265927 0.412675 -0.635027
0.269926 0.412675 -0.651488
0.274693 0.412675 -0.667723
0.280209 0.412675 -0.683679
0.286448 0.412675 -0.699306
0.293382 0.412675 -0.714555
0.300977 0.412675 -0.729383
0.309197 0.412675 -0.743747
0.318003 0.412675 -0.757612
0.327351 0.412675 -0.770945
0.337198 0.412675 -0.783718
0.347496 0.412675 -0.795907
0.358201 0.412675 -0.807493
0.369264 0.412675 -0.818463
0.380639 0.412675 -0.828807
0.392279 0.412675 -0.838518
0.404138 0.412675 -0.847595
0.416365 0.412675 -0.856170
0.429131 0.412675 -0.864344
0.442419 0.412675 -0.872076
0.456212 0.412675 -0.879321
0.470484 0.412675 -0.886039
0.485209 0.412675 -0.892189
0.500354 0.412675 -0.897732
0.515884 0.412675 -0.902630
0.531757 0.412675 -0.906851
0.547930 0.412675 -0.910364
0.564357 0.412675 -0.913141
0.580986 0.412675 -0.915160
0.597767 0.412675 -0.916403
0.614643 0.412675 -0.916857
0.631560 0.412675 -0.916513
0.648461 0.412675 -0.915369
0.665288 0.412675 -0.913427
0.681987 0.412675 -0.910695
0.698501 0.412675 -0.907186
0.714777 0.412675 -0.902918
0.730764 0.412675 -0.897914
0.746413 0.412675 -0.892202
0.761681 0.412675 -0.885812
0.776524 0.412675 -0.878780
0.790906 0.412675 -0.871145
0.804794 0.412675 -0.862945
0.818158 0.412675 -0.854225
0.830974 0.412675 -0.845028
0.843223 0.412675 -0.835400
0.854887 0.412675 -0.825385
0.865957 0.412675 -0.815029
0.876426 0.412675 -0.804378
0.883905 0.412675 -0.811428
0.873978 0.412675 -0.821562
0.863537 0.412675 -0.831425
0.852589 0.412675 -0.840983
0.841145 0.412675 -0.850200
0.829220 0.412675 -0.859041
0.816828 0.412675 -0.867472
0.803992 0.412675 -0.875459
0.790732 0.412675 -0.882970
0.777076 0.412675 -0.889974
0.763051 0.412675 -0.896441
0.748690 0.412675 -0.902345
0.734026 0.412675 -0.907661
0.719096 0.412675 -0.912368
0.703939 0.412675 -0.916446
0.688593 0.412675 -0.919880
0.673100 0.412675 -0.922659
0.657503 0.412675 -0.924773
0.641844 0.412675 -0.926218
0.626166 0.412675 -0.926993
0.610512 0.412675 -0.927100
0.594925 0.412675 -0.926544
0.579444 0.412675 -0.925337
0.564111 0.412675 -0.923490
0.548964 0.412675 -0.921019
0.534038 0.412675 -0.917944
0.519369 0.412675 -0.914286
0.504987 0.412675 -0.910068
0.490922 0.412675 -0.905317
0.477201 0.412675 -0.900061
0.463846 0.412675 -0.894328
0.450880 0.412675 -0.888148
0.438320 0.412675 -0.881553
0.426024 0.412675 -0.874480
0.413860 0.412675 -0.866841
0.401865 0.412675 -0.858636
0.390076 0.412675 -0.849865
0.378530 0.412675 -0.840533
0.367265 0.412675 -0.830648
0.356317 0.412675 -0.820220
0.345725 0.412675 -0.809264
0.335525 0.412675 -0.797796
0.325752 0.412675 -0.785838
0.316440 0.412675 -0.773413
0.307621 0.412675 -0.760548
0.299326 0.412675 -0.747272
0.291582 0.412675 -0.733619
0.284414 0.412675 -0.719622
0.277845 0.412675 -0.705318
0.271892 0.412675 -0.690748
0.266572 0.412675 -0.675949
0.261896 0.412675 -0.660965
0.257872 0.412675 -0.645837
0.254507 0.412675 -0.630607
0.251799 0.412675 -0.615318
0.249748 0.412675 -0.600011
0.248346 0.412675 -0.584727
0.247586 0.412675 -0.569507
0.247454 0.412675 -0.554388
0.247936 0.412675 -0.539409
0.249014 0.412675 -0.524602
0.250667 0.412675 -0.510002
0.252873 0.412675 -0.495637
0.255609 0.412675 -0.481537
0.258848 0.412675 -0.467726
0.244668 0.412675 -0.464111
0.248127 0.412675 -0.450545
0.262525 0.431491 -0.454360
0.268846 0.431491 -0.434959
0.276244 0.431491 -0.415908
0.284687 0.431491 -0.397297
0.294133 0.431491 -0.379210
0.303109 0.431491 -0.384219
0.296105 0.431491 -0.397409
0.289564 0.431491 -0.411084
0.283527 0.431491 -0.425224
0.278034 0.431491 -0.439803
0.273124 0.431491 -0.454794
0.268834 0.431491 -0.470164
0.265198 0.431491 -0.485876
0.262248 0.431491 -0.501890
0.260014 0.431491 -0.518162
0.258519 0.431491 -0.534645
0.257785 0.431491 -0.551289
0.257828 0.431491 -0.568040
0.258660 0.431491 -0.584846
0.260287 0.431491 -0.601650
0.262711 0.431491 -0.618396
0.265927 0.431491 -0.635027
0.269926 0.431491 -0.651488
0.274693 0.431491 -0.667723
0.280209 0.431491 -0.683679
0.286448 0.431491 -0.699306
0.293382 0.431491 -0.714555
0.300977 0.431491 -0.729383
0.309197 0.431491 -0.743747
0.318003 0.431491 -0.757612
0.327351 0.431491 -0.770945
0.337198 0.431491 -0.783718
0.347496 0.431491 -0.795907
0.358201 0.431491 -0.807493
0.369264 0.431491 -0.818463
0.380639 0.431491 -0.828807
0.392279 0.431491 -0.838518
0.404138 0.431491 -0.847595
0.416365 0.431491 -0.856170
0.429131 0.431491 -0.864344
0.442419 0.431491 -0.872076
0.456212 0.431491 -0.879321
0.470484 0.431491 -0.886039
0.485209 0.431491 -0.892189
0.500354 0.431491 -0.897732
0.515884 0.431491 -0.902630
0.531757 0.431491 -0.906851
0.547930 0.431491 -0.910364
0.564357 0.431491 -0.913141
0.580986 0.431491 -0.915160
0.597767 0.431491 -0.916403
0.614643 0.431491 -0.916857
0.631560 0.431491 -0.916513
0.648461 0.431491 -0.915369
0.665288 0.431491 -0.913427
0.681987 0.431491 -0.910695
0.698501 0.431491 -0.907186
0.714777 0.431491 -0.902918
0.730764 0.431491 -0.897914
0.746413 0.431491 -0.892202
0.761681 0.431491 -0.885812
0.776524 0.431491 -0.878780
0.790906 0.431491 -0.871145
0.804794 0.431491 -0.862945
0.818158 0.431491 -0.854225
0.830974 0.431491 -0.845028
0.843223 0.431491 -0.835400
0.854887 0.431491 -0.825385
0.865957 0.431491 -0.815029
0.876426 0.431491 -0.804378
0.883905 0.431491 -0.811428
0.873978 0.431491 -0.821562
0.863537 0.431491 -0.831425
0.852589 0.431491 -0.840983
0.841145 0.431491 -0.850200
0.829220 0.431491 -0.859041
0.816828 0.431491 -0.867472
0.803992 0.431491 -0.875459
0.790732 0.431491 -0.882970
0.777076 0.431491 -0.889974
0.763051 0.431491 -0.896441
0.748690 0.431491 -0.902345
0.734026 0.431491 -0.907661
0.719096 0.431491 -0.912368
0.703939 0.431491 -0.916446
0.688593 0.431491 -0.919880
0.673100 0.431491 -0.922659
0.657503 0.431491 -0.924773
0.641844 0.431491 -0.926218
0.626166 0.431491 -0.926993
0.610512 0.431491 -0.927100
0.594925 0.431491 -0.926544
0.579444 0.431491 -0.925337
0.564111 0.431491 -0.923490
0.548964 0.431491 -0.921019
0.534038 0.431491 -0.917944
0.519369 0.431491 -0.914286
0.504987 0.431491 -0.910068
0.490922 0.431491 -0.905317
0.477201 0.431491 -0.900061
0.463846 0.431491 -0.894328
0.450880 0.431491 -0.888148
0.438320 0.431491 -0.881553
0.426024 0.431491 -0.874480
0.413860 0.431491 -0.866841
0.401865 0.431491 -0.858636
0.390076 0.431491 -0.849865
0.378530 0.431491 -0.840533
0.367265 0.431491 -0.830648
0.356317 0.431491 -0.820220
0.345725 0.431491 -0.809264
0.335525 0.431491 -0.797796
0.325752 0.431491 -0.785838
0.316440 0.431491 -0.773413
0.307621 0.431491 -0.760548
0.299326 0.431491 -0.747272
0.291582 0.431491 -0.733619
0.284414 0.431491 -0.719622
0.277845 0.431491 -0.705318
0.271892 0.431491 -0.690748
0.266572 0.431491 -0.675949
0.261896 0.431491 -0.660965
0.257872 0.431491 -0.645837
0.254507 0.431491 -0.630607
0.251799 0.431491 -0.615318
0.249748 0.431491 -0.600011
0.248346 0.431491 -0.584727
0.247586 0.431491 -0.569507
0.247454 0.431491 -0.554388
0.247936 0.431491 -0.539409
0.249014 0.431491 -0.524602
0.250667 0.431491 -0.510002
0.252873 0.431491 -0.495637
0.255609 0.431491 -0.481537
0.258848 0.431491 -0.467726
0.244668 0.431491 -0.464111
0.248127 0.431491 -0.450545
0.979199 0.045980 -0.478529
0.979199 0.602450 -0.478529
0.965529 0.045980 -0.481547
0.965529 0.602450 -0.481547
0.965529 0.185292 -0.481547
0.965529 0.324386 -0.481547
0.965529 0.463418 -0.481547
0.979199 0.463333 -0.478529
0.979199 0.324215 -0.478529
0.979199 0.185098 -0.478529
0.960428 0.602450 -0.461273
0.974212 0.602450 -0.458574
0.960428 0.045980 -0.461273
0.974212 0.045980 -0.458574
0.974212 0.185098 -0.458574
0.974212 0.324215 -0.458574
0.974212 0.463333 -0.458574
0.960428 0.462589 -0.461273
0.960428 0.323282 -0.461273
0.960428 0.184465 -0.461273
0.965529 0.045980 -0.481547
0.965529 0.185292 -0.481547
0.965529 0.324386 -0.481547
0.965529 0.463418 -0.481547
0.965529 0.602450 -0.481547
0.964362 0.045980 -0.476440
0.964362 0.185240 -0.476442
0.964363 0.324317 -0.476444
0.964363 0.463366 -0.476446
0.964364 0.602450 -0.476448
0.963122 0.045980 -0.471357
0.963123 0.185085 -0.471362
0.963125 0.324109 -0.471367
0.963126 0.463211 -0.471372
0.963127 0.602450 -0.471377
0.961810 0.045980 -0.466297
0.961811 0.184826 -0.466303
0.961813 0.323764 -0.466309
0.961815 0.462952 -0.466314
0.961816 0.602450 -0.466320
0.960428 0.045980 -0.461273
0.960428 0.184465 -0.461273
0.960428 0.323282 -0.461273
0.960428 0.462589 -0.461273
0.960428 0.602450 -0.461273
0.960428 0.045980 -0.461273
0.979199 0.045980 -0.478529
0.965529 0.045980 -0.481547
0.964362 0.045980 -0.476440
0.963122 0.045980 -0.471357
0.961810 0.045980 -0.466297
0.974212 0.045980 -0.458574
0.975140 0.045980 -0.461955
0.976037 0.045980 -0.465347
0.976901 0.045980 -0.468745
0.977732 0.045980 -0.472150
0.978110 0.045980 -0.473743
0.978480 0.045980 -0.475337
0.978843 0.045980 -0.476932
0.960428 0.602450 -0.461273
0.979199 0.602450 -0.478529
0.965529 0.602450 -0.481547
0.964364 0.602450 -0.476448
0.963127 0.602450 -0.471377
0.961816 0.602450 -0.466320
0.974212 0.602450 -0.458574
0.977732 0.602450 -0.472150
0.978110 0.602450 -0.473743
0.978480 0.602450 -0.475337
0.978843 0.602450 -0.476932
0.975140 0.602450 -0.461955
0.976037 0.602450 -0.465347
0.976901 0.602450 -0.468745
0.977732 0.602450 -0.472150
0.978110 0.602450 -0.473743
0.978480 0.602450 -0.475337
0.978843 0.602450 -0.476932
0.979199 0.602450 -0.478529
0.978110 0.463333 -0.473743
0.978480 0.463333 -0.475337
0.978843 0.463333 -0.476932
0.979199 0.463333 -0.478529
0.978110 0.324215 -0.473743
0.978480 0.324215 -0.475337
0.978843 0.324215 -0.476932
0.979199 0.324215 -0.478529
0.978110 0.185098 -0.473743
0.978480 0.185098 -0.475337
0.978843 0.185098 -0.476932
0.979199 0.185098 -0.478529
0.977732 0.045980 -0.472150
0.978110 0.045980 -0.473743
0.978480 0.045980 -0.475337
0.978843 0.045980 -0.476932
0.979199 0.045980 -0.478529
0.977732 0.533259 -0.472150
0.977732 0.463963 -0.472150
0.977732 0.394562 -0.472150
0.977732 0.325056 -0.472150
0.977732 0.255446 -0.472150
0.977732 0.185730 -0.472150
0.977732 0.115908 -0.472150
0.974212 0.602450 -0.458574
0.975140 0.602450 -0.461955
0.976037 0.602450 -0.465347
0.976901 0.602450 -0.468745
0.977732 0.602450 -0.472150
0.974212 0.463333 -0.458574
0.975140 0.463333 -0.461955
0.976037 0.463333 -0.465347
0.976901 0.463333 -0.468745
0.974212 0.324215 -0.458574
0.975140 0.324215 -0.461955
0.976037 0.324215 -0.465347
0.976901 0.324215 -0.468745
0.974212 0.185098 -0.458574
0.975140 0.185098 -0.461955
0.976037 0.185098 -0.465347
0.976901 0.185098 -0.468745
0.974212 0.045980 -0.458574
0.975140 0.045980 -0.461955
0.976037 0.045980 -0.465347
0.976901 0.045980 -0.468745
0.977732 0.045980 -0.472150
0.977732 0.115908 -0.472150
0.977732 0.185730 -0.472150
0.977732 0.255446 -0.472150
0.977732 0.325056 -0.472150
0.977732 0.394562 -0.472150
0.977732 0.463963 -0.472150
0.977732 0.533259 -0.472150
1.694021 0.170476 -0.424930
1.723250 0.170476 -0.424930
1.694052 0.201855 -0.424899
1.723281 0.201855 -0.424899
1.694052 0.201855 -0.424899
1.723281 0.201855 -0.424899
1.694041 0.201855 -0.412899
1.723271 0.201855 -0.412899
1.694041 0.201855 -0.412899
1.723271 0.201855 -0.412899
1.694041 0.170481 -0.412899
1.723271 0.170481 -0.412899
1.694041 0.170481 -0.412899
1.723271 0.170481 -0.412899
1.694052 0.170484 -0.424899
1.723281 0.170484 -0.424899
1.694021 0.096350 -0.424930
1.723250 0.096350 -0.424930
1.694052 0.129969 -0.424899
1.723281 0.129969 -0.424899
1.694052 0.129969 -0.424899
1.723281 0.129969 -0.424899
1.694041 0.129969 -0.412899
1.723271 0.129969 -0.412899
1.694041 0.129969 -0.412899
1.723271 0.129969 -0.412899
1.694041 0.096355 -0.412899
1.723271 0.096355 -0.412899
1.694041 0.096355 -0.412899
1.723271 0.096355 -0.412899
1.694052 0.096358 -0.424899
1.723281 0.096358 -0.424899
1.072466 0.496204 -0.511076
1.072466 0.517029 -0.511076
1.086390 0.496204 -0.509623
1.086390 0.517029 -0.509623
0.972745 0.496204 -0.664013
0.972745 0.517029 -0.664013
0.970201 0.496204 -0.672285
0.970201 0.517029 -0.672285
0.967459 0.496204 -0.680511
0.967459 0.517029 -0.680511
0.964521 0.496204 -0.688685
0.964521 0.517029 -0.688685
0.961389 0.496204 -0.696799
0.961389 0.517029 -0.696799
0.958064 0.496204 -0.704846
0.958064 0.517029 -0.704846
0.954549 0.496204 -0.712820
0.954549 0.517029 -0.712820
0.950846 0.496204 -0.720713
0.950846 0.517029 -0.720713
0.946958 0.496204 -0.728520
0.946958 0.517029 -0.728520
0.942888 0.496204 -0.736233
0.942888 0.517029 -0.736233
0.938640 0.496204 -0.743847
0.938640 0.517029 -0.743847
0.934217 0.496204 -0.751356
0.934217 0.517029 -0.751356
0.929623 0.496204 -0.758752
0.929623 0.517029 -0.758752
0.924863 0.496204 -0.766031
0.924863 0.517029 -0.766031
0.919941 0.496204 -0.773187
0.919941 0.517029 -0.773187
0.914861 0.496204 -0.780215
0.914861 0.517029 -0.780215
0.909630 0.496204 -0.787110
0.909630 0.517029 -0.787110
0.909630 0.496204 -0.787110
0.909630 0.517029 -0.787110
0.898576 0.496204 -0.778518
0.898576 0.517029 -0.778518
0.898576 0.496204 -0.778518
0.898576 0.517029 -0.778518
0.903832 0.496204 -0.771585
0.903832 0.517029 -0.771585
0.908940 0.496204 -0.764493
0.908940 0.517029 -0.764493
0.913895 0.496204 -0.757247
0.913895 0.517029 -0.757247
0.918689 0.496204 -0.749852
0.918689 0.517029 -0.749852
0.923317 0.496204 -0.742314
0.923317 0.517029 -0.742314
0.927773 0.496204 -0.734636
0.927773 0.517029 -0.734636
0.932050 0.496204 -0.726826
0.932050 0.517029 -0.726826
0.936142 0.496204 -0.718889
0.936142 0.517029 -0.718889
0.940045 0.496204 -0.710833
0.940045 0.517029 -0.710833
0.943754 0.496204 -0.702663
0.943754 0.517029 -0.702663
0.947263 0.496204 -0.694387
0.947263 0.517029 -0.694387
0.950568 0.496204 -0.686013
0.950568 0.517029 -0.686013
0.953665 0.496204 -0.677547
0.953665 0.517029 -0.677547
0.956551 0.496204 -0.668998
0.956551 0.517029 -0.668998
0.959223 0.496204 -0.660373
0.959223 0.517029 -0.660373
0.961676 0.496204 -0.651681
0.961676 0.517029 -0.651681
0.963910 0.496204 -0.642929
0.963910 0.517029 -0.642929
0.965922 0.496204 -0.634127
0.965922 0.517029 -0.634127
0.967710 0.496204 -0.625283
0.967710 0.517029 -0.625283
0.969274 0.496204 -0.616405
0.969274 0.517029 -0.616405
0.970612 0.496204 -0.607502
0.970612 0.517029 -0.607502
0.971724 0.496204 -0.598582
0.971724 0.517029 -0.598582
0.972610 0.496204 -0.589654
0.972610 0.517029 -0.589654
0.973271 0.496204 -0.580726
0.973271 0.517029 -0.580726
0.973708 0.496204 -0.571807
0.973708 0.517029 -0.571807
0.973923 0.496204 -0.562905
0.973923 0.517029 -0.562905
0.973916 0.496204 -0.554029
0.973916 0.517029 -0.554029
0.973690 0.496204 -0.545185
0.973690 0.517029 -0.545185
0.973248 0.496204 -0.536383
0.973248 0.517029 -0.536383
0.972593 0.496204 -0.527630
0.972593 0.517029 -0.527630
0.971728 0.496204 -0.518933
0.971728 0.517029 -0.518933
0.970656 0.496204 -0.510299
0.970656 0.517029 -0.510299
0.970656 0.496204 -0.510299
0.970656 0.517029 -0.510299
0.984527 0.496204 -0.508405
0.984527 0.517029 -0.508405
0.984527 0.496204 -0.508405
0.984527 0.517029 -0.508405
0.985626 0.496204 -0.517241
0.985626 0.517029 -0.517241
0.986514 0.496204 -0.526118
0.986514 0.517029 -0.526118
0.987191 0.496204 -0.535029
0.987191 0.517029 -0.535029
0.987654 0.496204 -0.543967
0.987654 0.517029 -0.543967
0.987901 0.496204 -0.552924
0.987901 0.517029 -0.552924
0.987934 0.496204 -0.561893
0.987934 0.517029 -0.561893
0.987749 0.496204 -0.570864
0.987749 0.517029 -0.570864
0.987349 0.496204 -0.579831
0.987349 0.517029 -0.579831
0.986732 0.496204 -0.588786
0.986732 0.517029 -0.588786
0.985899 0.496204 -0.597721
0.985899 0.517029 -0.597721
0.984853 0.496204 -0.606628
0.984853 0.517029 -0.606628
0.983593 0.496204 -0.615499
0.983593 0.517029 -0.615499
0.982121 0.496204 -0.624327
0.982121 0.517029 -0.624327
0.980440 0.496204 -0.633105
0.980440 0.517029 -0.633105
0.978553 0.496204 -0.641825
0.978553 0.517029 -0.641825
0.976461 0.496204 -0.650479
0.976461 0.517029 -0.650479
0.976461 0.496204 -0.650479
0.976461 0.517029 -0.650479
1.061859 0.496204 -0.667582
1.061859 0.517029 -0.667582
1.061859 0.496204 -0.667582
1.061859 0.517029 -0.667582
1.064083 0.496204 -0.658025
1.064083 0.517029 -0.658025
1.066105 0.496204 -0.648407
1.066105 0.517029 -0.648407
1.067924 0.496204 -0.638735
1.067924 0.517029 -0.638735
1.069537 0.496204 -0.629014
1.069537 0.517029 -0.629014
1.070942 0.496204 -0.619253
1.070942 0.517029 -0.619253
1.072137 0.496204 -0.609456
1.072137 0.517029 -0.609456
1.073122 0.496204 -0.599631
1.073122 0.517029 -0.599631
1.073896 0.496204 -0.589786
1.073896 0.517029 -0.589786
1.074458 0.496204 -0.579926
1.074458 0.517029 -0.579926
1.074807 0.496204 -0.570058
1.074807 0.517029 -0.570058
1.074945 0.496204 -0.560190
1.074945 0.517029 -0.560190
1.074870 0.496204 -0.550328
1.074870 0.517029 -0.550328
1.074584 0.496204 -0.540479
1.074584 0.517029 -0.540479
1.074087 0.496204 -0.530649
1.074087 0.517029 -0.530649
1.073380 0.496204 -0.520846
1.073380 0.517029 -0.520846
1.072466 0.496204 -0.511076
1.072466 0.517029 -0.511076
1.075598 0.517029 -0.670334
1.074759 0.517029 -0.673735
1.073894 0.517029 -0.677133
1.073004 0.517029 -0.680524
1.072089 0.517029 -0.683909
1.074758 0.511827 -0.673736
1.073894 0.511823 -0.677134
1.073004 0.511820 -0.680526
1.072089 0.511816 -0.683909
1.074758 0.506625 -0.673738
1.073893 0.506620 -0.677136
1.073003 0.506615 -0.680527
1.072089 0.506611 -0.683909
1.074758 0.501418 -0.673739
1.073893 0.501414 -0.677137
1.073003 0.501411 -0.680528
1.072089 0.501407 -0.683909
1.075598 0.496204 -0.670334
1.074758 0.496204 -0.673740
1.073892 0.496204 -0.677139
1.073003 0.496204 -0.680529
1.072089 0.496204 -0.683909
1.075598 0.513558 -0.670334
1.075598 0.510087 -0.670334
1.075598 0.506616 -0.670334
1.075598 0.503146 -0.670334
1.075598 0.499675 -0.670334
1.072089 0.496204 -0.683909
1.072089 0.517029 -0.683909
0.972745 0.496204 -0.664013
0.972745 0.517029 -0.664013
1.072089 0.511816 -0.683909
1.072089 0.506611 -0.683909
1.072089 0.501407 -0.683909
1.072466 0.496204 -0.511076
1.086390 0.496204 -0.509623
1.087334 0.496204 -0.519704
1.088062 0.496204 -0.529813
1.088573 0.496204 -0.539942
1.088868 0.496204 -0.550085
1.088944 0.496204 -0.560235
1.088804 0.496204 -0.570384
1.088445 0.496204 -0.580526
1.087869 0.496204 -0.590653
1.087077 0.496204 -0.600759
1.086070 0.496204 -0.610837
1.084848 0.496204 -0.620880
1.083415 0.496204 -0.630880
1.081770 0.496204 -0.640833
1.079918 0.496204 -0.650730
1.077859 0.496204 -0.660566
1.075598 0.496204 -0.670334
0.972745 0.496204 -0.664013
0.970201 0.496204 -0.672285
0.967459 0.496204 -0.680511
0.964521 0.496204 -0.688685
0.961389 0.496204 -0.696799
0.958064 0.496204 -0.704846
0.954549 0.496204 -0.712820
0.950846 0.496204 -0.720713
0.946958 0.496204 -0.728520
0.942888 0.496204 -0.736233
0.938640 0.496204 -0.743847
0.934217 0.496204 -0.751356
0.929623 0.496204 -0.758752
0.924863 0.496204 -0.766031
0.919941 0.496204 -0.773187
0.914861 0.496204 -0.780215
0.909630 0.496204 -0.787110
0.898576 0.496204 -0.778518
0.903832 0.496204 -0.771585
0.908940 0.496204 -0.764493
0.913895 0.496204 -0.757247
0.918689 0.496204 -0.749852
0.923317 0.496204 -0.742314
0.927773 0.496204 -0.734636
0.932050 0.496204 -0.726826
0.936142 0.496204 -0.718889
0.940045 0.496204 -0.710833
0.943754 0.496204 -0.702663
0.947263 0.496204 -0.694387
0.950568 0.496204 -0.686013
0.953665 0.496204 -0.677547
0.956551 0.496204 -0.668998
0.959223 0.496204 -0.660373
0.961676 0.496204 -0.651681
0.963910 0.496204 -0.642929
0.965922 0.496204 -0.634127
0.967710 0.496204 -0.625283
0.969274 0.496204 -0.616405
0.970612 0.496204 -0.607502
0.971724 0.496204 -0.598582
0.972610 0.496204 -0.589654
0.973271 0.496204 -0.580726
0.973708 0.496204 -0.571807
0.973923 0.496204 -0.562905
0.973916 0.496204 -0.554029
0.973690 0.496204 -0.545185
0.973248 0.496204 -0.536383
0.972593 0.496204 -0.527630
0.971728 0.496204 -0.518933
0.970656 0.496204 -0.510299
0.984527 0.496204 -0.508405
0.985626 0.496204 -0.517241
0.986514 0.496204 -0.526118
0.987191 0.496204 -0.535029
0.987654 0.496204 -0.543967
0.987901 0.496204 -0.552924
0.987934 0.496204 -0.561893
0.987749 0.496204 -0.570864
0.987349 0.496204 -0.579831
0.986732 0.496204 -0.588786
0.985899 0.496204 -0.597721
0.984853 0.496204 -0.606628
0.983593 0.496204 -0.615499
0.982121 0.496204 -0.624327
0.980440 0.496204 -0.633105
0.978553 0.496204 -0.641825
0.976461 0.496204 -0.650479
1.061859 0.496204 -0.667582
1.064083 0.496204 -0.658025
1.066105 0.496204 -0.648407
1.067924 0.496204 -0.638735
1.069537 0.496204 -0.629014
1.070942 0.496204 -0.619253
1.072137 0.496204 -0.609456
1.073122 0.496204 -0.599631
1.073896 0.496204 -0.589786
1.074458 0.496204 -0.579926
1.074807 0.496204 -0.570058
1.074945 0.496204 -0.560190
1.074870 0.496204 -0.550328
1.074584 0.496204 -0.540479
1.074087 0.496204 -0.530649
1.073380 0.496204 -0.520846
1.074758 0.496204 -0.673740
1.073892 0.496204 -0.677139
1.073003 0.496204 -0.680529
1.072089 0.496204 -0.683909
1.072466 0.517029 -0.511076
1.086390 0.517029 -0.509623
1.087330 0.517029 -0.519655
1.088056 0.517029 -0.529720
1.088568 0.517029 -0.539813
1.088865 0.517029 -0.549926
1.088945 0.517029 -0.560052
1.088808 0.517029 -0.570185
1.088455 0.517029 -0.580317
1.087884 0.517029 -0.590441
1.087096 0.517029 -0.600551
1.086092 0.517029 -0.610639
1.084872 0.517029 -0.620699
1.083439 0.517029 -0.630724
1.081792 0.517029 -0.640706
1.079936 0.517029 -0.650640
1.077870 0.517029 -0.660518
1.075598 0.517029 -0.670334
0.972745 0.517029 -0.664013
0.970201 0.517029 -0.672285
0.967459 0.517029 -0.680511
0.964521 0.517029 -0.688685
0.961389 0.517029 -0.696799
0.958064 0.517029 -0.704846
0.954549 0.517029 -0.712820
0.950846 0.517029 -0.720713
0.946958 0.517029 -0.728520
0.942888 0.517029 -0.736233
0.938640 0.517029 -0.743847
0.934217 0.517029 -0.751356
0.929623 0.517029 -0.758752
0.924863 0.517029 -0.766031
0.919941 0.517029 -0.773187
0.914861 0.517029 -0.780215
0.909630 0.517029 -0.787110
0.898576 0.517029 -0.778518
0.903832 0.517029 -0.771585
0.908940 0.517029 -0.764493
0.913895 0.517029 -0.757247
0.918689 0.517029 -0.749852
0.923317 0.517029 -0.742314
0.927773 0.517029 -0.734636
0.932050 0.517029 -0.726826
0.936142 0.517029 -0.718889
0.940045 0.517029 -0.710833
0.943754 0.517029 -0.702663
0.947263 0.517029 -0.694387
0.950568 0.517029 -0.686013
0.953665 0.517029 -0.677547
0.956551 0.517029 -0.668998
0.959223 0.517029 -0.660373
0.961676 0.517029 -0.651681
0.963910 0.517029 -0.642929
0.965922 0.517029 -0.634127
0.967710 0.517029 -0.625283
0.969274 0.517029 -0.616405
0.970612 0.517029 -0.607502
0.971724 0.517029 -0.598582
0.972610 0.517029 -0.589654
0.973271 0.517029 -0.580726
0.973708 0.517029 -0.571807
0.973923 0.517029 -0.562905
0.973916 0.517029 -0.554029
0.973690 0.517029 -0.545185
0.973248 0.517029 -0.536383
0.972593 0.517029 -0.527630
0.971728 0.517029 -0.518933
0.970656 0.517029 -0.510299
0.984527 0.517029 -0.508405
0.985626 0.517029 -0.517241
0.986514 0.517029 -0.526118
0.987191 0.517029 -0.535029
0.987654 0.517029 -0.543967
0.987901 0.517029 -0.552924
0.987934 0.517029 -0.561893
0.987749 0.517029 -0.570864
0.987349 0.517029 -0.579831
0.986732 0.517029 -0.588786
0.985899 0.517029 -0.597721
0.984853 0.517029 -0.606628
0.983593 0.517029 -0.615499
0.982121 0.517029 -0.624327
0.980440 0.517029 -0.633105
0.978553 0.517029 -0.641825
0.976461 0.517029 -0.650479
1.061859 0.517029 -0.667582
1.064083 0.517029 -0.658025
1.066105 0.517029 -0.648407
1.067924 0.517029 -0.638735
1.069537 0.517029 -0.629014
1.070942 0.517029 -0.619253
1.072137 0.517029 -0.609456
1.073122 0.517029 -0.599631
1.073896 0.517029 -0.589786
1.074458 0.517029 -0.579926
1.074807 0.517029 -0.570058
1.074945 0.517029 -0.560190
1.074870 0.517029 -0.550328
1.074584 0.517029 -0.540479
1.074087 0.517029 -0.530649
1.073380 0.517029 -0.520846
1.074759 0.517029 -0.673735
1.073894 0.517029 -0.677133
1.073004 0.517029 -0.680524
1.072089 0.517029 -0.683909
1.086390 0.517029 -0.509623
1.087330 0.517029 -0.519655
1.088056 0.517029 -0.529720
1.088568 0.517029 -0.539813
1.088865 0.517029 -0.549926
1.088945 0.517029 -0.560052
1.088808 0.517029 -0.570185
1.088455 0.517029 -0.580317
1.087884 0.517029 -0.590441
1.087096 0.517029 -0.600551
1.086092 0.517029 -0.610639
1.084872 0.517029 -0.620699
1.083439 0.517029 -0.630724
1.081792 0.517029 -0.640706
1.079936 0.517029 -0.650640
1.077870 0.517029 -0.660518
1.075598 0.517029 -0.670334
1.086390 0.496204 -0.509623
1.087334 0.496204 -0.519704
1.088062 0.496204 -0.529813
1.088573 0.496204 -0.539942
1.088868 0.496204 -0.550085
1.088944 0.496204 -0.560235
1.088804 0.496204 -0.570384
1.088445 0.496204 -0.580526
1.087869 0.496204 -0.590653
1.087077 0.496204 -0.600759
1.086070 0.496204 -0.610837
1.084848 0.496204 -0.620880
1.083415 0.496204 -0.630880
1.081770 0.496204 -0.640833
1.079918 0.496204 -0.650730
1.077859 0.496204 -0.660566
1.075598 0.496204 -0.670334
1.075598 0.499675 -0.670334
1.075598 0.503146 -0.670334
1.075598 0.506616 -0.670334
1.075598 0.510087 -0.670334
1.075598 0.513558 -0.670334
1.126158 0.000000 -0.445991
1.126158 0.053600 -0.445991
1.125188 0.000000 -0.445343
1.125188 0.053600 -0.445343
1.124242 0.000000 -0.444642
1.124242 0.053600 -0.444642
1.123325 0.000000 -0.443888
1.123325 0.053600 -0.443888
1.122442 0.000000 -0.443085
1.122442 0.053600 -0.443085
1.121596 0.000000 -0.442234
1.121596 0.053600 -0.442234
1.120791 0.000000 -0.441337
1.120791 0.053600 -0.441337
1.120031 0.000000 -0.440398
1.120031 0.053600 -0.440398
1.119318 0.000000 -0.439421
1.119318 0.053600 -0.439421
1.118657 0.000000 -0.438408
1.118657 0.053600 -0.438408
1.118048 0.000000 -0.437364
1.118048 0.053600 -0.437364
1.117495 0.000000 -0.436294
1.117495 0.053600 -0.436294
1.116999 0.000000 -0.435201
1.116999 0.053600 -0.435201
1.116560 0.000000 -0.434090
1.116560 0.053600 -0.434090
1.116181 0.000000 -0.432966
1.116181 0.053600 -0.432966
1.115860 0.000000 -0.431833
1.115860 0.053600 -0.431833
1.115598 0.000000 -0.430696
1.115598 0.053600 -0.430696
1.115392 0.000000 -0.429547
1.115392 0.053600 -0.429547
1.115242 0.000000 -0.428379
1.115242 0.053600 -0.428379
1.115149 0.000000 -0.427196
1.115149 0.053600 -0.427196
1.115116 0.000000 -0.426003
1.115116 0.053600 -0.426003
1.115143 0.000000 -0.424803
1.115143 0.053600 -0.424803
1.115231 0.000000 -0.423601
1.115231 0.053600 -0.423601
1.115381 0.000000 -0.422402
1.115381 0.053600 -0.422402
1.115591 0.000000 -0.421211
1.115591 0.053600 -0.421211
1.115862 0.000000 -0.420032
1.115862 0.053600 -0.420032
1.116192 0.000000 -0.418870
1.116192 0.053600 -0.418870
1.116580 0.000000 -0.417730
1.116580 0.053600 -0.417730
1.117024 0.000000 -0.416614
1.117024 0.053600 -0.416614
1.117520 0.000000 -0.415528
1.117520 0.053600 -0.415528
1.118067 0.000000 -0.414476
1.118067 0.053600 -0.414476
1.118662 0.000000 -0.413459
1.118662 0.053600 -0.413459
1.119300 0.000000 -0.412482
1.119300 0.053600 -0.412482
1.119300 0.000000 -0.412482
1.119300 0.053600 -0.412482
1.120947 0.000000 -0.413616
1.120947 0.053600 -0.413616
1.120947 0.000000 -0.413616
1.120947 0.053600 -0.413616
1.120363 0.000000 -0.414511
1.120363 0.053600 -0.414511
1.119819 0.000000 -0.415441
1.119819 0.053600 -0.415441
1.119318 0.000000 -0.416406
1.119318 0.053600 -0.416406
1.118863 0.000000 -0.417400
1.118863 0.053600 -0.417400
1.118457 0.000000 -0.418421
1.118457 0.053600 -0.418421
1.118102 0.000000 -0.419466
1.118102 0.053600 -0.419466
1.117799 0.000000 -0.420530
1.117799 0.053600 -0.420530
1.117551 0.000000 -0.421610
1.117551 0.053600 -0.421610
1.117358 0.000000 -0.422700
1.117358 0.053600 -0.422700
1.117221 0.000000 -0.423798
1.117221 0.053600 -0.423798
1.117141 0.000000 -0.424898
1.117141 0.053600 -0.424898
1.117116 0.000000 -0.425997
1.117116 0.053600 -0.425997
1.117146 0.000000 -0.427090
1.117146 0.053600 -0.427090
1.117231 0.000000 -0.428173
1.117231 0.053600 -0.428173
1.117369 0.000000 -0.429243
1.117369 0.053600 -0.429243
1.117557 0.000000 -0.430295
1.117557 0.053600 -0.430295
1.117797 0.000000 -0.431336
1.117797 0.053600 -0.431336
1.118091 0.000000 -0.432374
1.118091 0.053600 -0.432374
1.118439 0.000000 -0.433403
1.118439 0.053600 -0.433403
1.118840 0.000000 -0.434420
1.118840 0.053600 -0.434420
1.119294 0.000000 -0.435421
1.119294 0.053600 -0.435421
1.119801 0.000000 -0.436401
1.119801 0.053600 -0.436401
1.120358 0.000000 -0.437357
1.120358 0.053600 -0.437357
1.120964 0.000000 -0.438284
1.120964 0.053600 -0.438284
1.121616 0.000000 -0.439179
1.121616 0.053600 -0.439179
1.122313 0.000000 -0.440039
1.122313 0.053600 -0.440039
1.123050 0.000000 -0.440860
1.123050 0.053600 -0.440860
1.123824 0.000000 -0.441640
1.123824 0.053600 -0.441640
1.124633 0.000000 -0.442375
1.124633 0.053600 -0.442375
1.125473 0.000000 -0.443065
1.125473 0.053600 -0.443065
1.126339 0.000000 -0.443708
1.126339 0.053600 -0.443708
1.127228 0.000000 -0.444301
1.127228 0.053600 -0.444301
1.127228 0.000000 -0.444301
1.127228 0.053600 -0.444301
1.126158 0.000000 -0.445991
1.126158 0.053600 -0.445991
1.126158 0.000000 -0.445991
1.125188 0.000000 -0.445343
1.124242 0.000000 -0.444642
1.123325 0.000000 -0.443888
1.122442 0.000000 -0.443085
1.121596 0.000000 -0.442234
1.120791 0.000000 -0.441337
1.120031 0.000000 -0.440398
1.119318 0.000000 -0.439421
1.118657 0.000000 -0.438408
1.118048 0.000000 -0.437364
1.117495 0.000000 -0.436294
1.116999 0.000000 -0.435201
1.116560 0.000000 -0.434090
1.116181 0.000000 -0.432966
1.115860 0.000000 -0.431833
1.115598 0.000000 -0.430696
1.115392 0.000000 -0.429547
1.115242 0.000000 -0.428379
1.115149 0.000000 -0.427196
1.115116 0.000000 -0.426003
1.115143 0.000000 -0.424803
1.115231 0.000000 -0.423601
1.115381 0.000000 -0.422402
1.115591 0.000000 -0.421211
1.115862 0.000000 -0.420032
1.116192 0.000000 -0.418870
1.116580 0.000000 -0.417730
1.117024 0.000000 -0.416614
1.117520 0.000000 -0.415528
1.118067 0.000000 -0.414476
1.118662 0.000000 -0.413459
1.119300 0.000000 -0.412482
1.120947 0.000000 -0.413616
1.120363 0.000000 -0.414511
1.119819 0.000000 -0.415441
1.119318 0.000000 -0.416406
1.118863 0.000000 -0.417400
1.118457 0.000000 -0.418421
1.118102 0.000000 -0.419466
1.117799 0.000000 -0.420530
1.117551 0.000000 -0.421610
1.117358 0.000000 -0.422700
1.117221 0.000000 -0.423798
1.117141 0.000000 -0.424898
1.117116 0.000000 -0.425997
1.117146 0.000000 -0.427090
1.117231 0.000000 -0.428173
1.117369 0.000000 -0.429243
1.117557 0.000000 -0.430295
1.117797 0.000000 -0.431336
1.118091 0.000000 -0.432374
1.118439 0.000000 -0.433403
1.118840 0.000000 -0.434420
1.119294 0.000000 -0.435421
1.119801 0.000000 -0.436401
1.120358 0.000000 -0.437357
1.120964 0.000000 -0.438284
1.121616 0.000000 -0.439179
1.122313 0.000000 -0.440039
1.123050 0.000000 -0.440860
1.123824 0.000000 -0.441640
1.124633 0.000000 -0.442375
1.125473 0.000000 -0.443065
1.126339 0.000000 -0.443708
1.127228 0.000000 -0.444301
1.126158 0.053600 -0.445991
1.125188 0.053600 -0.445343
1.124242 0.053600 -0.444642
1.123325 0.053600 -0.443888
1.122442 0.053600 -0.443085
1.121596 0.053600 -0.442234
1.120791 0.053600 -0.441337
1.120031 0.053600 -0.440398
1.119318 0.053600 -0.439421
1.118657 0.053600 -0.438408
1.118048 0.053600 -0.437364
1.117495 0.053600 -0.436294
1.116999 0.053600 -0.435201
1.116560 0.053600 -0.434090
1.116181 0.053600 -0.432966
1.115860 0.053600 -0.431833
1.115598 0.053600 -0.430696
1.115392 0.053600 -0.429547
1.115242 0.053600 -0.428379
1.115149 0.053600 -0.427196
1.115116 0.053600 -0.426003
1.115143 0.053600 -0.424803
1.115231 0.053600 -0.423601
1.115381 0.053600 -0.422402
1.115591 0.053600 -0.421211
1.115862 0.053600 -0.420032
1.116192 0.053600 -0.418870
1.116580 0.053600 -0.417730
1.117024 0.053600 -0.416614
1.117520 0.053600 -0.415528
1.118067 0.053600 -0.414476
1.118662 0.053600 -0.413459
1.119300 0.053600 -0.412482
1.120947 0.053600 -0.413616
1.120363 0.053600 -0.414511
1.119819 0.053600 -0.415441
1.119318 0.053600 -0.416406
1.118863 0.053600 -0.417400
1.118457 0.053600 -0.418421
1.118102 0.053600 -0.419466
1.117799 0.053600 -0.420530
1.117551 0.053600 -0.421610
1.117358 0.053600 -0.422700
1.117221 0.053600 -0.423798
1.117141 0.053600 -0.424898
1.117116 0.053600 -0.425997
1.117146 0.053600 -0.427090
1.117231 0.053600 -0.428173
1.117369 0.053600 -0.429243
1.117557 0.053600 -0.430295
1.117797 0.053600 -0.431336
1.118091 0.053600 -0.432374
1.118439 0.053600 -0.433403
1.118840 0.053600 -0.434420
1.119294 0.053600 -0.435421
1.119801 0.053600 -0.436401
1.120358 0.053600 -0.437357
1.120964 0.053600 -0.438284
1.121616 0.053600 -0.439179
1.122313 0.053600 -0.440039
1.123050 0.053600 -0.440860
1.123824 0.053600 -0.441640
1.124633 0.053600 -0.442375
1.125473 0.053600 -0.443065
1.126339 0.053600 -0.443708
1.127228 0.053600 -0.444301
1.158394 0.000000 -0.439393
1.158394 0.053600 -0.439393
1.156746 0.000000 -0.438259
1.156746 0.053600 -0.438259
1.156746 0.000000 -0.438259
1.156746 0.053600 -0.438259
1.157330 0.000000 -0.437364
1.157330 0.053600 -0.437364
1.157874 0.000000 -0.436433
1.157874 0.053600 -0.436433
1.158375 0.000000 -0.435469
1.158375 0.053600 -0.435469
1.158830 0.000000 -0.434475
1.158830 0.053600 -0.434475
1.159236 0.000000 -0.433453
1.159236 0.053600 -0.433453
1.159591 0.000000 -0.432409
1.159591 0.053600 -0.432409
1.159894 0.000000 -0.431345
1.159894 0.053600 -0.431345
1.160142 0.000000 -0.430265
1.160142 0.053600 -0.430265
1.160335 0.000000 -0.429175
1.160335 0.053600 -0.429175
1.160472 0.000000 -0.428077
1.160472 0.053600 -0.428077
1.160553 0.000000 -0.426976
1.160553 0.053600 -0.426976
1.160577 0.000000 -0.425878
1.160577 0.053600 -0.425878
1.160547 0.000000 -0.424785
1.160547 0.053600 -0.424785
1.160462 0.000000 -0.423701
1.160462 0.053600 -0.423701
1.160324 0.000000 -0.422632
1.160324 0.053600 -0.422632
1.160136 0.000000 -0.421580
1.160136 0.053600 -0.421580
1.159896 0.000000 -0.420538
1.159896 0.053600 -0.420538
1.159602 0.000000 -0.419501
1.159602 0.053600 -0.419501
1.159255 0.000000 -0.418472
1.159255 0.053600 -0.418472
1.158853 0.000000 -0.417454
1.158853 0.053600 -0.417454
1.158399 0.000000 -0.416454
1.158399 0.053600 -0.416454
1.157892 0.000000 -0.415474
1.157892 0.053600 -0.415474
1.157335 0.000000 -0.414518
1.157335 0.053600 -0.414518
1.156729 0.000000 -0.413591
1.156729 0.053600 -0.413591
1.156077 0.000000 -0.412695
1.156077 0.053600 -0.412695
1.155380 0.000000 -0.411836
1.155380 0.053600 -0.411836
1.154643 0.000000 -0.411015
1.154643 0.053600 -0.411015
1.153869 0.000000 -0.410235
1.153869 0.053600 -0.410235
1.153060 0.000000 -0.409499
1.153060 0.053600 -0.409499
1.152220 0.000000 -0.408809
1.152220 0.053600 -0.408809
1.151354 0.000000 -0.408167
1.151354 0.053600 -0.408167
1.150465 0.000000 -0.407574
1.150465 0.053600 -0.407574
1.150465 0.000000 -0.407574
1.150465 0.053600 -0.407574
1.151535 0.000000 -0.405884
1.151535 0.053600 -0.405884
1.151535 0.000000 -0.405884
1.151535 0.053600 -0.405884
1.152506 0.000000 -0.406532
1.152506 0.053600 -0.406532
1.153451 0.000000 -0.407233
1.153451 0.053600 -0.407233
1.154368 0.000000 -0.407986
1.154368 0.053600 -0.407986
1.155251 0.000000 -0.408790
1.155251 0.053600 -0.408790
1.156097 0.000000 -0.409641
1.156097 0.053600 -0.409641
1.156902 0.000000 -0.410538
1.156902 0.053600 -0.410538
1.157662 0.000000 -0.411477
1.157662 0.053600 -0.411477
1.158375 0.000000 -0.412454
1.158375 0.053600 -0.412454
1.159037 0.000000 -0.413467
1.159037 0.053600 -0.413467
1.159645 0.000000 -0.414510
1.159645 0.053600 -0.414510
1.160198 0.000000 -0.415581
1.160198 0.053600 -0.415581
1.160694 0.000000 -0.416674
1.160694 0.053600 -0.416674
1.161133 0.000000 -0.417784
1.161133 0.053600 -0.417784
1.161512 0.000000 -0.418909
1.161512 0.053600 -0.418909
1.161833 0.000000 -0.420041
1.161833 0.053600 -0.420041
1.162095 0.000000 -0.421179
1.162095 0.053600 -0.421179
1.162301 0.000000 -0.422328
1.162301 0.053600 -0.422328
1.162451 0.000000 -0.423496
1.162451 0.053600 -0.423496
1.162544 0.000000 -0.424678
1.162544 0.053600 -0.424678
1.162577 0.000000 -0.425872
1.162577 0.053600 -0.425872
1.162550 0.000000 -0.427072
1.162550 0.053600 -0.427072
1.162462 0.000000 -0.428274
1.162462 0.053600 -0.428274
1.162313 0.000000 -0.429472
1.162313 0.053600 -0.429472
1.162102 0.000000 -0.430664
1.162102 0.053600 -0.430664
1.161831 0.000000 -0.431842
1.161831 0.053600 -0.431842
1.161501 0.000000 -0.433004
1.161501 0.053600 -0.433004
1.161113 0.000000 -0.434145
1.161113 0.053600 -0.434145
1.160669 0.000000 -0.435260
1.160669 0.053600 -0.435260
1.160173 0.000000 -0.436346
1.160173 0.053600 -0.436346
1.159626 0.000000 -0.437399
1.159626 0.053600 -0.437399
1.159032 0.000000 -0.438416
1.159032 0.053600 -0.438416
1.158394 0.000000 -0.439393
1.158394 0.053600 -0.439393
1.158394 0.000000 -0.439393
1.156746 0.000000 -0.438259
1.157330 0.000000 -0.437364
1.157874 0.000000 -0.436433
1.158375 0.000000 -0.435469
1.158830 0.000000 -0.434475
1.159236 0.000000 -0.433453
1.159591 0.000000 -0.432409
1.159894 0.000000 -0.431345
1.160142 0.000000 -0.430265
1.160335 0.000000 -0.429175
1.160472 0.000000 -0.428077
1.160553 0.000000 -0.426976
1.160577 0.000000 -0.425878
1.160547 0.000000 -0.424785
1.160462 0.000000 -0.423701
1.160324 0.000000 -0.422632
1.160136 0.000000 -0.421580
1.159896 0.000000 -0.420538
1.159602 0.000000 -0.419501
1.159255 0.000000 -0.418472
1.158853 0.000000 -0.417454
1.158399 0.000000 -0.416454
1.157892 0.000000 -0.415474
1.157335 0.000000 -0.414518
1.156729 0.000000 -0.413591
1.156077 0.000000 -0.412695
1.155380 0.000000 -0.411836
1.154643 0.000000 -0.411015
1.153869 0.000000 -0.410235
1.153060 0.000000 -0.409499
1.152220 0.000000 -0.408809
1.151354 0.000000 -0.408167
1.150465 0.000000 -0.407574
1.151535 0.000000 -0.405884
1.152506 0.000000 -0.406532
1.153451 0.000000 -0.407233
1.154368 0.000000 -0.407986
1.155251 0.000000 -0.408790
1.156097 0.000000 -0.409641
1.156902 0.000000 -0.410538
1.157662 0.000000 -0.411477
1.158375 0.000000 -0.412454
1.159037 0.000000 -0.413467
1.159645 0.000000 -0.414510
1.160198 0.000000 -0.415581
1.160694 0.000000 -0.416674
1.161133 0.000000 -0.417784
1.161512 0.000000 -0.418909
1.161833 0.000000 -0.420041
1.162095 0.000000 -0.421179
1.162301 0.000000 -0.422328
1.162451 0.000000 -0.423496
1.162544 0.000000 -0.424678
1.162577 0.000000 -0.425872
1.162550 0.000000 -0.427072
1.162462 0.000000 -0.428274
1.162313 0.000000 -0.429472
1.162102 0.000000 -0.430664
1.161831 0.000000 -0.431842
1.161501 0.000000 -0.433004
1.161113 0.000000 -0.434145
1.160669 0.000000 -0.435260
1.160173 0.000000 -0.436346
1.159626 0.000000 -0.437399
1.159032 0.000000 -0.438416
1.158394 0.053600 -0.439393
1.156746 0.053600 -0.438259
1.157330 0.053600 -0.437364
1.157874 0.053600 -0.436433
1.158375 0.053600 -0.435469
1.158830 0.053600 -0.434475
1.159236 0.053600 -0.433453
1.159591 0.053600 -0.432409
1.159894 0.053600 -0.431345
1.160142 0.053600 -0.430265
1.160335 0.053600 -0.429175
1.160472 0.053600 -0.428077
1.160553 0.053600 -0.426976
1.160577 0.053600 -0.425878
1.160547 0.053600 -0.424785
1.160462 0.053600 -0.423701
1.160324 0.053600 -0.422632
1.160136 0.053600 -0.421580
1.159896 0.053600 -0.420538
1.159602 0.053600 -0.419501
1.159255 0.053600 -0.418472
1.158853 0.053600 -0.417454
1.158399 0.053600 -0.416454
1.157892 0.053600 -0.415474
1.157335 0.053600 -0.414518
1.156729 0.053600 -0.413591
1.156077 0.053600 -0.412695
1.155380 0.053600 -0.411836
1.154643 0.053600 -0.411015
1.153869 0.053600 -0.410235
1.153060 0.053600 -0.409499
1.152220 0.053600 -0.408809
1.151354 0.053600 -0.408167
1.150465 0.053600 -0.407574
1.151535 0.053600 -0.405884
1.152506 0.053600 -0.406532
1.153451 0.053600 -0.407233
1.154368 0.053600 -0.407986
1.155251 0.053600 -0.408790
1.156097 0.053600 -0.409641
1.156902 0.053600 -0.410538
1.157662 0.053600 -0.411477
1.158375 0.053600 -0.412454
1.159037 0.053600 -0.413467
1.159645 0.053600 -0.414510
1.160198 0.053600 -0.415581
1.160694 0.053600 -0.416674
1.161133 0.053600 -0.417784
1.161512 0.053600 -0.418909
1.161833 0.053600 -0.420041
1.162095 0.053600 -0.421179
1.162301 0.053600 -0.422328
1.162451 0.053600 -0.423496
1.162544 0.053600 -0.424678
1.162577 0.053600 -0.425872
1.162550 0.053600 -0.427072
1.162462 0.053600 -0.428274
1.162313 0.053600 -0.429472
1.162102 0.053600 -0.430664
1.161831 0.053600 -0.431842
1.161501 0.053600 -0.433004
1.161113 0.053600 -0.434145
1.160669 0.053600 -0.435260
1.160173 0.053600 -0.436346
1.159626 0.053600 -0.437399
1.159032 0.053600 -0.438416
1.723276 0.038793 -0.424877
1.723276 0.069104 -0.424877
1.694047 0.038793 -0.424877
1.694047 0.069104 -0.424877
1.694047 0.038793 -0.424877
1.694047 0.069104 -0.424877
1.694036 0.038793 -0.410877
1.694036 0.069104 -0.410877
1.694036 0.038793 -0.410877
1.694036 0.069104 -0.410877
1.723265 0.038793 -0.410877
1.723265 0.069104 -0.410877
1.694047 0.038793 -0.424877
1.694036 0.038793 -0.410877
1.723265 0.038793 -0.410877
1.723276 0.038793 -0.424877
1.694047 0.069104 -0.424877
1.694036 0.069104 -0.410877
1.723265 0.069104 -0.410877
1.723276 0.069104 -0.424877
1.723276 0.069104 -0.424877
1.723265 0.069104 -0.410877
1.723276 0.038793 -0.424877
1.723265 0.038793 -0.410877
1.228825 0.000000 -0.479332
1.228825 0.077484 -0.479332
1.225850 0.000000 -0.479718
1.225850 0.077484 -0.479718
1.225850 0.000000 -0.479718
1.225850 0.077484 -0.479718
1.225273 0.000000 -0.475476
1.225273 0.077484 -0.475476
1.224575 0.000000 -0.470680
1.224575 0.077484 -0.470680
1.223784 0.000000 -0.465517
1.223784 0.077484 -0.465517
1.222933 0.000000 -0.460171
1.222933 0.077484 -0.460171
1.222050 0.000000 -0.454831
1.222050 0.077484 -0.454831
1.221166 0.000000 -0.449683
1.221166 0.077484 -0.449683
1.220311 0.000000 -0.444912
1.220311 0.077484 -0.444912
1.219516 0.000000 -0.440706
1.219516 0.077484 -0.440706
1.219516 0.000000 -0.440706
1.219516 0.077484 -0.440706
1.222461 0.000000 -0.440130
1.222461 0.077484 -0.440130
1.222461 0.000000 -0.440130
1.222461 0.077484 -0.440130
1.223262 0.000000 -0.444372
1.223262 0.077484 -0.444372
1.224122 0.000000 -0.449167
1.224122 0.077484 -0.449167
1.225009 0.000000 -0.454335
1.225009 0.077484 -0.454335
1.225895 0.000000 -0.459690
1.225895 0.077484 -0.459690
1.226749 0.000000 -0.465051
1.226749 0.077484 -0.465051
1.227542 0.000000 -0.470234
1.227542 0.077484 -0.470234
1.228244 0.000000 -0.475055
1.228244 0.077484 -0.475055
1.228825 0.000000 -0.479332
1.228825 0.077484 -0.479332
1.228825 0.000000 -0.479332
1.225850 0.000000 -0.479718
1.225273 0.000000 -0.475476
1.224575 0.000000 -0.470680
1.223784 0.000000 -0.465517
1.222933 0.000000 -0.460171
1.222050 0.000000 -0.454831
1.221166 0.000000 -0.449683
1.220311 0.000000 -0.444912
1.219516 0.000000 -0.440706
1.222461 0.000000 -0.440130
1.223262 0.000000 -0.444372
1.224122 0.000000 -0.449167
1.225009 0.000000 -0.454335
1.225895 0.000000 -0.459690
1.226749 0.000000 -0.465051
1.227542 0.000000 -0.470234
1.228244 0.000000 -0.475055
1.228825 0.077484 -0.479332
1.225850 0.077484 -0.479718
1.225273 0.077484 -0.475476
1.224575 0.077484 -0.470680
1.223784 0.077484 -0.465517
1.222933 0.077484 -0.460171
1.222050 0.077484 -0.454831
1.221166 0.077484 -0.449683
1.220311 0.077484 -0.444912
1.219516 0.077484 -0.440706
1.222461 0.077484 -0.440130
1.223262 0.077484 -0.444372
1.224122 0.077484 -0.449167
1.225009 0.077484 -0.454335
1.225895 0.077484 -0.459690
1.226749 0.077484 -0.465051
1.227542 0.077484 -0.470234
1.228244 0.077484 -0.475055
1.232549 0.000000 -0.517196
1.232549 0.077484 -0.517196
1.218581 0.000000 -0.518137
1.218581 0.077484 -0.518137
1.218581 0.019371 -0.518137
1.218581 0.038742 -0.518137
1.218581 0.058113 -0.518137
1.232549 0.058113 -0.517196
1.232549 0.038742 -0.517196
1.232549 0.019371 -0.517196
1.218581 0.000000 -0.518137
1.218581 0.019371 -0.518137
1.218581 0.038742 -0.518137
1.218581 0.058113 -0.518137
1.218581 0.077484 -0.518137
1.217885 0.000000 -0.508866
1.217885 0.019371 -0.508866
1.217885 0.038742 -0.508866
1.217885 0.058113 -0.508866
1.217885 0.077484 -0.508866
1.217046 0.000000 -0.499606
1.217046 0.019371 -0.499606
1.217046 0.038742 -0.499606
1.217046 0.058113 -0.499606
1.217046 0.077484 -0.499606
1.216064 0.000000 -0.490360
1.216064 0.019371 -0.490360
1.216064 0.038742 -0.490360
1.216064 0.058113 -0.490360
1.216064 0.077484 -0.490360
1.214941 0.000000 -0.481131
1.214941 0.019371 -0.481131
1.214941 0.038742 -0.481131
1.214941 0.058113 -0.481131
1.214941 0.077484 -0.481131
1.214941 0.000000 -0.481131
1.214941 0.077484 -0.481131
1.228825 0.000000 -0.479332
1.228825 0.077484 -0.479332
1.214941 0.058113 -0.481131
1.214941 0.038742 -0.481131
1.214941 0.019371 -0.481131
1.228825 0.019371 -0.479332
1.228825 0.038742 -0.479332
1.228825 0.058113 -0.479332
1.228825 0.000000 -0.479332
1.228825 0.019371 -0.479332
1.228825 0.038742 -0.479332
1.228825 0.058113 -0.479332
1.228825 0.077484 -0.479332
1.229975 0.000000 -0.488775
1.229975 0.019371 -0.488775
1.229975 0.038742 -0.488775
1.229975 0.058113 -0.488775
1.229975 0.077484 -0.488775
1.230978 0.000000 -0.498235
1.230978 0.019371 -0.498235
1.230978 0.038742 -0.498235
1.230978 0.058113 -0.498235
1.230978 0.077484 -0.498235
1.231837 0.000000 -0.507710
1.231837 0.019371 -0.507710
1.231837 0.038742 -0.507710
1.231837 0.058113 -0.507710
1.231837 0.077484 -0.507710
1.232549 0.000000 -0.517196
1.232549 0.019371 -0.517196
1.232549 0.038742 -0.517196
1.232549 0.058113 -0.517196
1.232549 0.077484 -0.517196
1.232549 0.000000 -0.517196
1.218581 0.000000 -0.518137
1.217885 0.000000 -0.508866
1.217046 0.000000 -0.499606
1.216064 0.000000 -0.490360
1.214941 0.000000 -0.481131
1.228825 0.000000 -0.479332
1.229975 0.000000 -0.488775
1.230978 0.000000 -0.498235
1.231837 0.000000 -0.507710
1.232549 0.077484 -0.517196
1.218581 0.077484 -0.518137
1.217885 0.077484 -0.508866
1.217046 0.077484 -0.499606
1.216064 0.077484 -0.490360
1.214941 0.077484 -0.481131
1.228825 0.077484 -0.479332
1.229975 0.077484 -0.488775
1.230978 0.077484 -0.498235
1.231837 0.077484 -0.507710
0.255242 0.000000 -0.466806
0.255242 -0.010000 -0.466806
0.258642 0.000000 -0.454376
0.258642 -0.010000 -0.454376
0.262487 0.000000 -0.442018
0.262487 -0.010000 -0.442018
0.266776 0.000000 -0.429757
0.266776 -0.010000 -0.429757
0.271506 0.000000 -0.417616
0.271506 -0.010000 -0.417616
0.276671 0.000000 -0.405618
0.276671 -0.010000 -0.405618
0.282265 0.000000 -0.393788
0.282265 -0.010000 -0.393788
0.288278 0.000000 -0.382147
0.288278 -0.010000 -0.382147
0.294703 0.000000 -0.370718
0.294703 -0.010000 -0.370718
0.301526 0.000000 -0.359522
0.301526 -0.010000 -0.359522
0.308734 0.000000 -0.348580
0.308734 -0.010000 -0.348580
0.316313 0.000000 -0.337912
0.316313 -0.010000 -0.337912
0.324248 0.000000 -0.327536
0.324248 -0.010000 -0.327536
0.332521 0.000000 -0.317470
0.332521 -0.010000 -0.317470
0.341115 0.000000 -0.307729
0.341115 -0.010000 -0.307729
0.350010 0.000000 -0.298328
0.350010 -0.010000 -0.298328
0.359186 0.000000 -0.289280
0.359186 -0.010000 -0.289280
0.359186 0.000000 -0.289280
0.359186 -0.010000 -0.289280
0.289529 0.000000 -0.216144
0.289529 -0.010000 -0.216144
0.289529 0.000000 -0.216144
0.289529 -0.010000 -0.216144
0.277862 0.000000 -0.227647
0.277862 -0.010000 -0.227647
0.266553 0.000000 -0.239600
0.266553 -0.010000 -0.239600
0.255627 0.000000 -0.251985
0.255627 -0.010000 -0.251985
0.245108 0.000000 -0.264784
0.245108 -0.010000 -0.264784
0.235020 0.000000 -0.277976
0.235020 -0.010000 -0.277976
0.225383 0.000000 -0.291539
0.225383 -0.010000 -0.291539
0.216218 0.000000 -0.305451
0.216218 -0.010000 -0.305451
0.207544 0.000000 -0.319685
0.207544 -0.010000 -0.319685
0.199376 0.000000 -0.334216
0.199376 -0.010000 -0.334216
0.191730 0.000000 -0.349017
0.191730 -0.010000 -0.349017
0.184618 0.000000 -0.364058
0.184618 -0.010000 -0.364058
0.178051 0.000000 -0.379312
0.178051 -0.010000 -0.379312
0.172037 0.000000 -0.394749
0.172037 -0.010000 -0.394749
0.166584 0.000000 -0.410338
0.166584 -0.010000 -0.410338
0.161695 0.000000 -0.426050
0.161695 -0.010000 -0.426050
0.157373 0.000000 -0.441854
0.157373 -0.010000 -0.441854
0.157373 0.000000 -0.441854
0.157373 -0.010000 -0.441854
0.255242 0.000000 -0.466806
0.255242 -0.010000 -0.466806
0.255242 0.000000 -0.466806
0.258642 0.000000 -0.454376
0.262487 0.000000 -0.442018
0.266776 0.000000 -0.429757
0.271506 0.000000 -0.417616
0.276671 0.000000 -0.405618
0.282265 0.000000 -0.393788
0.288278 0.000000 -0.382147
0.294703 0.000000 -0.370718
0.301526 0.000000 -0.359522
0.308734 0.000000 -0.348580
0.316313 0.000000 -0.337912
0.324248 0.000000 -0.327536
0.332521 0.000000 -0.317470
0.341115 0.000000 -0.307729
0.350010 0.000000 -0.298328
0.359186 0.000000 -0.289280
0.289529 0.000000 -0.216144
0.277862 0.000000 -0.227647
0.266553 0.000000 -0.239600
0.255627 0.000000 -0.251985
0.245108 0.000000 -0.264784
0.235020 0.000000 -0.277976
0.225383 0.000000 -0.291539
0.216218 0.000000 -0.305451
0.207544 0.000000 -0.319685
0.199376 0.000000 -0.334216
0.191730 0.000000 -0.349017
0.184618 0.000000 -0.364058
0.178051 0.000000 -0.379312
0.172037 0.000000 -0.394749
0.166584 0.000000 -0.410338
0.161695 0.000000 -0.426050
0.157373 0.000000 -0.441854
0.255242 -0.010000 -0.466806
0.258642 -0.010000 -0.454376
0.262487 -0.010000 -0.442018
0.266776 -0.010000 -0.429757
0.271506 -0.010000 -0.417616
0.276671 -0.010000 -0.405618
0.282265 -0.010000 -0.393788
0.288278 -0.010000 -0.382147
0.294703 -0.010000 -0.370718
0.301526 -0.010000 -0.359522
0.308734 -0.010000 -0.348580
0.316313 -0.010000 -0.337912
0.324248 -0.010000 -0.327536
0.332521 -0.010000 -0.317470
0.341115 -0.010000 -0.307729
0.350010 -0.010000 -0.298328
0.359186 -0.010000 -0.289280
0.289529 -0.010000 -0.216144
0.277862 -0.010000 -0.227647
0.266553 -0.010000 -0.239600
0.255627 -0.010000 -0.251985
0.245108 -0.010000 -0.264784
0.235020 -0.010000 -0.277976
0.225383 -0.010000 -0.291539
0.216218 -0.010000 -0.305451
0.207544 -0.010000 -0.319685
0.199376 -0.010000 -0.334216
0.191730 -0.010000 -0.349017
0.184618 -0.010000 -0.364058
0.178051 -0.010000 -0.379312
0.172037 -0.010000 -0.394749
0.166584 -0.010000 -0.410338
0.161695 -0.010000 -0.426050
0.157373 -0.010000 -0.441854
0.972745 0.000000 -0.664013
0.972745 -0.010000 -0.664013
1.072089 0.000000 -0.683909
1.072089 -0.010000 -0.683909
1.072089 0.000000 -0.683909
1.072089 -0.010000 -0.683909
1.075905 0.000000 -0.669061
1.075905 -0.010000 -0.669061
1.079249 0.000000 -0.654041
1.079249 -0.010000 -0.654041
1.082112 0.000000 -0.638871
1.082112 -0.010000 -0.638871
1.084483 0.000000 -0.623575
1.084483 -0.010000 -0.623575
1.086357 0.000000 -0.608176
1.086357 -0.010000 -0.608176
1.087727 0.000000 -0.592699
1.087727 -0.010000 -0.592699
1.088588 0.000000 -0.577168
1.088588 -0.010000 -0.577168
1.088938 0.000000 -0.561609
1.088938 -0.010000 -0.561609
1.088777 0.000000 -0.546047
1.088777 -0.010000 -0.546047
1.088104 0.000000 -0.530507
1.088104 -0.010000 -0.530507
1.086922 0.000000 -0.515015
1.086922 -0.010000 -0.515015
1.085235 0.000000 -0.499594
1.085235 -0.010000 -0.499594
1.083049 0.000000 -0.484270
1.083049 -0.010000 -0.484270
1.080371 0.000000 -0.469067
1.080371 -0.010000 -0.469067
1.077209 0.000000 -0.454007
1.077209 -0.010000 -0.454007
1.073574 0.000000 -0.439114
1.073574 -0.010000 -0.439114
1.073574 0.000000 -0.439114
1.073574 -0.010000 -0.439114
0.974212 0.000000 -0.458574
0.974212 -0.010000 -0.458574
0.974212 0.000000 -0.458574
0.974212 -0.010000 -0.458574
0.977462 0.000000 -0.471026
0.977462 -0.010000 -0.471026
0.980290 0.000000 -0.483638
0.980290 -0.010000 -0.483638
0.982686 0.000000 -0.496387
0.982686 -0.010000 -0.496387
0.984641 0.000000 -0.509251
0.984641 -0.010000 -0.509251
0.986149 0.000000 -0.522208
0.986149 -0.010000 -0.522208
0.987204 0.000000 -0.535234
0.987204 -0.010000 -0.535234
0.987801 0.000000 -0.548304
0.987801 -0.010000 -0.548304
0.987937 0.000000 -0.561396
0.987937 -0.010000 -0.561396
0.987614 0.000000 -0.574485
0.987614 -0.010000 -0.574485
0.986830 0.000000 -0.587546
0.986830 -0.010000 -0.587546
0.985590 0.000000 -0.600555
0.985590 -0.010000 -0.600555
0.983897 0.000000 -0.613489
0.983897 -0.010000 -0.613489
0.981758 0.000000 -0.626324
0.981758 -0.010000 -0.626324
0.979180 0.000000 -0.639038
0.979180 -0.010000 -0.639038
0.976172 0.000000 -0.651608
0.976172 -0.010000 -0.651608
0.972745 0.000000 -0.664013
0.972745 -0.010000 -0.664013
0.972745 0.000000 -0.664013
1.072089 0.000000 -0.683909
1.075905 0.000000 -0.669061
1.079249 0.000000 -0.654041
1.082112 0.000000 -0.638871
1.084483 0.000000 -0.623575
1.086357 0.000000 -0.608176
1.087727 0.000000 -0.592699
1.088588 0.000000 -0.577168
1.088938 0.000000 -0.561609
1.088777 0.000000 -0.546047
1.088104 0.000000 -0.530507
1.086922 0.000000 -0.515015
1.085235 0.000000 -0.499594
1.083049 0.000000 -0.484270
1.080371 0.000000 -0.469067
1.077209 0.000000 -0.454007
1.073574 0.000000 -0.439114
0.974212 0.000000 -0.458574
0.977462 0.000000 -0.471026
0.980290 0.000000 -0.483638
0.982686 0.000000 -0.496387
0.984641 0.000000 -0.509251
0.986149 0.000000 -0.522208
0.987204 0.000000 -0.535234
0.987801 0.000000 -0.548304
0.987937 0.000000 -0.561396
0.987614 0.000000 -0.574485
0.986830 0.000000 -0.587546
0.985590 0.000000 -0.600555
0.983897 0.000000 -0.613489
0.981758 0.000000 -0.626324
0.979180 0.000000 -0.639038
0.976172 0.000000 -0.651608
0.972745 -0.010000 -0.664013
1.072089 -0.010000 -0.683909
1.075905 -0.010000 -0.669061
1.079249 -0.010000 -0.654041
1.082112 -0.010000 -0.638871
1.084483 -0.010000 -0.623575
1.086357 -0.010000 -0.608176
1.087727 -0.010000 -0.592699
1.088588 -0.010000 -0.577168
1.088938 -0.010000 -0.561609
1.088777 -0.010000 -0.546047
1.088104 -0.010000 -0.530507
1.086922 -0.010000 -0.515015
1.085235 -0.010000 -0.499594
1.083049 -0.010000 -0.484270
1.080371 -0.010000 -0.469067
1.077209 -0.010000 -0.454007
1.073574 -0.010000 -0.439114
0.974212 -0.010000 -0.458574
0.977462 -0.010000 -0.471026
0.980290 -0.010000 -0.483638
0.982686 -0.010000 -0.496387
0.984641 -0.010000 -0.509251
0.986149 -0.010000 -0.522208
0.987204 -0.010000 -0.535234
0.987801 -0.010000 -0.548304
0.987937 -0.010000 -0.561396
0.987614 -0.010000 -0.574485
0.986830 -0.010000 -0.587546
0.985590 -0.010000 -0.600555
0.983897 -0.010000 -0.613489
0.981758 -0.010000 -0.626324
0.979180 -0.010000 -0.639038
0.976172 -0.010000 -0.651608
1.216095 0.000000 -0.411258
1.216095 -0.010000 -0.411258
1.215804 0.000000 -0.411258
1.215804 -0.010000 -0.411258
1.215804 0.000000 -0.411258
1.215804 -0.010000 -0.411258
1.073574 0.000000 -0.439114
1.073574 -0.010000 -0.439114
1.073574 0.000000 -0.439114
1.073574 -0.010000 -0.439114
1.077209 0.000000 -0.454007
1.077209 -0.010000 -0.454007
1.080371 0.000000 -0.469067
1.080371 -0.010000 -0.469067
1.083049 0.000000 -0.484270
1.083049 -0.010000 -0.484270
1.085235 0.000000 -0.499594
1.085235 -0.010000 -0.499594
1.086922 0.000000 -0.515015
1.086922 -0.010000 -0.515015
1.088104 0.000000 -0.530507
1.088104 -0.010000 -0.530507
1.088777 0.000000 -0.546047
1.088777 -0.010000 -0.546047
1.088938 0.000000 -0.561609
1.088938 -0.010000 -0.561609
1.088588 0.000000 -0.577168
1.088588 -0.010000 -0.577168
1.087727 0.000000 -0.592699
1.087727 -0.010000 -0.592699
1.086357 0.000000 -0.608176
1.086357 -0.010000 -0.608176
1.084483 0.000000 -0.623575
1.084483 -0.010000 -0.623575
1.082112 0.000000 -0.638871
1.082112 -0.010000 -0.638871
1.079249 0.000000 -0.654041
1.079249 -0.010000 -0.654041
1.075905 0.000000 -0.669061
1.075905 -0.010000 -0.669061
1.072089 0.000000 -0.683909
1.072089 -0.010000 -0.683909
1.072089 0.000000 -0.683909
1.072089 -0.010000 -0.683909
1.203132 0.000000 -0.710155
1.203132 -0.010000 -0.710155
1.203132 0.000000 -0.710155
1.203132 -0.010000 -0.710155
1.215117 0.000000 -0.710146
1.215117 -0.010000 -0.710146
1.215117 0.000000 -0.710146
1.215117 -0.010000 -0.710146
1.219425 0.000000 -0.691935
1.219425 -0.010000 -0.691935
1.223192 0.000000 -0.673543
1.223192 -0.010000 -0.673543
1.226407 0.000000 -0.654993
1.226407 -0.010000 -0.654993
1.229060 0.000000 -0.636309
1.229060 -0.010000 -0.636309
1.231146 0.000000 -0.617518
1.231146 -0.010000 -0.617518
1.232657 0.000000 -0.598646
1.232657 -0.010000 -0.598646
1.233591 0.000000 -0.579718
1.233591 -0.010000 -0.579718
1.233944 0.000000 -0.560762
1.233944 -0.010000 -0.560762
1.233715 0.000000 -0.541804
1.233715 -0.010000 -0.541804
1.232905 0.000000 -0.522870
1.232905 -0.010000 -0.522870
1.231517 0.000000 -0.503988
1.231517 -0.010000 -0.503988
1.229555 0.000000 -0.485184
1.229555 -0.010000 -0.485184
1.227023 0.000000 -0.466484
1.227023 -0.010000 -0.466484
1.223930 0.000000 -0.447913
1.223930 -0.010000 -0.447913
1.220284 0.000000 -0.429496
1.220284 -0.010000 -0.429496
1.216095 0.000000 -0.411258
1.216095 -0.010000 -0.411258
1.216095 0.000000 -0.411258
1.215804 0.000000 -0.411258
1.073574 0.000000 -0.439114
1.077209 0.000000 -0.454007
1.080371 0.000000 -0.469067
1.083049 0.000000 -0.484270
1.085235 0.000000 -0.499594
1.086922 0.000000 -0.515015
1.088104 0.000000 -0.530507
1.088777 0.000000 -0.546047
1.088938 0.000000 -0.561609
1.088588 0.000000 -0.577168
1.087727 0.000000 -0.592699
1.086357 0.000000 -0.608176
1.084483 0.000000 -0.623575
1.082112 0.000000 -0.638871
1.079249 0.000000 -0.654041
1.075905 0.000000 -0.669061
1.072089 0.000000 -0.683909
1.203132 0.000000 -0.710155
1.215117 0.000000 -0.710146
1.219425 0.000000 -0.691935
1.223192 0.000000 -0.673543
1.226407 0.000000 -0.654993
1.229060 0.000000 -0.636309
1.231146 0.000000 -0.617518
1.232657 0.000000 -0.598646
1.233591 0.000000 -0.579718
1.233944 0.000000 -0.560762
1.233715 0.000000 -0.541804
1.232905 0.000000 -0.522870
1.231517 0.000000 -0.503988
1.229555 0.000000 -0.485184
1.227023 0.000000 -0.466484
1.223930 0.000000 -0.447913
1.220284 0.000000 -0.429496
1.216095 -0.010000 -0.411258
1.215804 -0.010000 -0.411258
1.073574 -0.010000 -0.439114
1.077209 -0.010000 -0.454007
1.080371 -0.010000 -0.469067
1.083049 -0.010000 -0.484270
1.085235 -0.010000 -0.499594
1.086922 -0.010000 -0.515015
1.088104 -0.010000 -0.530507
1.088777 -0.010000 -0.546047
1.088938 -0.010000 -0.561609
1.088588 -0.010000 -0.577168
1.087727 -0.010000 -0.592699
1.086357 -0.010000 -0.608176
1.084483 -0.010000 -0.623575
1.082112 -0.010000 -0.638871
1.079249 -0.010000 -0.654041
1.075905 -0.010000 -0.669061
1.072089 -0.010000 -0.683909
1.203132 -0.010000 -0.710155
1.215117 -0.010000 -0.710146
1.219425 -0.010000 -0.691935
1.223192 -0.010000 -0.673543
1.226407 -0.010000 -0.654993
1.229060 -0.010000 -0.636309
1.231146 -0.010000 -0.617518
1.232657 -0.010000 -0.598646
1.233591 -0.010000 -0.579718
1.233944 -0.010000 -0.560762
1.233715 -0.010000 -0.541804
1.232905 -0.010000 -0.522870
1.231517 -0.010000 -0.503988
1.229555 -0.010000 -0.485184
1.227023 -0.010000 -0.466484
1.223930 -0.010000 -0.447913
1.220284 -0.010000 -0.429496
0.359186 0.000000 -0.289280
0.359186 -0.010000 -0.289280
0.347429 0.000000 -0.300989
0.347429 -0.010000 -0.300989
0.336012 0.000000 -0.313430
0.336012 -0.010000 -0.313430
0.324995 0.000000 -0.326597
0.324995 -0.010000 -0.326597
0.314439 0.000000 -0.340477
0.314439 -0.010000 -0.340477
0.304403 0.000000 -0.355053
0.304403 -0.010000 -0.355053
0.294949 0.000000 -0.370298
0.294949 -0.010000 -0.370298
0.286135 0.000000 -0.386182
0.286135 -0.010000 -0.386182
0.278019 0.000000 -0.402667
0.278019 -0.010000 -0.402667
0.270655 0.000000 -0.419709
0.270655 -0.010000 -0.419709
0.264096 0.000000 -0.437257
0.264096 -0.010000 -0.437257
0.258386 0.000000 -0.455254
0.258386 -0.010000 -0.455254
0.253569 0.000000 -0.473639
0.253569 -0.010000 -0.473639
0.249678 0.000000 -0.492346
0.249678 -0.010000 -0.492346
0.246743 0.000000 -0.511304
0.246743 -0.010000 -0.511304
0.244785 0.000000 -0.530439
0.244785 -0.010000 -0.530439
0.243818 0.000000 -0.549675
0.243818 -0.010000 -0.549675
0.243847 0.000000 -0.568936
0.243847 -0.010000 -0.568936
0.244871 0.000000 -0.588144
0.244871 -0.010000 -0.588144
0.246879 0.000000 -0.607222
0.246879 -0.010000 -0.607222
0.249854 0.000000 -0.626096
0.249854 -0.010000 -0.626096
0.253771 0.000000 -0.644694
0.253771 -0.010000 -0.644694
0.258597 0.000000 -0.662948
0.258597 -0.010000 -0.662948
0.264294 0.000000 -0.680795
0.264294 -0.010000 -0.680795
0.270819 0.000000 -0.698175
0.270819 -0.010000 -0.698175
0.278122 0.000000 -0.715035
0.278122 -0.010000 -0.715035
0.286152 0.000000 -0.731330
0.286152 -0.010000 -0.731330
0.294853 0.000000 -0.747018
0.294853 -0.010000 -0.747018
0.304167 0.000000 -0.762064
0.304167 -0.010000 -0.762064
0.314035 0.000000 -0.776442
0.314035 -0.010000 -0.776442
0.324397 0.000000 -0.790130
0.324397 -0.010000 -0.790130
0.335194 0.000000 -0.803113
0.335194 -0.010000 -0.803113
0.358077 0.000000 -0.827138
0.358077 -0.010000 -0.827138
0.370518 0.000000 -0.838554
0.370518 -0.010000 -0.838554
0.383685 0.000000 -0.849571
0.383685 -0.010000 -0.849571
0.397565 0.000000 -0.860128
0.397565 -0.010000 -0.860128
0.412141 0.000000 -0.870163
0.412141 -0.010000 -0.870163
0.427386 0.000000 -0.879618
0.427386 -0.010000 -0.879618
0.443270 0.000000 -0.888432
0.443270 -0.010000 -0.888432
0.459755 0.000000 -0.896548
0.459755 -0.010000 -0.896548
0.476797 0.000000 -0.903911
0.476797 -0.010000 -0.903911
0.494344 0.000000 -0.910471
0.494344 -0.010000 -0.910471
0.512342 0.000000 -0.916180
0.512342 -0.010000 -0.916180
0.530727 0.000000 -0.920998
0.530727 -0.010000 -0.920998
0.549434 0.000000 -0.924888
0.549434 -0.010000 -0.924888
0.568392 0.000000 -0.927823
0.568392 -0.010000 -0.927823
0.587527 0.000000 -0.929781
0.587527 -0.010000 -0.929781
0.606763 0.000000 -0.930749
0.606763 -0.010000 -0.930749
0.626024 0.000000 -0.930719
0.626024 -0.010000 -0.930719
0.645231 0.000000 -0.929696
0.645231 -0.010000 -0.929696
0.664310 0.000000 -0.927687
0.664310 -0.010000 -0.927687
0.683184 0.000000 -0.924712
0.683184 -0.010000 -0.924712
0.701782 0.000000 -0.920796
0.701782 -0.010000 -0.920796
0.720036 0.000000 -0.915970
0.720036 -0.010000 -0.915970
0.737882 0.000000 -0.910273
0.737882 -0.010000 -0.910273
0.755262 0.000000 -0.903748
0.755262 -0.010000 -0.903748
0.772123 0.000000 -0.896444
0.772123 -0.010000 -0.896444
0.788418 0.000000 -0.888414
0.788418 -0.010000 -0.888414
0.804105 0.000000 -0.879714
0.804105 -0.010000 -0.879714
0.819152 0.000000 -0.870400
0.819152 -0.010000 -0.870400
0.833530 0.000000 -0.860532
0.833530 -0.010000 -0.860532
0.847218 0.000000 -0.850169
0.847218 -0.010000 -0.850169
0.860201 0.000000 -0.839372
0.860201 -0.010000 -0.839372
0.884226 0.000000 -0.816490
0.884226 -0.010000 -0.816490
0.895642 0.000000 -0.804049
0.895642 -0.010000 -0.804049
0.906659 0.000000 -0.790882
0.906659 -0.010000 -0.790882
0.917215 0.000000 -0.777001
0.917215 -0.010000 -0.777001
0.927251 0.000000 -0.762426
0.927251 -0.010000 -0.762426
0.936706 0.000000 -0.747181
0.936706 -0.010000 -0.747181
0.945520 0.000000 -0.731297
0.945520 -0.010000 -0.731297
0.953636 0.000000 -0.714812
0.953636 -0.010000 -0.714812
0.960999 0.000000 -0.697770
0.960999 -0.010000 -0.697770
0.967559 0.000000 -0.680222
0.967559 -0.010000 -0.680222
0.973268 0.000000 -0.662225
0.973268 -0.010000 -0.662225
0.978085 0.000000 -0.643839
0.978085 -0.010000 -0.643839
0.981976 0.000000 -0.625133
0.981976 -0.010000 -0.625133
0.984911 0.000000 -0.606175
0.984911 -0.010000 -0.606175
0.986869 0.000000 -0.587040
0.986869 -0.010000 -0.587040
0.987836 0.000000 -0.567803
0.987836 -0.010000 -0.567803
0.987807 0.000000 -0.548543
0.987807 -0.010000 -0.548543
0.986783 0.000000 -0.529335
0.986783 -0.010000 -0.529335
0.984775 0.000000 -0.510257
0.984775 -0.010000 -0.510257
0.981800 0.000000 -0.491383
0.981800 -0.010000 -0.491383
0.977884 0.000000 -0.472785
0.977884 -0.010000 -0.472785
0.973058 0.000000 -0.454531
0.973058 -0.010000 -0.454531
0.967360 0.000000 -0.436684
0.967360 -0.010000 -0.436684
0.960836 0.000000 -0.419304
0.960836 -0.010000 -0.419304
0.953532 0.000000 -0.402443
0.953532 -0.010000 -0.402443
0.945502 0.000000 -0.386149
0.945502 -0.010000 -0.386149
0.936801 0.000000 -0.370461
0.936801 -0.010000 -0.370461
0.927487 0.000000 -0.355415
0.927487 -0.010000 -0.355415
0.917619 0.000000 -0.341036
0.917619 -0.010000 -0.341036
0.907257 0.000000 -0.327349
0.907257 -0.010000 -0.327349
0.896460 0.000000 -0.314366
0.896460 -0.010000 -0.314366
0.873578 0.000000 -0.290341
0.873578 -0.010000 -0.290341
0.861136 0.000000 -0.278924
0.861136 -0.010000 -0.278924
0.847969 0.000000 -0.267908
0.847969 -0.010000 -0.267908
0.834089 0.000000 -0.257351
0.834089 -0.010000 -0.257351
0.819514 0.000000 -0.247315
0.819514 -0.010000 -0.247315
0.804268 0.000000 -0.237861
0.804268 -0.010000 -0.237861
0.788384 0.000000 -0.229047
0.788384 -0.010000 -0.229047
0.771899 0.000000 -0.220931
0.771899 -0.010000 -0.220931
0.754858 0.000000 -0.213568
0.754858 -0.010000 -0.213568
0.737310 0.000000 -0.207008
0.737310 -0.010000 -0.207008
0.719312 0.000000 -0.201299
0.719312 -0.010000 -0.201299
0.700927 0.000000 -0.196481
0.700927 -0.010000 -0.196481
0.682220 0.000000 -0.192590
0.682220 -0.010000 -0.192590
0.663262 0.000000 -0.189655
0.663262 -0.010000 -0.189655
0.644128 0.000000 -0.187697
0.644128 -0.010000 -0.187697
0.624891 0.000000 -0.186730
0.624891 -0.010000 -0.186730
0.605631 0.000000 -0.186759
0.605631 -0.010000 -0.186759
0.586423 0.000000 -0.187783
0.586423 -0.010000 -0.187783
0.567345 0.000000 -0.189791
0.567345 -0.010000 -0.189791
0.548471 0.000000 -0.192766
0.548471 -0.010000 -0.192766
0.529872 0.000000 -0.196683
0.529872 -0.010000 -0.196683
0.511618 0.000000 -0.201509
0.511618 -0.010000 -0.201509
0.493772 0.000000 -0.207206
0.493772 -0.010000 -0.207206
0.476392 0.000000 -0.213731
0.476392 -0.010000 -0.213731
0.459531 0.000000 -0.221034
0.459531 -0.010000 -0.221034
0.443237 0.000000 -0.229064
0.443237 -0.010000 -0.229064
0.427549 0.000000 -0.237765
0.427549 -0.010000 -0.237765
0.412502 0.000000 -0.247079
0.412502 -0.010000 -0.247079
0.398124 0.000000 -0.256947
0.398124 -0.010000 -0.256947
0.384436 0.000000 -0.267309
0.384436 -0.010000 -0.267309
0.371454 0.000000 -0.278107
0.371454 -0.010000 -0.278107
0.359186 0.000000 -0.289280
0.359186 -0.010000 -0.289280
0.359186 0.000000 -0.289280
0.347429 0.000000 -0.300989
0.336012 0.000000 -0.313430
0.324995 0.000000 -0.326597
0.314439 0.000000 -0.340477
0.304403 0.000000 -0.355053
0.294949 0.000000 -0.370298
0.286135 0.000000 -0.386182
0.278019 0.000000 -0.402667
0.270655 0.000000 -0.419709
0.264096 0.000000 -0.437257
0.258386 0.000000 -0.455254
0.253569 0.000000 -0.473639
0.249678 0.000000 -0.492346
0.246743 0.000000 -0.511304
0.244785 0.000000 -0.530439
0.243818 0.000000 -0.549675
0.243847 0.000000 -0.568936
0.244871 0.000000 -0.588144
0.246879 0.000000 -0.607222
0.249854 0.000000 -0.626096
0.253771 0.000000 -0.644694
0.258597 0.000000 -0.662948
0.264294 0.000000 -0.680795
0.270819 0.000000 -0.698175
0.278122 0.000000 -0.715035
0.286152 0.000000 -0.731330
0.294853 0.000000 -0.747018
0.304167 0.000000 -0.762064
0.314035 0.000000 -0.776442
0.324397 0.000000 -0.790130
0.335194 0.000000 -0.803113
0.358077 0.000000 -0.827138
0.370518 0.000000 -0.838554
0.383685 0.000000 -0.849571
0.397565 0.000000 -0.860128
0.412141 0.000000 -0.870163
0.427386 0.000000 -0.879618
0.443270 0.000000 -0.888432
0.459755 0.000000 -0.896548
0.476797 0.000000 -0.903911
0.494344 0.000000 -0.910471
0.512342 0.000000 -0.916180
0.530727 0.000000 -0.920998
0.549434 0.000000 -0.924888
0.568392 0.000000 -0.927823
0.587527 0.000000 -0.929781
0.606763 0.000000 -0.930749
0.626024 0.000000 -0.930719
0.645231 0.000000 -0.929696
0.664310 0.000000 -0.927687
0.683184 0.000000 -0.924712
0.701782 0.000000 -0.920796
0.720036 0.000000 -0.915970
0.737882 0.000000 -0.910273
0.755262 0.000000 -0.903748
0.772123 0.000000 -0.896444
0.788418 0.000000 -0.888414
0.804105 0.000000 -0.879714
0.819152 0.000000 -0.870400
0.833530 0.000000 -0.860532
0.847218 0.000000 -0.850169
0.860201 0.000000 -0.839372
0.884226 0.000000 -0.816490
0.895642 0.000000 -0.804049
0.906659 0.000000 -0.790882
0.917215 0.000000 -0.777001
0.927251 0.000000 -0.762426
0.936706 0.000000 -0.747181
0.945520 0.000000 -0.731297
0.953636 0.000000 -0.714812
0.960999 0.000000 -0.697770
0.967559 0.000000 -0.680222
0.973268 0.000000 -0.662225
0.978085 0.000000 -0.643839
0.981976 0.000000 -0.625133
0.984911 0.000000 -0.606175
0.986869 0.000000 -0.587040
0.987836 0.000000 -0.567803
0.987807 0.000000 -0.548543
0.986783 0.000000 -0.529335
0.984775 0.000000 -0.510257
0.981800 0.000000 -0.491383
0.977884 0.000000 -0.472785
0.973058 0.000000 -0.454531
0.967360 0.000000 -0.436684
0.960836 0.000000 -0.419304
0.953532 0.000000 -0.402443
0.945502 0.000000 -0.386149
0.936801 0.000000 -0.370461
0.927487 0.000000 -0.355415
0.917619 0.000000 -0.341036
0.907257 0.000000 -0.327349
0.896460 0.000000 -0.314366
0.873578 0.000000 -0.290341
0.861136 0.000000 -0.278924
0.847969 0.000000 -0.267908
0.834089 0.000000 -0.257351
0.819514 0.000000 -0.247315
0.804268 0.000000 -0.237861
0.788384 0.000000 -0.229047
0.771899 0.000000 -0.220931
0.754858 0.000000 -0.213568
0.737310 0.000000 -0.207008
0.719312 0.000000 -0.201299
0.700927 0.000000 -0.196481
0.682220 0.000000 -0.192590
0.663262 0.000000 -0.189655
0.644128 0.000000 -0.187697
0.624891 0.000000 -0.186730
0.605631 0.000000 -0.186759
0.586423 0.000000 -0.187783
0.567345 0.000000 -0.189791
0.548471 0.000000 -0.192766
0.529872 0.000000 -0.196683
0.511618 0.000000 -0.201509
0.493772 0.000000 -0.207206
0.476392 0.000000 -0.213731
0.459531 0.000000 -0.221034
0.443237 0.000000 -0.229064
0.427549 0.000000 -0.237765
0.412502 0.000000 -0.247079
0.398124 0.000000 -0.256947
0.384436 0.000000 -0.267309
0.371454 0.000000 -0.278107
0.359186 -0.010000 -0.289280
0.347429 -0.010000 -0.300989
0.336012 -0.010000 -0.313430
0.324995 -0.010000 -0.326597
0.314439 -0.010000 -0.340477
0.304403 -0.010000 -0.355053
0.294949 -0.010000 -0.370298
0.286135 -0.010000 -0.386182
0.278019 -0.010000 -0.402667
0.270655 -0.010000 -0.419709
0.264096 -0.010000 -0.437257
0.258386 -0.010000 -0.455254
0.253569 -0.010000 -0.473639
0.249678 -0.010000 -0.492346
0.246743 -0.010000 -0.511304
0.244785 -0.010000 -0.530439
0.243818 -0.010000 -0.549675
0.243847 -0.010000 -0.568936
0.244871 -0.010000 -0.588144
0.246879 -0.010000 -0.607222
0.249854 -0.010000 -0.626096
0.253771 -0.010000 -0.644694
0.258597 -0.010000 -0.662948
0.264294 -0.010000 -0.680795
0.270819 -0.010000 -0.698175
0.278122 -0.010000 -0.715035
0.286152 -0.010000 -0.731330
0.294853 -0.010000 -0.747018
0.304167 -0.010000 -0.762064
0.314035 -0.010000 -0.776442
0.324397 -0.010000 -0.790130
0.335194 -0.010000 -0.803113
0.358077 -0.010000 -0.827138
0.370518 -0.010000 -0.838554
0.383685 -0.010000 -0.849571
0.397565 -0.010000 -0.860128
0.412141 -0.010000 -0.870163
0.427386 -0.010000 -0.879618
0.443270 -0.010000 -0.888432
0.459755 -0.010000 -0.896548
0.476797 -0.010000 -0.903911
0.494344 -0.010000 -0.910471
0.512342 -0.010000 -0.916180
0.530727 -0.010000 -0.920998
0.549434 -0.010000 -0.924888
0.568392 -0.010000 -0.927823
0.587527 -0.010000 -0.929781
0.606763 -0.010000 -0.930749
0.626024 -0.010000 -0.930719
0.645231 -0.010000 -0.929696
0.664310 -0.010000 -0.927687
0.683184 -0.010000 -0.924712
0.701782 -0.010000 -0.920796
0.720036 -0.010000 -0.915970
0.737882 -0.010000 -0.910273
0.755262 -0.010000 -0.903748
0.772123 -0.010000 -0.896444
0.788418 -0.010000 -0.888414
0.804105 -0.010000 -0.879714
0.819152 -0.010000 -0.870400
0.833530 -0.010000 -0.860532
0.847218 -0.010000 -0.850169
0.860201 -0.010000 -0.839372
0.884226 -0.010000 -0.816490
0.895642 -0.010000 -0.804049
0.906659 -0.010000 -0.790882
0.917215 -0.010000 -0.777001
0.927251 -0.010000 -0.762426
0.936706 -0.010000 -0.747181
0.945520 -0.010000 -0.731297
0.953636 -0.010000 -0.714812
0.960999 -0.010000 -0.697770
0.967559 -0.010000 -0.680222
0.973268 -0.010000 -0.662225
0.978085 -0.010000 -0.643839
0.981976 -0.010000 -0.625133
0.984911 -0.010000 -0.606175
0.986869 -0.010000 -0.587040
0.987836 -0.010000 -0.567803
0.987807 -0.010000 -0.548543
0.986783 -0.010000 -0.529335
0.984775 -0.010000 -0.510257
0.981800 -0.010000 -0.491383
0.977884 -0.010000 -0.472785
0.973058 -0.010000 -0.454531
0.967360 -0.010000 -0.436684
0.960836 -0.010000 -0.419304
0.953532 -0.010000 -0.402443
0.945502 -0.010000 -0.386149
0.936801 -0.010000 -0.370461
0.927487 -0.010000 -0.355415
0.917619 -0.010000 -0.341036
0.907257 -0.010000 -0.327349
0.896460 -0.010000 -0.314366
0.873578 -0.010000 -0.290341
0.861136 -0.010000 -0.278924
0.847969 -0.010000 -0.267908
0.834089 -0.010000 -0.257351
0.819514 -0.010000 -0.247315
0.804268 -0.010000 -0.237861
0.788384 -0.010000 -0.229047
0.771899 -0.010000 -0.220931
0.754858 -0.010000 -0.213568
0.737310 -0.010000 -0.207008
0.719312 -0.010000 -0.201299
0.700927 -0.010000 -0.196481
0.682220 -0.010000 -0.192590
0.663262 -0.010000 -0.189655
0.644128 -0.010000 -0.187697
0.624891 -0.010000 -0.186730
0.605631 -0.010000 -0.186759
0.586423 -0.010000 -0.187783
0.567345 -0.010000 -0.189791
0.548471 -0.010000 -0.192766
0.529872 -0.010000 -0.196683
0.511618 -0.010000 -0.201509
0.493772 -0.010000 -0.207206
0.476392 -0.010000 -0.213731
0.459531 -0.010000 -0.221034
0.443237 -0.010000 -0.229064
0.427549 -0.010000 -0.237765
0.412502 -0.010000 -0.247079
0.398124 -0.010000 -0.256947
0.384436 -0.010000 -0.267309
0.371454 -0.010000 -0.278107
0.264686 0.062119 -0.262979
0.264686 0.072329 -0.262979
0.254782 0.062119 -0.252980
0.254782 0.072329 -0.252980
0.254782 0.062119 -0.252980
0.254782 0.072329 -0.252980
0.258616 0.062119 -0.248500
0.258616 0.072329 -0.248500
0.260821 0.062119 -0.245961
0.260821 0.072329 -0.245961
0.263119 0.062119 -0.243348
0.263119 0.072329 -0.243348
0.265436 0.062119 -0.240753
0.265436 0.072329 -0.240753
0.267697 0.062119 -0.238268
0.267697 0.072329 -0.238268
0.269827 0.062119 -0.235986
0.269827 0.072329 -0.235986
0.270820 0.062119 -0.234951
0.270820 0.072329 -0.234951
0.271753 0.062119 -0.234000
0.271753 0.072329 -0.234000
0.271753 0.062119 -0.234000
0.271753 0.072329 -0.234000
0.281935 0.062119 -0.243610
0.281935 0.072329 -0.243610
0.281935 0.062119 -0.243610
0.281935 0.072329 -0.243610
0.280079 0.062119 -0.245597
0.280079 0.072329 -0.245597
0.278032 0.062119 -0.247828
0.278032 0.072329 -0.247828
0.275848 0.062119 -0.250242
0.275848 0.072329 -0.250242
0.273577 0.062119 -0.252780
0.273577 0.072329 -0.252780
0.271273 0.062119 -0.255382
0.271273 0.072329 -0.255382
0.268988 0.062119 -0.257989
0.268988 0.072329 -0.257989
0.266775 0.062119 -0.260541
0.266775 0.072329 -0.260541
0.264686 0.062119 -0.262979
0.264686 0.072329 -0.262979
0.264686 0.062119 -0.262979
0.254782 0.062119 -0.252980
0.258616 0.062119 -0.248500
0.260821 0.062119 -0.245961
0.263119 0.062119 -0.243348
0.265436 0.062119 -0.240753
0.267697 0.062119 -0.238268
0.269827 0.062119 -0.235986
0.270820 0.062119 -0.234951
0.271753 0.062119 -0.234000
0.281935 0.062119 -0.243610
0.280079 0.062119 -0.245597
0.278032 0.062119 -0.247828
0.275848 0.062119 -0.250242
0.273577 0.062119 -0.252780
0.271273 0.062119 -0.255382
0.268988 0.062119 -0.257989
0.266775 0.062119 -0.260541
0.264686 0.072329 -0.262979
0.254782 0.072329 -0.252980
0.258616 0.072329 -0.248500
0.260821 0.072329 -0.245961
0.263119 0.072329 -0.243348
0.265436 0.072329 -0.240753
0.267697 0.072329 -0.238268
0.269827 0.072329 -0.235986
0.270820 0.072329 -0.234951
0.271753 0.072329 -0.234000
0.281935 0.072329 -0.243610
0.280079 0.072329 -0.245597
0.278032 0.072329 -0.247828
0.275848 0.072329 -0.250242
0.273577 0.072329 -0.252780
0.271273 0.072329 -0.255382
0.268988 0.072329 -0.257989
0.266775 0.072329 -0.260541
0.264686 0.525031 -0.262979
0.264686 0.535241 -0.262979
0.254782 0.525031 -0.252980
0.254782 0.535241 -0.252980
0.254782 0.525031 -0.252980
0.254782 0.535241 -0.252980
0.258616 0.525031 -0.248500
0.258616 0.535241 -0.248500
0.260821 0.525031 -0.245961
0.260821 0.535241 -0.245961
0.263119 0.525031 -0.243348
0.263119 0.535241 -0.243348
0.265436 0.525031 -0.240753
0.265436 0.535241 -0.240753
0.267697 0.525031 -0.238268
0.267697 0.535241 -0.238268
0.269827 0.525031 -0.235986
0.269827 0.535241 -0.235986
0.270820 0.525031 -0.234951
0.270820 0.535241 -0.234951
0.271753 0.525031 -0.234000
0.271753 0.535241 -0.234000
0.271753 0.525031 -0.234000
0.271753 0.535241 -0.234000
0.281935 0.525031 -0.243610
0.281935 0.535241 -0.243610
0.281935 0.525031 -0.243610
0.281935 0.535241 -0.243610
0.280079 0.525031 -0.245597
0.280079 0.535241 -0.245597
0.278032 0.525031 -0.247828
0.278032 0.535241 -0.247828
0.275848 0.525031 -0.250242
0.275848 0.535241 -0.250242
0.273577 0.525031 -0.252780
0.273577 0.535241 -0.252780
0.271273 0.525031 -0.255382
0.271273 0.535241 -0.255382
0.268988 0.525031 -0.257989
0.268988 0.535241 -0.257989
0.266775 0.525031 -0.260541
0.266775 0.535241 -0.260541
0.264686 0.525031 -0.262979
0.264686 0.535241 -0.262979
0.264686 0.525031 -0.262979
0.254782 0.525031 -0.252980
0.258616 0.525031 -0.248500
0.260821 0.525031 -0.245961
0.263119 0.525031 -0.243348
0.265436 0.525031 -0.240753
0.267697 0.525031 -0.238268
0.269827 0.525031 -0.235986
0.270820 0.525031 -0.234951
0.271753 0.525031 -0.234000
0.281935 0.525031 -0.243610
0.280079 0.525031 -0.245597
0.278032 0.525031 -0.247828
0.275848 0.525031 -0.250242
0.273577 0.525031 -0.252780
0.271273 0.525031 -0.255382
0.268988 0.525031 -0.257989
0.266775 0.525031 -0.260541
0.264686 0.535241 -0.262979
0.254782 0.535241 -0.252980
0.258616 0.535241 -0.248500
0.260821 0.535241 -0.245961
0.263119 0.535241 -0.243348
0.265436 0.535241 -0.240753
0.267697 0.535241 -0.238268
0.269827 0.535241 -0.235986
0.270820 0.535241 -0.234951
0.271753 0.535241 -0.234000
0.281935 0.535241 -0.243610
0.280079 0.535241 -0.245597
0.278032 0.535241 -0.247828
0.275848 0.535241 -0.250242
0.273577 0.535241 -0.252780
0.271273 0.535241 -0.255382
0.268988 0.535241 -0.257989
0.266775 0.535241 -0.260541
0.264686 0.282228 -0.262979
0.264686 0.292438 -0.262979
0.254782 0.282228 -0.252980
0.254782 0.292438 -0.252980
0.254782 0.282228 -0.252980
0.254782 0.292438 -0.252980
0.258616 0.282228 -0.248500
0.258616 0.292438 -0.248500
0.260821 0.282228 -0.245961
0.260821 0.292438 -0.245961
0.263119 0.282228 -0.243348
0.263119 0.292438 -0.243348
0.265436 0.282228 -0.240753
0.265436 0.292438 -0.240753
0.267697 0.282228 -0.238268
0.267697 0.292438 -0.238268
0.269827 0.282228 -0.235986
0.269827 0.292438 -0.235986
0.270820 0.282228 -0.234951
0.270820 0.292438 -0.234951
0.271753 0.282228 -0.234000
0.271753 0.292438 -0.234000
0.271753 0.282228 -0.234000
0.271753 0.292438 -0.234000
0.281935 0.282228 -0.243610
0.281935 0.292438 -0.243610
0.281935 0.282228 -0.243610
0.281935 0.292438 -0.243610
0.280079 0.282228 -0.245597
0.280079 0.292438 -0.245597
0.278032 0.282228 -0.247828
0.278032 0.292438 -0.247828
0.275848 0.282228 -0.250242
0.275848 0.292438 -0.250242
0.273577 0.282228 -0.252780
0.273577 0.292438 -0.252780
0.271273 0.282228 -0.255382
0.271273 0.292438 -0.255382
0.268988 0.282228 -0.257989
0.268988 0.292438 -0.257989
0.266775 0.282228 -0.260541
0.266775 0.292438 -0.260541
0.264686 0.282228 -0.262979
0.264686 0.292438 -0.262979
0.264686 0.282228 -0.262979
0.254782 0.282228 -0.252980
0.258616 0.282228 -0.248500
0.260821 0.282228 -0.245961
0.263119 0.282228 -0.243348
0.265436 0.282228 -0.240753
0.267697 0.282228 -0.238268
0.269827 0.282228 -0.235986
0.270820 0.282228 -0.234951
0.271753 0.282228 -0.234000
0.281935 0.282228 -0.243610
0.280079 0.282228 -0.245597
0.278032 0.282228 -0.247828
0.275848 0.282228 -0.250242
0.273577 0.282228 -0.252780
0.271273 0.282228 -0.255382
0.268988 0.282228 -0.257989
0.266775 0.282228 -0.260541
0.264686 0.292438 -0.262979
0.254782 0.292438 -0.252980
0.258616 0.292438 -0.248500
0.260821 0.292438 -0.245961
0.263119 0.292438 -0.243348
0.265436 0.292438 -0.240753
0.267697 0.292438 -0.238268
0.269827 0.292438 -0.235986
0.270820 0.292438 -0.234951
0.271753 0.292438 -0.234000
0.281935 0.292438 -0.243610
0.280079 0.292438 -0.245597
0.278032 0.292438 -0.247828
0.275848 0.292438 -0.250242
0.273577 0.292438 -0.252780
0.271273 0.292438 -0.255382
0.268988 0.292438 -0.257989
0.266775 0.292438 -0.260541
0.264686 0.402499 -0.262979
0.264686 0.412709 -0.262979
0.254782 0.402499 -0.252980
0.254782 0.412709 -0.252980
0.254782 0.402499 -0.252980
0.254782 0.412709 -0.252980
0.258616 0.402499 -0.248500
0.258616 0.412709 -0.248500
0.260821 0.402499 -0.245961
0.260821 0.412709 -0.245961
0.263119 0.402499 -0.243348
0.263119 0.412709 -0.243348
0.265436 0.402499 -0.240753
0.265436 0.412709 -0.240753
0.267697 0.402499 -0.238268
0.267697 0.412709 -0.238268
0.269827 0.402499 -0.235986
0.269827 0.412709 -0.235986
0.270820 0.402499 -0.234951
0.270820 0.412709 -0.234951
0.271753 0.402499 -0.234000
0.271753 0.412709 -0.234000
0.271753 0.402499 -0.234000
0.271753 0.412709 -0.234000
0.281935 0.402499 -0.243610
0.281935 0.412709 -0.243610
0.281935 0.402499 -0.243610
0.281935 0.412709 -0.243610
0.280079 0.402499 -0.245597
0.280079 0.412709 -0.245597
0.278032 0.402499 -0.247828
0.278032 0.412709 -0.247828
0.275848 0.402499 -0.250242
0.275848 0.412709 -0.250242
0.273577 0.402499 -0.252780
0.273577 0.412709 -0.252780
0.271273 0.402499 -0.255382
0.271273 0.412709 -0.255382
0.268988 0.402499 -0.257989
0.268988 0.412709 -0.257989
0.266775 0.402499 -0.260541
0.266775 0.412709 -0.260541
0.264686 0.402499 -0.262979
0.264686 0.412709 -0.262979
0.264686 0.402499 -0.262979
0.254782 0.402499 -0.252980
0.258616 0.402499 -0.248500
0.260821 0.402499 -0.245961
0.263119 0.402499 -0.243348
0.265436 0.402499 -0.240753
0.267697 0.402499 -0.238268
0.269827 0.402499 -0.235986
0.270820 0.402499 -0.234951
0.271753 0.402499 -0.234000
0.281935 0.402499 -0.243610
0.280079 0.402499 -0.245597
0.278032 0.402499 -0.247828
0.275848 0.402499 -0.250242
0.273577 0.402499 -0.252780
0.271273 0.402499 -0.255382
0.268988 0.402499 -0.257989
0.266775 0.402499 -0.260541
0.264686 0.412709 -0.262979
0.254782 0.412709 -0.252980
0.258616 0.412709 -0.248500
0.260821 0.412709 -0.245961
0.263119 0.412709 -0.243348
0.265436 0.412709 -0.240753
0.267697 0.412709 -0.238268
0.269827 0.412709 -0.235986
0.270820 0.412709 -0.234951
0.271753 0.412709 -0.234000
0.281935 0.412709 -0.243610
0.280079 0.412709 -0.245597
0.278032 0.412709 -0.247828
0.275848 0.412709 -0.250242
0.273577 0.412709 -0.252780
0.271273 0.412709 -0.255382
0.268988 0.412709 -0.257989
0.266775 0.412709 -0.260541
0.264686 0.142371 -0.262979
0.264686 0.152581 -0.262979
0.254782 0.142371 -0.252980
0.254782 0.152581 -0.252980
0.254782 0.142371 -0.252980
0.254782 0.152581 -0.252980
0.258616 0.142371 -0.248500
0.258616 0.152581 -0.248500
0.260821 0.142371 -0.245961
0.260821 0.152581 -0.245961
0.263119 0.142371 -0.243348
0.263119 0.152581 -0.243348
0.265436 0.142371 -0.240753
0.265436 0.152581 -0.240753
0.267697 0.142371 -0.238268
0.267697 0.152581 -0.238268
0.269827 0.142371 -0.235986
0.269827 0.152581 -0.235986
0.270820 0.142371 -0.234951
0.270820 0.152581 -0.234951
0.271753 0.142371 -0.234000
0.271753 0.152581 -0.234000
0.271753 0.142371 -0.234000
0.271753 0.152581 -0.234000
0.281935 0.142371 -0.243610
0.281935 0.152581 -0.243610
0.281935 0.142371 -0.243610
0.281935 0.152581 -0.243610
0.280079 0.142371 -0.245597
0.280079 0.152581 -0.245597
0.278032 0.142371 -0.247828
0.278032 0.152581 -0.247828
0.275848 0.142371 -0.250242
0.275848 0.152581 -0.250242
0.273577 0.142371 -0.252780
0.273577 0.152581 -0.252780
0.271273 0.142371 -0.255382
0.271273 0.152581 -0.255382
0.268988 0.142371 -0.257989
0.268988 0.152581 -0.257989
0.266775 0.142371 -0.260541
0.266775 0.152581 -0.260541
0.264686 0.142371 -0.262979
0.264686 0.152581 -0.262979
0.264686 0.142371 -0.262979
0.254782 0.142371 -0.252980
0.258616 0.142371 -0.248500
0.260821 0.142371 -0.245961
0.263119 0.142371 -0.243348
0.265436 0.142371 -0.240753
0.267697 0.142371 -0.238268
0.269827 0.142371 -0.235986
0.270820 0.142371 -0.234951
0.271753 0.142371 -0.234000
0.281935 0.142371 -0.243610
0.280079 0.142371 -0.245597
0.278032 0.142371 -0.247828
0.275848 0.142371 -0.250242
0.273577 0.142371 -0.252780
0.271273 0.142371 -0.255382
0.268988 0.142371 -0.257989
0.266775 0.142371 -0.260541
0.264686 0.152581 -0.262979
0.254782 0.152581 -0.252980
0.258616 0.152581 -0.248500
0.260821 0.152581 -0.245961
0.263119 0.152581 -0.243348
0.265436 0.152581 -0.240753
0.267697 0.152581 -0.238268
0.269827 0.152581 -0.235986
0.270820 0.152581 -0.234951
0.271753 0.152581 -0.234000
0.281935 0.152581 -0.243610
0.280079 0.152581 -0.245597
0.278032 0.152581 -0.247828
0.275848 0.152581 -0.250242
0.273577 0.152581 -0.252780
0.271273 0.152581 -0.255382
0.268988 0.152581 -0.257989
0.266775 0.152581 -0.260541
0.264686 0.592241 -0.262979
0.264686 0.602450 -0.262979
0.254782 0.592241 -0.252980
0.254782 0.602450 -0.252980
0.254782 0.592241 -0.252980
0.254782 0.602450 -0.252980
0.258616 0.592241 -0.248500
0.258616 0.602450 -0.248500
0.260821 0.592241 -0.245961
0.260821 0.602450 -0.245961
0.263119 0.592241 -0.243348
0.263119 0.602450 -0.243348
0.265436 0.592241 -0.240753
0.265436 0.602450 -0.240753
0.267697 0.592241 -0.238268
0.267697 0.602450 -0.238268
0.269827 0.592241 -0.235986
0.269827 0.602450 -0.235986
0.270820 0.592241 -0.234951
0.270820 0.602450 -0.234951
0.271753 0.592241 -0.234000
0.271753 0.602450 -0.234000
0.271753 0.592241 -0.234000
0.271753 0.602450 -0.234000
0.281935 0.592241 -0.243610
0.281935 0.602450 -0.243610
0.281935 0.592241 -0.243610
0.281935 0.602450 -0.243610
0.280079 0.592241 -0.245597
0.280079 0.602450 -0.245597
0.278032 0.592241 -0.247828
0.278032 0.602450 -0.247828
0.275848 0.592241 -0.250242
0.275848 0.602450 -0.250242
0.273577 0.592241 -0.252780
0.273577 0.602450 -0.252780
0.271273 0.592241 -0.255382
0.271273 0.602450 -0.255382
0.268988 0.592241 -0.257989
0.268988 0.602450 -0.257989
0.266775 0.592241 -0.260541
0.266775 0.602450 -0.260541
0.264686 0.592241 -0.262979
0.264686 0.602450 -0.262979
0.264686 0.592241 -0.262979
0.254782 0.592241 -0.252980
0.258616 0.592241 -0.248500
0.260821 0.592241 -0.245961
0.263119 0.592241 -0.243348
0.265436 0.592241 -0.240753
0.267697 0.592241 -0.238268
0.269827 0.592241 -0.235986
0.270820 0.592241 -0.234951
0.271753 0.592241 -0.234000
0.281935 0.592241 -0.243610
0.280079 0.592241 -0.245597
0.278032 0.592241 -0.247828
0.275848 0.592241 -0.250242
0.273577 0.592241 -0.252780
0.271273 0.592241 -0.255382
0.268988 0.592241 -0.257989
0.266775 0.592241 -0.260541
0.264686 0.602450 -0.262979
0.254782 0.602450 -0.252980
0.258616 0.602450 -0.248500
0.260821 0.602450 -0.245961
0.263119 0.602450 -0.243348
0.265436 0.602450 -0.240753
0.267697 0.602450 -0.238268
0.269827 0.602450 -0.235986
0.270820 0.602450 -0.234951
0.271753 0.602450 -0.234000
0.281935 0.602450 -0.243610
0.280079 0.602450 -0.245597
0.278032 0.602450 -0.247828
0.275848 0.602450 -0.250242
0.273577 0.602450 -0.252780
0.271273 0.602450 -0.255382
0.268988 0.602450 -0.257989
0.266775 0.602450 -0.260541
0.281935 0.000000 -0.243610
0.281935 0.602450 -0.243610
0.271753 0.000000 -0.234000
0.271753 0.602450 -0.234000
0.271753 0.000000 -0.234000
0.271753 0.602450 -0.234000
0.289529 0.000000 -0.216144
0.289529 0.602450 -0.216144
0.289529 0.000000 -0.216144
0.289529 0.602450 -0.216144
0.359186 0.000000 -0.289280
0.359186 0.602450 -0.289280
0.359186 0.000000 -0.289280
0.359186 0.602450 -0.289280
0.365221 0.000000 -0.283658
0.365221 0.602450 -0.283658
0.365221 0.000000 -0.283658
0.365221 0.602450 -0.283658
0.374649 0.000000 -0.294008
0.374649 0.602450 -0.294008
0.374649 0.000000 -0.294008
0.374649 0.602450 -0.294008
0.366536 0.000000 -0.301633
0.366536 0.602450 -0.301633
0.358652 0.000000 -0.309519
0.358652 0.602450 -0.309519
0.351010 0.000000 -0.317655
0.351010 0.602450 -0.317655
0.343622 0.000000 -0.326029
0.343622 0.602450 -0.326029
0.336499 0.000000 -0.334629
0.336499 0.602450 -0.334629
0.329650 0.000000 -0.343443
0.329650 0.602450 -0.343443
0.323086 0.000000 -0.352457
0.323086 0.602450 -0.352457
0.316815 0.000000 -0.361657
0.316815 0.602450 -0.361657
0.316815 0.000000 -0.361657
0.316815 0.602450 -0.361657
0.305125 0.000000 -0.353953
0.305125 0.602450 -0.353953
0.305125 0.000000 -0.353953
0.305125 0.602450 -0.353953
0.309359 0.000000 -0.347669
0.309359 0.602450 -0.347669
0.309359 0.000000 -0.347669
0.309359 0.602450 -0.347669
0.282746 0.000000 -0.327154
0.282746 0.602450 -0.327154
0.282746 0.000000 -0.327154
0.282746 0.602450 -0.327154
0.298930 0.000000 -0.304656
0.298930 0.602450 -0.304656
0.298930 0.000000 -0.304656
0.298930 0.602450 -0.304656
0.261458 0.000000 -0.266825
0.261458 0.602450 -0.266825
0.261458 0.000000 -0.266825
0.261458 0.602450 -0.266825
0.254156 0.000000 -0.275924
0.254156 0.602450 -0.275924
0.247070 0.000000 -0.285226
0.247070 0.602450 -0.285226
0.240211 0.000000 -0.294725
0.240211 0.602450 -0.294725
0.233586 0.000000 -0.304412
0.233586 0.602450 -0.304412
0.227202 0.000000 -0.314277
0.227202 0.602450 -0.314277
0.221067 0.000000 -0.324313
0.221067 0.602450 -0.324313
0.215187 0.000000 -0.334510
0.215187 0.602450 -0.334510
0.209569 0.000000 -0.344857
0.209569 0.602450 -0.344857
0.204218 0.000000 -0.355345
0.204218 0.602450 -0.355345
0.199140 0.000000 -0.365964
0.199140 0.602450 -0.365964
0.194338 0.000000 -0.376702
0.194338 0.602450 -0.376702
0.189817 0.000000 -0.387548
0.189817 0.602450 -0.387548
0.185581 0.000000 -0.398493
0.185581 0.602450 -0.398493
0.181632 0.000000 -0.409523
0.181632 0.602450 -0.409523
0.177973 0.000000 -0.420630
0.177973 0.602450 -0.420630
0.174605 0.000000 -0.431800
0.174605 0.602450 -0.431800
0.174605 0.000000 -0.431800
0.174605 0.602450 -0.431800
0.184446 0.000000 -0.434309
0.184446 0.602450 -0.434309
0.184446 0.000000 -0.434309
0.184446 0.602450 -0.434309
0.180988 0.000000 -0.447875
0.180988 0.602450 -0.447875
0.180988 0.000000 -0.447875
0.180988 0.602450 -0.447875
0.157373 0.000000 -0.441854
0.157373 0.602450 -0.441854
0.157373 0.000000 -0.441854
0.157373 0.602450 -0.441854
0.160840 0.000000 -0.429012
0.160840 0.602450 -0.429012
0.164678 0.000000 -0.416237
0.164678 0.602450 -0.416237
0.168886 0.000000 -0.403544
0.168886 0.602450 -0.403544
0.173459 0.000000 -0.390951
0.173459 0.602450 -0.390951
0.178396 0.000000 -0.378472
0.178396 0.602450 -0.378472
0.183691 0.000000 -0.366123
0.183691 0.602450 -0.366123
0.189340 0.000000 -0.353920
0.189340 0.602450 -0.353920
0.195336 0.000000 -0.341877
0.195336 0.602450 -0.341877
0.201671 0.000000 -0.330010
0.201671 0.602450 -0.330010
0.208339 0.000000 -0.318332
0.208339 0.602450 -0.318332
0.215330 0.000000 -0.306858
0.215330 0.602450 -0.306858
0.222635 0.000000 -0.295600
0.222635 0.602450 -0.295600
0.230244 0.000000 -0.284572
0.230244 0.602450 -0.284572
0.238146 0.000000 -0.273785
0.238146 0.602450 -0.273785
0.246329 0.000000 -0.263251
0.246329 0.602450 -0.263251
0.254782 0.000000 -0.252980
0.254782 0.602450 -0.252980
0.254782 0.000000 -0.252980
0.254782 0.602450 -0.252980
0.305458 0.000000 -0.304143
0.305458 0.602450 -0.304143
0.305458 0.000000 -0.304143
0.305458 0.602450 -0.304143
0.289629 0.000000 -0.326147
0.289629 0.602450 -0.326147
0.289629 0.000000 -0.326147
0.289629 0.602450 -0.326147
0.312226 0.000000 -0.343566
0.312226 0.602450 -0.343566
0.312226 0.000000 -0.343566
0.312226 0.602450 -0.343566
0.320818 0.000000 -0.331929
0.320818 0.602450 -0.331929
0.329863 0.000000 -0.320626
0.329863 0.602450 -0.320626
0.339341 0.000000 -0.309684
0.339341 0.602450 -0.309684
0.349230 0.000000 -0.299126
0.349230 0.602450 -0.299126
0.349230 0.000000 -0.299126
0.349230 0.602450 -0.299126
0.289194 0.000000 -0.236091
0.289194 0.602450 -0.236091
0.289194 0.000000 -0.236091
0.289194 0.602450 -0.236091
0.281935 0.000000 -0.243610
0.281935 0.602450 -0.243610
0.281935 0.000000 -0.243610
0.271753 0.000000 -0.234000
0.289529 0.000000 -0.216144
0.359186 0.000000 -0.289280
0.365221 0.000000 -0.283658
0.374649 0.000000 -0.294008
0.366536 0.000000 -0.301633
0.358652 0.000000 -0.309519
0.351010 0.000000 -0.317655
0.343622 0.000000 -0.326029
0.336499 0.000000 -0.334629
0.329650 0.000000 -0.343443
0.323086 0.000000 -0.352457
0.316815 0.000000 -0.361657
0.305125 0.000000 -0.353953
0.309359 0.000000 -0.347669
0.282746 0.000000 -0.327154
0.298930 0.000000 -0.304656
0.261458 0.000000 -0.266825
0.254156 0.000000 -0.275924
0.247070 0.000000 -0.285226
0.240211 0.000000 -0.294725
0.233586 0.000000 -0.304412
0.227202 0.000000 -0.314277
0.221067 0.000000 -0.324313
0.215187 0.000000 -0.334510
0.209569 0.000000 -0.344857
0.204218 0.000000 -0.355345
0.199140 0.000000 -0.365964
0.194338 0.000000 -0.376702
0.189817 0.000000 -0.387548
0.185581 0.000000 -0.398493
0.181632 0.000000 -0.409523
0.177973 0.000000 -0.420630
0.174605 0.000000 -0.431800
0.184446 0.000000 -0.434309
0.180988 0.000000 -0.447875
0.157373 0.000000 -0.441854
0.160840 0.000000 -0.429012
0.164678 0.000000 -0.416237
0.168886 0.000000 -0.403544
0.173459 0.000000 -0.390951
0.178396 0.000000 -0.378472
0.183691 0.000000 -0.366123
0.189340 0.000000 -0.353920
0.195336 0.000000 -0.341877
0.201671 0.000000 -0.330010
0.208339 0.000000 -0.318332
0.215330 0.000000 -0.306858
0.222635 0.000000 -0.295600
0.230244 0.000000 -0.284572
0.238146 0.000000 -0.273785
0.246329 0.000000 -0.263251
0.254782 0.000000 -0.252980
0.305458 0.000000 -0.304143
0.289629 0.000000 -0.326147
0.312226 0.000000 -0.343566
0.320818 0.000000 -0.331929
0.329863 0.000000 -0.320626
0.339341 0.000000 -0.309684
0.349230 0.000000 -0.299126
0.289194 0.000000 -0.236091
0.281935 0.602450 -0.243610
0.271753 0.602450 -0.234000
0.289529 0.602450 -0.216144
0.359186 0.602450 -0.289280
0.365221 0.602450 -0.283658
0.374649 0.602450 -0.294008
0.366536 0.602450 -0.301633
0.358652 0.602450 -0.309519
0.351010 0.602450 -0.317655
0.343622 0.602450 -0.326029
0.336499 0.602450 -0.334629
0.329650 0.602450 -0.343443
0.323086 0.602450 -0.352457
0.316815 0.602450 -0.361657
0.305125 0.602450 -0.353953
0.309359 0.602450 -0.347669
0.282746 0.602450 -0.327154
0.298930 0.602450 -0.304656
0.261458 0.602450 -0.266825
0.254156 0.602450 -0.275924
0.247070 0.602450 -0.285226
0.240211 0.602450 -0.294725
0.233586 0.602450 -0.304412
0.227202 0.602450 -0.314277
0.221067 0.602450 -0.324313
0.215187 0.602450 -0.334510
0.209569 0.602450 -0.344857
0.204218 0.602450 -0.355345
0.199140 0.602450 -0.365964
0.194338 0.602450 -0.376702
0.189817 0.602450 -0.387548
0.185581 0.602450 -0.398493
0.181632 0.602450 -0.409523
0.177973 0.602450 -0.420630
0.174605 0.602450 -0.431800
0.184446 0.602450 -0.434309
0.180988 0.602450 -0.447875
0.157373 0.602450 -0.441854
0.160840 0.602450 -0.429012
0.164678 0.602450 -0.416237
0.168886 0.602450 -0.403544
0.173459 0.602450 -0.390951
0.178396 0.602450 -0.378472
0.183691 0.602450 -0.366123
0.189340 0.602450 -0.353920
0.195336 0.602450 -0.341877
0.201671 0.602450 -0.330010
0.208339 0.602450 -0.318332
0.215330 0.602450 -0.306858
0.222635 0.602450 -0.295600
0.230244 0.602450 -0.284572
0.238146 0.602450 -0.273785
0.246329 0.602450 -0.263251
0.254782 0.602450 -0.252980
0.305458 0.602450 -0.304143
0.289629 0.602450 -0.326147
0.312226 0.602450 -0.343566
0.320818 0.602450 -0.331929
0.329863 0.602450 -0.320626
0.339341 0.602450 -0.309684
0.349230 0.602450 -0.299126
0.289194 0.602450 -0.236091
